valid_time,forecast_temperature_2m,forecast_apparent_temperature,forecast_weather_code
2024-01-20 12:00:00+00:00,3.34,-0.24,0.0
2024-01-20 13:00:00+00:00,4.4399999999999995,0.9,0.0
2024-01-20 14:00:00+00:00,5.12,1.56,0.0
2024-01-20 15:00:00+00:00,5.38,1.8200000000000003,0.0
2024-01-20 16:00:00+00:00,4.859999999999999,1.36,0.0
2024-01-20 17:00:00+00:00,3.5,0.16,0.0
2024-01-20 18:00:00+00:00,2.32,-1.1,0.0
2024-01-20 19:00:00+00:00,1.4,-2.08,0.0
2024-01-20 20:00:00+00:00,0.76,-2.7600000000000002,0.0
2024-01-20 21:00:00+00:00,0.3,-3.22,0.0
2024-01-20 22:00:00+00:00,0.09999999999999995,-3.54,0.0
2024-01-20 23:00:00+00:00,0.22000000000000003,-3.5200000000000005,3.0
2024-01-21 00:00:00+00:00,-0.64,-4.42,3.0
2024-01-21 01:00:00+00:00,-0.32000000000000006,-4.2,3.0
2024-01-21 02:00:00+00:00,-0.040000000000000036,-3.96,3.0
2024-01-21 03:00:00+00:00,0.24000000000000005,-3.8200000000000003,3.0
2024-01-21 04:00:00+00:00,0.44000000000000006,-3.4799999999999995,3.0
2024-01-21 05:00:00+00:00,0.58,-3.5,3.0
2024-01-21 06:00:00+00:00,1.8,-1.8399999999999999,2.0
2024-01-21 07:00:00+00:00,2.1,-1.6199999999999999,3.0
2024-01-21 08:00:00+00:00,2.88,-0.5800000000000001,3.0
2024-01-21 09:00:00+00:00,3.88,0.5399999999999998,3.0
2024-01-21 10:00:00+00:00,5.5,2.3,3.0
2024-01-21 11:00:00+00:00,7.739999999999999,4.64,3.0
2024-01-21 12:00:00+00:00,9.879999999999999,6.459999999999999,3.0
2024-01-21 13:00:00+00:00,11.219999999999999,7.880000000000001,3.0
2024-01-21 14:00:00+00:00,11.879999999999999,8.78,2.0
2024-01-21 15:00:00+00:00,12.02,8.9,1.0
2024-01-21 16:00:00+00:00,11.280000000000001,8.42,0.0
2024-01-21 17:00:00+00:00,9.879999999999999,7.12,0.0
2024-01-21 18:00:00+00:00,8.86,5.96,1.0
2024-01-21 19:00:00+00:00,7.659999999999999,4.6,0.0
2024-01-21 20:00:00+00:00,6.9,3.6,2.0
2024-01-21 21:00:00+00:00,6.62,3.08,3.0
2024-01-21 22:00:00+00:00,6.640000000000001,2.98,3.0
2024-01-21 23:00:00+00:00,6.9799999999999995,3.04,3.0
2024-01-22 00:00:00+00:00,6.839999999999999,2.6399999999999997,3.0
2024-01-22 01:00:00+00:00,7.380000000000001,3.1399999999999997,3.0
2024-01-22 02:00:00+00:00,8.0,3.78,3.0
2024-01-22 03:00:00+00:00,8.28,4.14,3.0
2024-01-22 04:00:00+00:00,8.92,4.92,3.0
2024-01-22 05:00:00+00:00,9.34,5.3,61.0
2024-01-22 06:00:00+00:00,8.440000000000001,4.4399999999999995,3.0
2024-01-22 07:00:00+00:00,8.48,4.74,3.0
2024-01-22 08:00:00+00:00,9.0,5.32,3.0
2024-01-22 09:00:00+00:00,9.66,6.16,61.0
2024-01-22 10:00:00+00:00,10.74,7.42,61.0
2024-01-22 11:00:00+00:00,11.559999999999999,8.459999999999999,3.0
2024-01-22 12:00:00+00:00,11.7,8.66,3.0
2024-01-22 13:00:00+00:00,11.940000000000001,9.040000000000001,3.0
2024-01-22 14:00:00+00:00,12.14,9.42,3.0
2024-01-22 15:00:00+00:00,12.22,9.98,3.0
2024-01-22 16:00:00+00:00,12.120000000000001,10.059999999999999,3.0
2024-01-22 17:00:00+00:00,11.719999999999999,9.86,3.0
2024-01-22 18:00:00+00:00,11.58,9.780000000000001,3.0
2024-01-22 19:00:00+00:00,11.3,9.559999999999999,3.0
2024-01-22 20:00:00+00:00,10.940000000000001,9.36,3.0
2024-01-22 21:00:00+00:00,10.58,9.2,3.0
2024-01-22 22:00:00+00:00,10.18,8.76,3.0
2024-01-22 23:00:00+00:00,9.86,8.48,3.0
2024-01-23 00:00:00+00:00,10.34,9.22,3.0
2024-01-23 01:00:00+00:00,10.14,8.98,3.0
2024-01-23 02:00:00+00:00,9.76,8.58,3.0
2024-01-23 03:00:00+00:00,9.72,8.440000000000001,3.0
2024-01-23 04:00:00+00:00,9.64,8.2,3.0
2024-01-23 05:00:00+00:00,9.68,8.3,3.0
2024-01-23 06:00:00+00:00,8.9,7.159999999999999,3.0
2024-01-23 07:00:00+00:00,9.34,7.780000000000001,3.0
2024-01-23 08:00:00+00:00,9.6,8.120000000000001,3.0
2024-01-23 09:00:00+00:00,10.2,8.860000000000001,3.0
2024-01-23 10:00:00+00:00,11.36,10.18,3.0
2024-01-23 11:00:00+00:00,13.02,11.86,3.0
2024-01-23 12:00:00+00:00,14.459999999999999,13.12,3.0
2024-01-23 13:00:00+00:00,14.98,13.580000000000002,3.0
2024-01-23 14:00:00+00:00,15.040000000000001,13.76,3.0
2024-01-23 15:00:00+00:00,15.1,14.0,3.0
2024-01-23 16:00:00+00:00,14.64,13.780000000000001,3.0
2024-01-23 17:00:00+00:00,13.8,12.84,3.0
2024-01-23 18:00:00+00:00,12.58,11.5,3.0
2024-01-23 19:00:00+00:00,11.92,10.66,3.0
2024-01-23 20:00:00+00:00,11.120000000000001,9.7,3.0
2024-01-23 21:00:00+00:00,10.52,9.08,3.0
2024-01-23 22:00:00+00:00,10.059999999999999,8.5,3.0
2024-01-23 23:00:00+00:00,9.82,8.059999999999999,3.0
2024-01-24 00:00:00+00:00,10.42,8.68,3.0
2024-01-24 01:00:00+00:00,10.22,8.36,1.0
2024-01-24 02:00:00+00:00,10.1,8.36,2.0
2024-01-24 03:00:00+00:00,9.98,8.28,1.0
2024-01-24 04:00:00+00:00,9.9,8.260000000000002,3.0
2024-01-24 05:00:00+00:00,9.760000000000002,8.16,3.0
2024-01-24 06:00:00+00:00,9.040000000000001,7.38,1.0
2024-01-24 07:00:00+00:00,8.82,7.2,1.0
2024-01-24 08:00:00+00:00,8.68,7.1,3.0
2024-01-24 09:00:00+00:00,9.84,8.48,3.0
2024-01-24 10:00:00+00:00,12.32,11.379999999999999,0.0
2024-01-24 11:00:00+00:00,14.34,13.459999999999999,0.0
2024-01-24 12:00:00+00:00,15.660000000000002,14.86,0.0
2024-01-24 13:00:00+00:00,16.36,15.559999999999999,0.0
2024-01-24 14:00:00+00:00,16.68,15.919999999999998,0.0
2024-01-24 15:00:00+00:00,16.54,15.98,0.0
2024-01-24 16:00:00+00:00,15.819999999999999,15.559999999999999,0.0
2024-01-24 17:00:00+00:00,14.219999999999999,14.1,0.0
2024-01-24 18:00:00+00:00,12.84,12.559999999999999,0.0
2024-01-24 19:00:00+00:00,11.74,11.3,0.0
2024-01-24 20:00:00+00:00,10.86,10.32,1.0
2024-01-24 21:00:00+00:00,10.2,9.48,1.0
2024-01-24 22:00:00+00:00,9.66,8.8,1.0
2024-01-24 23:00:00+00:00,9.02,7.9799999999999995,1.0
2024-01-25 00:00:00+00:00,8.879999999999999,7.760000000000001,45.0
2024-01-25 01:00:00+00:00,8.559999999999999,7.279999999999999,45.0
2024-01-25 02:00:00+00:00,8.16,6.720000000000001,45.0
2024-01-25 03:00:00+00:00,7.88,6.3,45.0
2024-01-25 04:00:00+00:00,7.720000000000001,6.0600000000000005,0.0
2024-01-25 05:00:00+00:00,7.58,5.9,0.0
2024-01-25 06:00:00+00:00,7.42,5.68,3.0
2024-01-25 07:00:00+00:00,7.3,5.4399999999999995,3.0
2024-01-25 08:00:00+00:00,7.2,5.3,3.0
2024-01-25 09:00:00+00:00,8.22,6.5200000000000005,45.0
2024-01-25 10:00:00+00:00,10.440000000000001,9.26,45.0
2024-01-25 11:00:00+00:00,12.84,12.040000000000001,1.0
2024-01-25 12:00:00+00:00,13.4,12.22,2.0
2024-01-25 13:00:00+00:00,13.7,12.559999999999999,1.0
2024-01-25 14:00:00+00:00,14.1,13.3,2.0
2024-01-25 15:00:00+00:00,14.2,13.719999999999999,0.0
2024-01-25 16:00:00+00:00,13.74,13.52,3.0
2024-01-25 17:00:00+00:00,12.540000000000001,12.36,2.0
2024-01-25 18:00:00+00:00,11.6,11.34,2.0
2024-01-25 19:00:00+00:00,10.8,10.379999999999999,45.0
2024-01-25 20:00:00+00:00,10.040000000000001,9.36,45.0
2024-01-25 21:00:00+00:00,9.18,8.3,45.0
2024-01-25 22:00:00+00:00,8.58,7.4799999999999995,45.0
2024-01-25 23:00:00+00:00,8.24,7.0,45.0
2024-01-26 00:00:00+00:00,7.7,6.38,45.0
2024-01-26 01:00:00+00:00,7.7,6.24,45.0
2024-01-26 02:00:00+00:00,7.7,6.18,45.0
2024-01-26 03:00:00+00:00,7.659999999999999,6.0600000000000005,45.0
2024-01-26 04:00:00+00:00,7.42,5.819999999999999,45.0
2024-01-26 05:00:00+00:00,7.18,5.48,45.0
2024-01-26 06:00:00+00:00,7.1,5.4399999999999995,45.0
2024-01-26 07:00:00+00:00,7.06,5.340000000000001,45.0
2024-01-26 08:00:00+00:00,7.140000000000001,5.4,45.0
2024-01-26 09:00:00+00:00,8.02,6.539999999999999,45.0
2024-01-26 10:00:00+00:00,9.620000000000001,8.540000000000001,45.0
2024-01-26 11:00:00+00:00,11.14,10.16,3.0
2024-01-26 12:00:00+00:00,12.540000000000001,11.58,3.0
2024-01-26 13:00:00+00:00,13.3,12.540000000000001,3.0
2024-01-26 14:00:00+00:00,13.580000000000002,12.940000000000001,3.0
2024-01-26 15:00:00+00:00,13.5,13.02,3.0
2024-01-26 16:00:00+00:00,13.080000000000002,12.74,3.0
2024-01-26 17:00:00+00:00,11.92,11.56,3.0
2024-01-26 18:00:00+00:00,11.4,11.02,1.0
2024-01-26 19:00:00+00:00,10.48,9.72,3.0
2024-01-26 20:00:00+00:00,9.639999999999999,8.72,45.0
2024-01-26 21:00:00+00:00,9.08,8.02,45.0
2024-01-26 22:00:00+00:00,8.64,7.44,45.0
2024-01-26 23:00:00+00:00,8.26,6.959999999999999,45.0
2024-01-27 00:00:00+00:00,8.48,7.459999999999999,45.0
2024-01-27 01:00:00+00:00,8.139999999999999,6.92,45.0
2024-01-27 02:00:00+00:00,7.94,6.74,45.0
2024-01-27 03:00:00+00:00,7.74,6.38,45.0
2024-01-27 04:00:00+00:00,7.7,6.36,45.0
2024-01-27 05:00:00+00:00,7.7,6.42,45.0
2024-01-27 06:00:00+00:00,7.6,5.96,45.0
2024-01-27 07:00:00+00:00,7.359999999999999,5.64,45.0
2024-01-27 08:00:00+00:00,7.279999999999999,5.5,45.0
2024-01-27 09:00:00+00:00,8.02,6.26,45.0
2024-01-27 10:00:00+00:00,9.419999999999998,7.62,3.0
2024-01-27 11:00:00+00:00,10.74,9.1,3.0
2024-01-27 12:00:00+00:00,12.26,10.92,3.0
2024-01-27 13:00:00+00:00,13.5,12.42,3.0
2024-01-27 14:00:00+00:00,14.34,13.419999999999998,2.0
2024-01-27 15:00:00+00:00,14.559999999999999,13.66,3.0
2024-01-27 16:00:00+00:00,14.14,13.219999999999999,2.0
2024-01-27 17:00:00+00:00,12.8,11.92,1.0
2024-01-27 18:00:00+00:00,11.24,10.0,3.0
2024-01-27 19:00:00+00:00,9.92,8.48,3.0
2024-01-27 20:00:00+00:00,8.940000000000001,7.3,2.0
2024-01-27 21:00:00+00:00,8.059999999999999,6.180000000000001,3.0
2024-01-27 22:00:00+00:00,7.459999999999999,5.38,3.0
2024-01-27 23:00:00+00:00,7.0,4.84,3.0
2024-01-28 00:00:00+00:00,6.74,4.5600000000000005,3.0
2024-01-28 01:00:00+00:00,6.4,4.1,3.0
2024-01-28 02:00:00+00:00,6.24,3.88,3.0
2024-01-28 03:00:00+00:00,6.08,3.7,3.0
2024-01-28 04:00:00+00:00,5.9399999999999995,3.4,3.0
2024-01-28 05:00:00+00:00,5.74,3.2,2.0
2024-01-28 06:00:00+00:00,5.72,3.06,3.0
2024-01-28 07:00:00+00:00,5.7,2.94,3.0
2024-01-28 08:00:00+00:00,5.82,3.06,3.0
2024-01-28 09:00:00+00:00,7.4,4.68,3.0
2024-01-28 10:00:00+00:00,10.42,8.08,3.0
2024-01-28 11:00:00+00:00,13.459999999999999,11.28,3.0
2024-01-28 12:00:00+00:00,15.7,13.680000000000001,3.0
2024-01-28 13:00:00+00:00,16.919999999999998,14.76,3.0
2024-01-28 14:00:00+00:00,17.28,15.3,3.0
2024-01-28 15:00:00+00:00,17.080000000000002,15.4,3.0
2024-01-28 16:00:00+00:00,16.060000000000002,14.719999999999999,1.0
2024-01-28 17:00:00+00:00,14.26,12.86,1.0
2024-01-28 18:00:00+00:00,12.58,10.76,1.0
2024-01-28 19:00:00+00:00,11.059999999999999,8.959999999999999,1.0
2024-01-28 20:00:00+00:00,10.06,7.7,1.0
2024-01-28 21:00:00+00:00,9.36,6.859999999999999,3.0
2024-01-28 22:00:00+00:00,8.84,6.3,2.0
2024-01-28 23:00:00+00:00,8.5,5.88,3.0
2024-01-29 00:00:00+00:00,8.3,5.76,3.0
2024-01-29 01:00:00+00:00,8.040000000000001,5.540000000000001,3.0
2024-01-29 02:00:00+00:00,7.9,5.48,3.0
2024-01-29 03:00:00+00:00,7.779999999999999,5.34,1.0
2024-01-29 04:00:00+00:00,7.640000000000001,5.26,3.0
2024-01-29 05:00:00+00:00,7.56,5.12,3.0
2024-01-29 06:00:00+00:00,7.12,4.66,3.0
2024-01-29 07:00:00+00:00,7.0600000000000005,4.54,3.0
2024-01-29 08:00:00+00:00,7.18,4.68,3.0
2024-01-29 09:00:00+00:00,8.620000000000001,6.12,3.0
2024-01-29 10:00:00+00:00,11.040000000000001,8.74,3.0
2024-01-29 11:00:00+00:00,13.580000000000002,11.459999999999999,3.0
2024-01-29 12:00:00+00:00,15.280000000000001,13.24,3.0
2024-01-29 13:00:00+00:00,16.259999999999998,14.540000000000001,2.0
2024-01-29 14:00:00+00:00,16.919999999999998,15.280000000000001,1.0
2024-01-29 15:00:00+00:00,16.86,15.280000000000001,1.0
2024-01-29 16:00:00+00:00,15.919999999999998,14.74,1.0
2024-01-29 17:00:00+00:00,14.24,13.2,3.0
2024-01-29 18:00:00+00:00,12.84,11.64,3.0
2024-01-29 19:00:00+00:00,11.940000000000001,10.540000000000001,3.0
2024-01-29 20:00:00+00:00,11.059999999999999,9.52,3.0
2024-01-29 21:00:00+00:00,10.32,8.559999999999999,3.0
2024-01-29 22:00:00+00:00,9.76,7.779999999999999,3.0
2024-01-29 23:00:00+00:00,9.26,7.140000000000001,2.0
2024-01-30 00:00:00+00:00,8.879999999999999,6.68,3.0
2024-01-30 01:00:00+00:00,8.6,6.34,3.0
2024-01-30 02:00:00+00:00,8.4,6.24,3.0
2024-01-30 03:00:00+00:00,8.22,6.0600000000000005,3.0
2024-01-30 04:00:00+00:00,8.040000000000001,5.779999999999999,3.0
2024-01-30 05:00:00+00:00,7.82,5.6,3.0
2024-01-30 06:00:00+00:00,7.459999999999999,5.38,3.0
2024-01-30 07:00:00+00:00,7.359999999999999,5.24,3.0
2024-01-30 08:00:00+00:00,7.4,5.32,3.0
2024-01-30 09:00:00+00:00,8.64,6.779999999999999,3.0
2024-01-30 10:00:00+00:00,10.82,9.28,3.0
2024-01-30 11:00:00+00:00,12.9,11.42,2.0
2024-01-30 12:00:00+00:00,14.76,13.419999999999998,1.0
2024-01-30 13:00:00+00:00,15.38,14.040000000000001,0.0
2024-01-30 14:00:00+00:00,15.62,14.459999999999999,0.0
2024-01-30 15:00:00+00:00,15.6,14.540000000000001,0.0
2024-01-30 16:00:00+00:00,14.959999999999999,14.14,0.0
2024-01-30 17:00:00+00:00,13.4,12.9,0.0
2024-01-30 18:00:00+00:00,12.120000000000001,11.34,0.0
2024-01-30 19:00:00+00:00,10.78,9.88,0.0
2024-01-30 20:00:00+00:00,9.64,8.58,0.0
2024-01-30 21:00:00+00:00,8.76,7.5,1.0
2024-01-30 22:00:00+00:00,8.02,6.58,1.0
2024-01-30 23:00:00+00:00,7.38,5.78,1.0
2024-01-31 00:00:00+00:00,6.88,5.32,45.0
2024-01-31 01:00:00+00:00,6.42,4.720000000000001,1.0
2024-01-31 02:00:00+00:00,6.1,4.3,1.0
2024-01-31 03:00:00+00:00,5.8,3.9799999999999995,45.0
2024-01-31 04:00:00+00:00,5.6,3.66,45.0
2024-01-31 05:00:00+00:00,5.4399999999999995,3.46,45.0
2024-01-31 06:00:00+00:00,4.74,2.6,0.0
2024-01-31 07:00:00+00:00,4.56,2.44,45.0
2024-01-31 08:00:00+00:00,4.7,2.58,45.0
2024-01-31 09:00:00+00:00,6.4399999999999995,4.62,1.0
2024-01-31 10:00:00+00:00,9.68,8.52,1.0
2024-01-31 11:00:00+00:00,12.22,11.18,0.0
2024-01-31 12:00:00+00:00,13.540000000000001,12.42,1.0
2024-01-31 13:00:00+00:00,14.459999999999999,13.540000000000001,1.0
2024-01-31 14:00:00+00:00,14.9,14.14,0.0
2024-01-31 15:00:00+00:00,14.98,14.219999999999999,0.0
2024-01-31 16:00:00+00:00,14.48,13.8,0.0
2024-01-31 17:00:00+00:00,12.88,12.4,0.0
2024-01-31 18:00:00+00:00,11.58,10.92,0.0
2024-01-31 19:00:00+00:00,10.260000000000002,9.379999999999999,0.0
2024-01-31 20:00:00+00:00,9.059999999999999,8.059999999999999,0.0
2024-01-31 21:00:00+00:00,8.26,7.32,0.0
2024-01-31 22:00:00+00:00,7.9,6.719999999999999,0.0
2024-01-31 23:00:00+00:00,7.4,6.0,45.0
2024-02-01 00:00:00+00:00,6.8,5.319999999999999,45.0
2024-02-01 01:00:00+00:00,6.279999999999999,4.720000000000001,45.0
2024-02-01 02:00:00+00:00,6.18,4.5600000000000005,45.0
2024-02-01 03:00:00+00:00,6.0,4.42,45.0
2024-02-01 04:00:00+00:00,5.84,4.26,45.0
2024-02-01 05:00:00+00:00,5.82,4.2,45.0
2024-02-01 06:00:00+00:00,6.62,5.04,3.0
2024-02-01 07:00:00+00:00,6.68,5.2,3.0
2024-02-01 08:00:00+00:00,7.040000000000001,5.44,3.0
2024-02-01 09:00:00+00:00,8.48,7.24,2.0
2024-02-01 10:00:00+00:00,10.86,9.78,45.0
2024-02-01 11:00:00+00:00,11.98,10.52,3.0
2024-02-01 12:00:00+00:00,12.48,11.2,3.0
2024-02-01 13:00:00+00:00,12.88,11.440000000000001,3.0
2024-02-01 14:00:00+00:00,12.98,11.4,3.0
2024-02-01 15:00:00+00:00,12.88,11.5,3.0
2024-02-01 16:00:00+00:00,12.620000000000001,11.459999999999999,3.0
2024-02-01 17:00:00+00:00,12.08,11.3,3.0
2024-02-01 18:00:00+00:00,11.24,10.459999999999999,3.0
2024-02-01 19:00:00+00:00,10.919999999999998,10.24,3.0
2024-02-01 20:00:00+00:00,10.58,9.92,3.0
2024-02-01 21:00:00+00:00,10.36,9.76,3.0
2024-02-01 22:00:00+00:00,10.18,9.66,3.0
2024-02-01 23:00:00+00:00,9.92,9.28,45.0
2024-02-02 00:00:00+00:00,10.1,9.58,3.0
2024-02-02 01:00:00+00:00,9.8,9.18,3.0
2024-02-02 02:00:00+00:00,9.42,8.8,45.0
2024-02-02 03:00:00+00:00,9.1,8.42,45.0
2024-02-02 04:00:00+00:00,8.7,7.9799999999999995,45.0
2024-02-02 05:00:00+00:00,8.64,7.840000000000001,45.0
2024-02-02 06:00:00+00:00,8.620000000000001,7.7,45.0
2024-02-02 07:00:00+00:00,8.540000000000001,7.58,45.0
2024-02-02 08:00:00+00:00,8.32,7.280000000000001,45.0
2024-02-02 09:00:00+00:00,8.84,7.859999999999999,45.0
2024-02-02 10:00:00+00:00,9.940000000000001,9.02,2.0
2024-02-02 11:00:00+00:00,10.940000000000001,9.84,2.0
2024-02-02 12:00:00+00:00,11.66,10.5,2.0
2024-02-02 13:00:00+00:00,12.34,11.1,2.0
2024-02-02 14:00:00+00:00,12.780000000000001,11.4,2.0
2024-02-02 15:00:00+00:00,12.86,11.26,2.0
2024-02-02 16:00:00+00:00,12.559999999999999,11.0,2.0
2024-02-02 17:00:00+00:00,11.559999999999999,10.22,2.0
2024-02-02 18:00:00+00:00,10.16,8.879999999999999,2.0
2024-02-02 19:00:00+00:00,9.22,7.9,0.0
2024-02-02 20:00:00+00:00,8.559999999999999,7.140000000000001,0.0
2024-02-02 21:00:00+00:00,8.02,6.540000000000001,0.0
2024-02-02 22:00:00+00:00,7.5,5.9799999999999995,0.0
2024-02-02 23:00:00+00:00,7.0,5.4,0.0
2024-02-03 00:00:00+00:00,6.14,4.54,45.0
2024-02-03 01:00:00+00:00,5.64,3.94,45.0
2024-02-03 02:00:00+00:00,5.12,3.2600000000000002,45.0
2024-02-03 03:00:00+00:00,4.58,2.62,45.0
2024-02-03 04:00:00+00:00,4.3,2.3,45.0
2024-02-03 05:00:00+00:00,4.0200000000000005,1.8800000000000001,45.0
2024-02-03 06:00:00+00:00,4.44,2.5200000000000005,45.0
2024-02-03 07:00:00+00:00,4.18,2.2199999999999998,45.0
2024-02-03 08:00:00+00:00,4.08,2.12,45.0
2024-02-03 09:00:00+00:00,5.38,3.6799999999999997,45.0
2024-02-03 10:00:00+00:00,8.02,6.5200000000000005,0.0
2024-02-03 11:00:00+00:00,10.2,8.74,0.0
2024-02-03 12:00:00+00:00,11.6,10.18,1.0
2024-02-03 13:00:00+00:00,12.68,11.18,1.0
2024-02-03 14:00:00+00:00,13.319999999999999,11.82,1.0
2024-02-03 15:00:00+00:00,13.5,12.059999999999999,1.0
2024-02-03 16:00:00+00:00,13.2,11.92,1.0
2024-02-03 17:00:00+00:00,11.98,11.08,0.0
2024-02-03 18:00:00+00:00,10.2,9.08,0.0
2024-02-03 19:00:00+00:00,9.34,8.18,0.0
2024-02-03 20:00:00+00:00,8.5,7.24,0.0
2024-02-03 21:00:00+00:00,7.720000000000001,6.380000000000001,0.0
2024-02-03 22:00:00+00:00,6.9799999999999995,5.42,45.0
2024-02-03 23:00:00+00:00,6.3,4.720000000000001,45.0
2024-02-04 00:00:00+00:00,6.38,4.8,45.0
2024-02-04 01:00:00+00:00,6.2,4.62,45.0
2024-02-04 02:00:00+00:00,6.0200000000000005,4.38,45.0
2024-02-04 03:00:00+00:00,5.9399999999999995,4.42,45.0
2024-02-04 04:00:00+00:00,5.8,4.26,45.0
2024-02-04 05:00:00+00:00,5.46,3.8600000000000003,45.0
2024-02-04 06:00:00+00:00,5.54,3.8600000000000003,45.0
2024-02-04 07:00:00+00:00,5.5600000000000005,3.94,45.0
2024-02-04 08:00:00+00:00,5.72,4.24,45.0
2024-02-04 09:00:00+00:00,6.6,5.42,45.0
2024-02-04 10:00:00+00:00,8.44,7.5200000000000005,1.0
2024-02-04 11:00:00+00:00,10.059999999999999,8.98,1.0
2024-02-04 12:00:00+00:00,10.98,9.8,2.0
2024-02-04 13:00:00+00:00,11.6,10.28,2.0
2024-02-04 14:00:00+00:00,11.879999999999999,10.5,2.0
2024-02-04 15:00:00+00:00,11.84,10.3,2.0
2024-02-04 16:00:00+00:00,11.540000000000001,10.059999999999999,2.0
2024-02-04 17:00:00+00:00,10.68,9.5,2.0
2024-02-04 18:00:00+00:00,9.64,8.419999999999998,2.0
2024-02-04 19:00:00+00:00,8.58,7.32,0.0
2024-02-04 20:00:00+00:00,7.720000000000001,6.3,0.0
2024-02-04 21:00:00+00:00,7.1,5.6,2.0
2024-02-04 22:00:00+00:00,6.540000000000001,5.04,2.0
2024-02-04 23:00:00+00:00,6.0600000000000005,4.54,45.0
2024-02-05 00:00:00+00:00,5.62,4.14,45.0
2024-02-05 01:00:00+00:00,5.5,4.0,45.0
2024-02-05 02:00:00+00:00,5.04,3.4,45.0
2024-02-05 03:00:00+00:00,4.82,3.1399999999999997,45.0
2024-02-05 04:00:00+00:00,4.62,2.84,45.0
2024-02-05 05:00:00+00:00,4.46,2.66,45.0
2024-02-05 06:00:00+00:00,4.1,2.2199999999999998,45.0
2024-02-05 07:00:00+00:00,4.16,2.2800000000000002,45.0
2024-02-05 08:00:00+00:00,4.26,2.42,45.0
2024-02-05 09:00:00+00:00,5.040000000000001,3.4,45.0
2024-02-05 10:00:00+00:00,6.279999999999999,4.840000000000001,45.0
2024-02-05 11:00:00+00:00,7.88,6.62,45.0
2024-02-05 12:00:00+00:00,9.14,7.840000000000001,3.0
2024-02-05 13:00:00+00:00,10.059999999999999,8.74,3.0
2024-02-05 14:00:00+00:00,10.5,9.22,3.0
2024-02-05 15:00:00+00:00,10.540000000000001,9.22,3.0
2024-02-05 16:00:00+00:00,10.18,8.940000000000001,3.0
2024-02-05 17:00:00+00:00,9.459999999999999,8.34,3.0
2024-02-05 18:00:00+00:00,8.64,7.4399999999999995,3.0
2024-02-05 19:00:00+00:00,8.08,6.8,2.0
2024-02-05 20:00:00+00:00,7.7,6.459999999999999,3.0
2024-02-05 21:00:00+00:00,7.4,6.06,45.0
2024-02-05 22:00:00+00:00,7.3,5.76,45.0
2024-02-05 23:00:00+00:00,6.959999999999999,5.220000000000001,45.0
2024-02-06 00:00:00+00:00,7.12,5.4,45.0
2024-02-06 01:00:00+00:00,7.0200000000000005,5.38,45.0
2024-02-06 02:00:00+00:00,7.1,5.4,45.0
2024-02-06 03:00:00+00:00,7.0600000000000005,5.32,45.0
2024-02-06 04:00:00+00:00,6.9799999999999995,5.279999999999999,45.0
2024-02-06 05:00:00+00:00,6.859999999999999,5.12,45.0
2024-02-06 06:00:00+00:00,6.74,4.9,3.0
2024-02-06 07:00:00+00:00,6.659999999999999,4.84,3.0
2024-02-06 08:00:00+00:00,6.720000000000001,4.9,3.0
2024-02-06 09:00:00+00:00,7.6,5.7,3.0
2024-02-06 10:00:00+00:00,9.02,7.140000000000001,3.0
2024-02-06 11:00:00+00:00,10.3,8.540000000000001,2.0
2024-02-06 12:00:00+00:00,10.82,9.16,3.0
2024-02-06 13:00:00+00:00,11.48,9.98,3.0
2024-02-06 14:00:00+00:00,12.040000000000001,10.620000000000001,3.0
2024-02-06 15:00:00+00:00,12.16,10.68,3.0
2024-02-06 16:00:00+00:00,11.719999999999999,10.22,3.0
2024-02-06 17:00:00+00:00,10.9,9.620000000000001,3.0
2024-02-06 18:00:00+00:00,9.459999999999999,8.14,3.0
2024-02-06 19:00:00+00:00,8.8,7.419999999999999,3.0
2024-02-06 20:00:00+00:00,8.3,6.82,2.0
2024-02-06 21:00:00+00:00,7.9,6.26,2.0
2024-02-06 22:00:00+00:00,7.459999999999999,5.68,3.0
2024-02-06 23:00:00+00:00,7.220000000000001,5.32,3.0
2024-02-07 00:00:00+00:00,7.08,5.0,3.0
2024-02-07 01:00:00+00:00,6.88,4.659999999999999,1.0
2024-02-07 02:00:00+00:00,6.720000000000001,4.4399999999999995,3.0
2024-02-07 03:00:00+00:00,6.4799999999999995,4.08,3.0
2024-02-07 04:00:00+00:00,6.26,3.8,2.0
2024-02-07 05:00:00+00:00,6.1,3.4200000000000004,3.0
2024-02-07 06:00:00+00:00,5.98,3.2199999999999998,3.0
2024-02-07 07:00:00+00:00,6.04,3.28,3.0
2024-02-07 08:00:00+00:00,6.459999999999999,3.5800000000000005,3.0
2024-02-07 09:00:00+00:00,7.8,4.96,2.0
2024-02-07 10:00:00+00:00,9.559999999999999,6.859999999999999,3.0
2024-02-07 11:00:00+00:00,11.24,8.620000000000001,3.0
2024-02-07 12:00:00+00:00,12.1,9.379999999999999,61.0
2024-02-07 13:00:00+00:00,12.440000000000001,9.719999999999999,61.0
2024-02-07 14:00:00+00:00,12.66,9.98,61.0
2024-02-07 15:00:00+00:00,12.76,10.16,61.0
2024-02-07 16:00:00+00:00,12.58,10.040000000000001,61.0
2024-02-07 17:00:00+00:00,12.2,9.7,61.0
2024-02-07 18:00:00+00:00,11.6,9.4,61.0
2024-02-07 19:00:00+00:00,11.22,8.8,61.0
2024-02-07 20:00:00+00:00,11.28,8.7,61.0
2024-02-07 21:00:00+00:00,11.3,8.58,61.0
2024-02-07 22:00:00+00:00,11.440000000000001,8.82,2.0
2024-02-07 23:00:00+00:00,11.4,9.0,2.0
2024-02-08 00:00:00+00:00,10.82,8.66,3.0
2024-02-08 01:00:00+00:00,10.68,8.42,2.0
2024-02-08 02:00:00+00:00,10.6,8.26,3.0
2024-02-08 03:00:00+00:00,10.48,8.1,3.0
2024-02-08 04:00:00+00:00,10.42,7.92,3.0
2024-02-08 05:00:00+00:00,10.440000000000001,7.76,3.0
2024-02-08 06:00:00+00:00,10.620000000000001,7.68,3.0
2024-02-08 07:00:00+00:00,10.8,7.8,3.0
2024-02-08 08:00:00+00:00,10.84,7.779999999999999,3.0
2024-02-08 09:00:00+00:00,11.7,8.74,3.0
2024-02-08 10:00:00+00:00,12.959999999999999,10.22,3.0
2024-02-08 11:00:00+00:00,13.88,11.22,3.0
2024-02-08 12:00:00+00:00,14.24,11.540000000000001,3.0
2024-02-08 13:00:00+00:00,14.26,11.540000000000001,61.0
2024-02-08 14:00:00+00:00,14.080000000000002,11.379999999999999,61.0
2024-02-08 15:00:00+00:00,13.88,10.6,61.0
2024-02-08 16:00:00+00:00,13.319999999999999,10.0,61.0
2024-02-08 17:00:00+00:00,12.8,9.440000000000001,61.0
2024-02-08 18:00:00+00:00,12.64,9.16,3.0
2024-02-08 19:00:00+00:00,12.559999999999999,9.1,3.0
2024-02-08 20:00:00+00:00,12.540000000000001,8.98,3.0
2024-02-08 21:00:00+00:00,12.419999999999998,8.78,61.0
2024-02-08 22:00:00+00:00,12.24,8.78,61.0
2024-02-08 23:00:00+00:00,12.28,8.8,3.0
2024-02-09 00:00:00+00:00,12.08,8.92,61.0
2024-02-09 01:00:00+00:00,12.059999999999999,8.959999999999999,61.0
2024-02-09 02:00:00+00:00,11.84,8.879999999999999,3.0
2024-02-09 03:00:00+00:00,11.58,8.76,3.0
2024-02-09 04:00:00+00:00,11.22,8.620000000000001,3.0
2024-02-09 05:00:00+00:00,11.14,8.68,61.0
2024-02-09 06:00:00+00:00,10.84,8.1,3.0
2024-02-09 07:00:00+00:00,10.8,8.08,3.0
2024-02-09 08:00:00+00:00,11.0,8.52,3.0
2024-02-09 09:00:00+00:00,11.68,9.4,3.0
2024-02-09 10:00:00+00:00,12.540000000000001,10.34,3.0
2024-02-09 11:00:00+00:00,13.2,11.0,3.0
2024-02-09 12:00:00+00:00,15.02,12.78,3.0
2024-02-09 13:00:00+00:00,15.6,13.36,3.0
2024-02-09 14:00:00+00:00,15.680000000000001,13.580000000000002,3.0
2024-02-09 15:00:00+00:00,15.16,13.36,3.0
2024-02-09 16:00:00+00:00,14.34,13.219999999999999,3.0
2024-02-09 17:00:00+00:00,13.38,12.42,3.0
2024-02-09 18:00:00+00:00,12.72,11.66,3.0
2024-02-09 19:00:00+00:00,12.04,11.1,61.0
2024-02-09 20:00:00+00:00,11.540000000000001,10.6,61.0
2024-02-09 21:00:00+00:00,11.24,10.52,61.0
2024-02-09 22:00:00+00:00,10.959999999999999,10.26,61.0
2024-02-09 23:00:00+00:00,10.82,10.059999999999999,61.0
2024-02-10 00:00:00+00:00,10.74,9.66,61.0
2024-02-10 01:00:00+00:00,10.66,9.34,61.0
2024-02-10 02:00:00+00:00,10.66,8.64,61.0
2024-02-10 03:00:00+00:00,10.540000000000001,7.659999999999999,61.0
2024-02-10 04:00:00+00:00,10.32,6.56,61.0
2024-02-10 05:00:00+00:00,10.28,6.44,61.0
2024-02-10 06:00:00+00:00,10.2,5.9,3.0
2024-02-10 07:00:00+00:00,9.86,5.8,3.0
2024-02-10 08:00:00+00:00,9.559999999999999,5.16,3.0
2024-02-10 09:00:00+00:00,9.620000000000001,5.0,2.0
2024-02-10 10:00:00+00:00,9.72,4.96,80.0
2024-02-10 11:00:00+00:00,9.98,5.14,80.0
2024-02-10 12:00:00+00:00,10.3,5.34,2.0
2024-02-10 13:00:00+00:00,10.34,5.26,2.0
2024-02-10 14:00:00+00:00,10.34,5.279999999999999,2.0
2024-02-10 15:00:00+00:00,10.0,5.04,3.0
2024-02-10 16:00:00+00:00,9.540000000000001,4.84,80.0
2024-02-10 17:00:00+00:00,9.0,4.54,80.0
2024-02-10 18:00:00+00:00,8.86,4.5600000000000005,80.0
2024-02-10 19:00:00+00:00,8.82,4.5,80.0
2024-02-10 20:00:00+00:00,8.84,4.36,3.0
2024-02-10 21:00:00+00:00,8.9,4.4,80.0
2024-02-10 22:00:00+00:00,8.940000000000001,4.42,3.0
2024-02-10 23:00:00+00:00,8.879999999999999,4.2,3.0
2024-02-11 00:00:00+00:00,8.98,4.16,3.0
2024-02-11 01:00:00+00:00,8.9,4.04,3.0
2024-02-11 02:00:00+00:00,8.919999999999998,4.1,3.0
2024-02-11 03:00:00+00:00,8.74,4.08,3.0
2024-02-11 04:00:00+00:00,8.66,4.1,3.0
2024-02-11 05:00:00+00:00,8.540000000000001,4.2,2.0
2024-02-11 06:00:00+00:00,8.540000000000001,4.36,2.0
2024-02-11 07:00:00+00:00,8.36,4.5,2.0
2024-02-11 08:00:00+00:00,8.42,4.74,2.0
2024-02-11 09:00:00+00:00,9.0,5.16,2.0
2024-02-11 10:00:00+00:00,9.82,5.779999999999999,2.0
2024-02-11 11:00:00+00:00,10.68,6.4799999999999995,2.0
2024-02-11 12:00:00+00:00,11.24,6.859999999999999,2.0
2024-02-11 13:00:00+00:00,11.379999999999999,7.06,3.0
2024-02-11 14:00:00+00:00,11.3,7.18,3.0
2024-02-11 15:00:00+00:00,11.18,7.5200000000000005,2.0
2024-02-11 16:00:00+00:00,10.84,7.74,3.0
2024-02-11 17:00:00+00:00,10.24,7.859999999999999,3.0
2024-02-11 18:00:00+00:00,9.459999999999999,7.4,3.0
2024-02-11 19:00:00+00:00,8.7,6.74,3.0
2024-02-11 20:00:00+00:00,8.459999999999999,6.5200000000000005,3.0
2024-02-11 21:00:00+00:00,8.3,6.44,3.0
2024-02-11 22:00:00+00:00,8.16,6.4,3.0
2024-02-11 23:00:00+00:00,7.88,6.24,61.0
2024-02-12 00:00:00+00:00,7.660000000000001,5.9,3.0
2024-02-12 01:00:00+00:00,7.5,5.82,3.0
2024-02-12 02:00:00+00:00,7.4,5.82,61.0
2024-02-12 03:00:00+00:00,7.32,5.8,61.0
2024-02-12 04:00:00+00:00,7.24,5.720000000000001,61.0
2024-02-12 05:00:00+00:00,7.2,5.84,61.0
2024-02-12 06:00:00+00:00,7.459999999999999,5.82,61.0
2024-02-12 07:00:00+00:00,7.6,5.9,61.0
2024-02-12 08:00:00+00:00,7.779999999999999,6.26,61.0
2024-02-12 09:00:00+00:00,8.54,7.040000000000001,61.0
2024-02-12 10:00:00+00:00,9.58,7.960000000000001,3.0
2024-02-12 11:00:00+00:00,10.5,8.58,3.0
2024-02-12 12:00:00+00:00,10.86,9.260000000000002,2.0
2024-02-12 13:00:00+00:00,11.540000000000001,9.559999999999999,3.0
2024-02-12 14:00:00+00:00,11.92,9.74,2.0
2024-02-12 15:00:00+00:00,12.040000000000001,9.879999999999999,2.0
2024-02-12 16:00:00+00:00,11.84,9.9,1.0
2024-02-12 17:00:00+00:00,11.08,9.64,1.0
2024-02-12 18:00:00+00:00,9.459999999999999,7.779999999999999,0.0
2024-02-12 19:00:00+00:00,8.52,6.94,0.0
2024-02-12 20:00:00+00:00,7.779999999999999,6.24,1.0
2024-02-12 21:00:00+00:00,6.9799999999999995,5.46,45.0
2024-02-12 22:00:00+00:00,6.16,4.4,3.0
2024-02-12 23:00:00+00:00,5.6,3.72,3.0
2024-02-13 00:00:00+00:00,5.96,4.32,3.0
2024-02-13 01:00:00+00:00,5.66,3.8600000000000003,45.0
2024-02-13 02:00:00+00:00,5.5,3.5400000000000005,3.0
2024-02-13 03:00:00+00:00,5.5600000000000005,3.5,3.0
2024-02-13 04:00:00+00:00,5.46,3.4,3.0
2024-02-13 05:00:00+00:00,5.3,3.1,3.0
2024-02-13 06:00:00+00:00,4.96,2.52,1.0
2024-02-13 07:00:00+00:00,4.88,2.38,2.0
2024-02-13 08:00:00+00:00,5.26,2.7399999999999998,2.0
2024-02-13 09:00:00+00:00,7.3,5.0200000000000005,1.0
2024-02-13 10:00:00+00:00,10.0,8.059999999999999,3.0
2024-02-13 11:00:00+00:00,11.76,9.72,2.0
2024-02-13 12:00:00+00:00,13.080000000000002,11.040000000000001,2.0
2024-02-13 13:00:00+00:00,13.780000000000001,11.98,3.0
2024-02-13 14:00:00+00:00,14.319999999999999,12.559999999999999,3.0
2024-02-13 15:00:00+00:00,14.6,13.219999999999999,2.0
2024-02-13 16:00:00+00:00,14.559999999999999,13.559999999999999,3.0
2024-02-13 17:00:00+00:00,13.819999999999999,12.9,3.0
2024-02-13 18:00:00+00:00,12.66,11.66,2.0
2024-02-13 19:00:00+00:00,11.74,10.82,1.0
2024-02-13 20:00:00+00:00,11.180000000000001,10.040000000000001,1.0
2024-02-13 21:00:00+00:00,10.6,9.36,1.0
2024-02-13 22:00:00+00:00,10.14,8.879999999999999,1.0
2024-02-13 23:00:00+00:00,9.74,8.440000000000001,3.0
2024-02-14 00:00:00+00:00,9.0,7.640000000000001,2.0
2024-02-14 01:00:00+00:00,8.76,7.32,3.0
2024-02-14 02:00:00+00:00,8.64,7.159999999999999,3.0
2024-02-14 03:00:00+00:00,8.5,7.0200000000000005,2.0
2024-02-14 04:00:00+00:00,8.28,6.76,1.0
2024-02-14 05:00:00+00:00,8.059999999999999,6.44,2.0
2024-02-14 06:00:00+00:00,8.18,6.44,3.0
2024-02-14 07:00:00+00:00,8.18,6.38,3.0
2024-02-14 08:00:00+00:00,8.78,6.92,3.0
2024-02-14 09:00:00+00:00,10.92,9.26,3.0
2024-02-14 10:00:00+00:00,13.719999999999999,12.42,3.0
2024-02-14 11:00:00+00:00,15.88,14.4,3.0
2024-02-14 12:00:00+00:00,17.14,15.8,2.0
2024-02-14 13:00:00+00:00,18.12,16.740000000000002,2.0
2024-02-14 14:00:00+00:00,18.56,17.18,2.0
2024-02-14 15:00:00+00:00,18.38,17.36,2.0
2024-02-14 16:00:00+00:00,17.52,16.86,3.0
2024-02-14 17:00:00+00:00,16.04,15.6,3.0
2024-02-14 18:00:00+00:00,14.9,14.419999999999998,3.0
2024-02-14 19:00:00+00:00,14.02,13.440000000000001,3.0
2024-02-14 20:00:00+00:00,13.440000000000001,12.9,3.0
2024-02-14 21:00:00+00:00,12.68,12.0,3.0
2024-02-14 22:00:00+00:00,12.219999999999999,11.26,3.0
2024-02-14 23:00:00+00:00,11.940000000000001,10.76,3.0
2024-02-15 00:00:00+00:00,11.66,10.2,3.0
2024-02-15 01:00:00+00:00,11.58,9.92,3.0
2024-02-15 02:00:00+00:00,11.879999999999999,10.0,3.0
2024-02-15 03:00:00+00:00,12.059999999999999,10.02,3.0
2024-02-15 04:00:00+00:00,11.959999999999999,9.86,3.0
2024-02-15 05:00:00+00:00,11.6,9.559999999999999,3.0
2024-02-15 06:00:00+00:00,10.879999999999999,8.84,3.0
2024-02-15 07:00:00+00:00,10.6,8.4,3.0
2024-02-15 08:00:00+00:00,12.02,9.64,2.0
2024-02-15 09:00:00+00:00,13.9,11.9,3.0
2024-02-15 10:00:00+00:00,16.16,14.819999999999999,2.0
2024-02-15 11:00:00+00:00,17.94,16.7,2.0
2024-02-15 12:00:00+00:00,18.78,17.5,2.0
2024-02-15 13:00:00+00:00,19.46,18.1,2.0
2024-02-15 14:00:00+00:00,19.86,18.54,2.0
2024-02-15 15:00:00+00:00,19.72,18.759999999999998,2.0
2024-02-15 16:00:00+00:00,19.04,18.46,2.0
2024-02-15 17:00:00+00:00,17.7,17.28,3.0
2024-02-15 18:00:00+00:00,16.84,15.940000000000001,3.0
2024-02-15 19:00:00+00:00,15.84,14.52,3.0
2024-02-15 20:00:00+00:00,15.280000000000001,13.780000000000001,3.0
2024-02-15 21:00:00+00:00,14.84,13.38,3.0
2024-02-15 22:00:00+00:00,14.080000000000002,12.379999999999999,3.0
2024-02-15 23:00:00+00:00,13.48,11.8,3.0
2024-02-16 00:00:00+00:00,13.12,11.48,3.0
2024-02-16 01:00:00+00:00,12.98,11.620000000000001,3.0
2024-02-16 02:00:00+00:00,12.86,11.4,3.0
2024-02-16 03:00:00+00:00,12.76,11.24,3.0
2024-02-16 04:00:00+00:00,12.540000000000001,10.68,3.0
2024-02-16 05:00:00+00:00,12.34,10.36,3.0
2024-02-16 06:00:00+00:00,12.2,10.3,61.0
2024-02-16 07:00:00+00:00,12.02,9.86,61.0
2024-02-16 08:00:00+00:00,11.98,9.74,61.0
2024-02-16 09:00:00+00:00,11.959999999999999,9.5,61.0
2024-02-16 10:00:00+00:00,11.98,9.68,61.0
2024-02-16 11:00:00+00:00,12.34,10.08,61.0
2024-02-16 12:00:00+00:00,12.5,9.74,61.0
2024-02-16 13:00:00+00:00,12.64,9.82,2.0
2024-02-16 14:00:00+00:00,12.72,9.82,2.0
2024-02-16 15:00:00+00:00,12.7,9.879999999999999,2.0
2024-02-16 16:00:00+00:00,12.52,9.78,3.0
2024-02-16 17:00:00+00:00,11.940000000000001,9.58,2.0
2024-02-16 18:00:00+00:00,11.06,9.58,1.0
2024-02-16 19:00:00+00:00,10.32,9.0,0.0
2024-02-16 20:00:00+00:00,9.74,8.459999999999999,1.0
2024-02-16 21:00:00+00:00,9.26,7.9799999999999995,1.0
2024-02-16 22:00:00+00:00,8.559999999999999,7.2,1.0
2024-02-16 23:00:00+00:00,7.88,6.459999999999999,2.0
2024-02-17 00:00:00+00:00,7.6,6.24,0.0
2024-02-17 01:00:00+00:00,7.2,5.88,45.0
2024-02-17 02:00:00+00:00,6.840000000000001,5.4,45.0
2024-02-17 03:00:00+00:00,6.220000000000001,4.62,45.0
2024-02-17 04:00:00+00:00,5.96,4.2,45.0
2024-02-17 05:00:00+00:00,5.76,4.12,45.0
2024-02-17 06:00:00+00:00,5.840000000000001,4.3,45.0
2024-02-17 07:00:00+00:00,5.34,3.66,45.0
2024-02-17 08:00:00+00:00,5.46,3.5799999999999996,45.0
2024-02-17 09:00:00+00:00,7.0200000000000005,5.4799999999999995,45.0
2024-02-17 10:00:00+00:00,9.2,7.92,45.0
2024-02-17 11:00:00+00:00,11.32,10.24,1.0
2024-02-17 12:00:00+00:00,12.36,10.84,1.0
2024-02-17 13:00:00+00:00,13.38,11.82,1.0
2024-02-17 14:00:00+00:00,13.84,12.120000000000001,2.0
2024-02-17 15:00:00+00:00,13.84,12.1,2.0
2024-02-17 16:00:00+00:00,13.459999999999999,11.68,1.0
2024-02-17 17:00:00+00:00,12.459999999999999,10.860000000000001,2.0
2024-02-17 18:00:00+00:00,11.2,9.940000000000001,1.0
2024-02-17 19:00:00+00:00,10.059999999999999,8.940000000000001,0.0
2024-02-17 20:00:00+00:00,9.16,7.9799999999999995,2.0
2024-02-17 21:00:00+00:00,8.459999999999999,7.26,1.0
2024-02-17 22:00:00+00:00,7.76,6.32,1.0
2024-02-17 23:00:00+00:00,7.0,5.640000000000001,0.0
2024-02-18 00:00:00+00:00,6.58,5.08,45.0
2024-02-18 01:00:00+00:00,5.92,4.26,45.0
2024-02-18 02:00:00+00:00,5.5600000000000005,3.84,45.0
2024-02-18 03:00:00+00:00,5.34,3.56,45.0
2024-02-18 04:00:00+00:00,5.14,3.18,45.0
2024-02-18 05:00:00+00:00,5.0,2.9799999999999995,45.0
2024-02-18 06:00:00+00:00,4.64,2.66,45.0
2024-02-18 07:00:00+00:00,4.5600000000000005,2.5,45.0
2024-02-18 08:00:00+00:00,5.14,3.1,45.0
2024-02-18 09:00:00+00:00,7.220000000000001,5.42,3.0
2024-02-18 10:00:00+00:00,9.64,8.16,3.0
2024-02-18 11:00:00+00:00,11.64,10.24,3.0
2024-02-18 12:00:00+00:00,12.620000000000001,11.02,3.0
2024-02-18 13:00:00+00:00,12.940000000000001,11.1,3.0
2024-02-18 14:00:00+00:00,12.78,10.76,3.0
2024-02-18 15:00:00+00:00,12.379999999999999,10.58,3.0
2024-02-18 16:00:00+00:00,12.16,10.68,3.0
2024-02-18 17:00:00+00:00,11.84,10.42,3.0
2024-02-18 18:00:00+00:00,11.5,10.26,3.0
2024-02-18 19:00:00+00:00,11.2,10.02,3.0
2024-02-18 20:00:00+00:00,10.9,9.76,3.0
2024-02-18 21:00:00+00:00,10.76,9.620000000000001,3.0
2024-02-18 22:00:00+00:00,10.74,9.639999999999999,3.0
2024-02-18 23:00:00+00:00,10.72,9.8,3.0
2024-02-19 00:00:00+00:00,10.6,10.0,3.0
2024-02-19 01:00:00+00:00,10.6,9.98,3.0
2024-02-19 02:00:00+00:00,10.68,10.040000000000001,3.0
2024-02-19 03:00:00+00:00,10.64,9.92,3.0
2024-02-19 04:00:00+00:00,10.64,10.059999999999999,3.0
2024-02-19 05:00:00+00:00,10.559999999999999,10.02,3.0
2024-02-19 06:00:00+00:00,10.18,9.620000000000001,45.0
2024-02-19 07:00:00+00:00,9.919999999999998,9.42,45.0
2024-02-19 08:00:00+00:00,10.0,9.24,45.0
2024-02-19 09:00:00+00:00,10.86,10.28,45.0
2024-02-19 10:00:00+00:00,11.84,10.620000000000001,3.0
2024-02-19 11:00:00+00:00,12.58,11.0,3.0
2024-02-19 12:00:00+00:00,13.2,11.32,2.0
2024-02-19 13:00:00+00:00,13.34,11.34,2.0
2024-02-19 14:00:00+00:00,13.4,11.22,2.0
2024-02-19 15:00:00+00:00,13.4,11.16,2.0
2024-02-19 16:00:00+00:00,12.98,10.72,2.0
2024-02-19 17:00:00+00:00,12.22,10.36,2.0
2024-02-19 18:00:00+00:00,11.16,9.379999999999999,3.0
2024-02-19 19:00:00+00:00,10.32,8.559999999999999,3.0
2024-02-19 20:00:00+00:00,9.940000000000001,8.26,3.0
2024-02-19 21:00:00+00:00,9.559999999999999,7.9799999999999995,2.0
2024-02-19 22:00:00+00:00,9.24,7.74,3.0
2024-02-19 23:00:00+00:00,9.1,7.640000000000001,3.0
2024-02-20 00:00:00+00:00,8.92,7.68,3.0
2024-02-20 01:00:00+00:00,8.52,7.279999999999999,2.0
2024-02-20 02:00:00+00:00,8.16,6.839999999999999,2.0
2024-02-20 03:00:00+00:00,7.88,6.4799999999999995,3.0
2024-02-20 04:00:00+00:00,7.74,6.32,3.0
2024-02-20 05:00:00+00:00,7.5200000000000005,6.220000000000001,3.0
2024-02-20 06:00:00+00:00,6.4,4.9399999999999995,45.0
2024-02-20 07:00:00+00:00,6.32,4.9,45.0
2024-02-20 08:00:00+00:00,6.840000000000001,5.52,45.0
2024-02-20 09:00:00+00:00,8.120000000000001,6.959999999999999,3.0
2024-02-20 10:00:00+00:00,9.98,8.879999999999999,2.0
2024-02-20 11:00:00+00:00,11.459999999999999,10.26,3.0
2024-02-20 12:00:00+00:00,12.36,11.0,2.0
2024-02-20 13:00:00+00:00,13.0,11.46,3.0
2024-02-20 14:00:00+00:00,13.319999999999999,11.540000000000001,3.0
2024-02-20 15:00:00+00:00,13.34,11.4,3.0
2024-02-20 16:00:00+00:00,13.02,11.260000000000002,3.0
2024-02-20 17:00:00+00:00,12.16,10.74,3.0
2024-02-20 18:00:00+00:00,11.1,9.940000000000001,3.0
2024-02-20 19:00:00+00:00,9.940000000000001,8.84,3.0
2024-02-20 20:00:00+00:00,9.1,8.040000000000001,3.0
2024-02-20 21:00:00+00:00,8.379999999999999,7.06,3.0
2024-02-20 22:00:00+00:00,7.74,6.459999999999999,3.0
2024-02-20 23:00:00+00:00,7.18,5.8,3.0
2024-02-21 00:00:00+00:00,7.08,5.4,3.0
2024-02-21 01:00:00+00:00,6.76,4.9399999999999995,3.0
2024-02-21 02:00:00+00:00,6.58,4.8,3.0
2024-02-21 03:00:00+00:00,6.359999999999999,4.38,3.0
2024-02-21 04:00:00+00:00,6.3,4.1,3.0
2024-02-21 05:00:00+00:00,6.18,4.04,3.0
2024-02-21 06:00:00+00:00,5.92,3.5800000000000005,3.0
2024-02-21 07:00:00+00:00,6.14,3.7399999999999998,3.0
2024-02-21 08:00:00+00:00,6.9799999999999995,4.5200000000000005,3.0
2024-02-21 09:00:00+00:00,8.66,6.279999999999999,3.0
2024-02-21 10:00:00+00:00,10.66,8.5,3.0
2024-02-21 11:00:00+00:00,12.379999999999999,10.16,3.0
2024-02-21 12:00:00+00:00,12.459999999999999,10.540000000000001,61.0
2024-02-21 13:00:00+00:00,12.74,10.58,61.0
2024-02-21 14:00:00+00:00,12.5,10.32,61.0
2024-02-21 15:00:00+00:00,12.580000000000002,10.36,61.0
2024-02-21 16:00:00+00:00,12.36,10.120000000000001,61.0
2024-02-21 17:00:00+00:00,12.08,9.98,3.0
2024-02-21 18:00:00+00:00,12.080000000000002,10.040000000000001,3.0
2024-02-21 19:00:00+00:00,11.48,9.379999999999999,3.0
2024-02-21 20:00:00+00:00,11.08,8.8,3.0
2024-02-21 21:00:00+00:00,10.76,8.3,3.0
2024-02-21 22:00:00+00:00,10.52,7.959999999999999,3.0
2024-02-21 23:00:00+00:00,10.36,7.74,3.0
2024-02-22 00:00:00+00:00,10.440000000000001,7.659999999999999,3.0
2024-02-22 01:00:00+00:00,10.66,7.779999999999999,3.0
2024-02-22 02:00:00+00:00,10.879999999999999,8.16,3.0
2024-02-22 03:00:00+00:00,10.879999999999999,7.959999999999999,3.0
2024-02-22 04:00:00+00:00,10.82,7.92,3.0
2024-02-22 05:00:00+00:00,10.879999999999999,7.76,3.0
2024-02-22 06:00:00+00:00,11.14,8.14,3.0
2024-02-22 07:00:00+00:00,11.2,8.08,3.0
2024-02-22 08:00:00+00:00,11.7,8.28,3.0
2024-02-22 09:00:00+00:00,12.74,9.3,3.0
2024-02-22 10:00:00+00:00,13.940000000000001,10.64,3.0
2024-02-22 11:00:00+00:00,15.260000000000002,11.52,3.0
2024-02-22 12:00:00+00:00,15.319999999999999,10.9,3.0
2024-02-22 13:00:00+00:00,15.319999999999999,10.26,3.0
2024-02-22 14:00:00+00:00,14.719999999999999,9.8,61.0
2024-02-22 15:00:00+00:00,12.68,7.6,3.0
2024-02-22 16:00:00+00:00,10.940000000000001,5.08,61.0
2024-02-22 17:00:00+00:00,9.82,4.26,2.0
2024-02-22 18:00:00+00:00,9.58,4.6,2.0
2024-02-22 19:00:00+00:00,9.28,4.779999999999999,2.0
2024-02-22 20:00:00+00:00,8.9,4.4399999999999995,1.0
2024-02-22 21:00:00+00:00,8.459999999999999,4.42,1.0
2024-02-22 22:00:00+00:00,8.0,4.3,1.0
2024-02-22 23:00:00+00:00,7.659999999999999,3.9200000000000004,2.0
2024-02-23 00:00:00+00:00,7.56,3.5200000000000005,2.0
2024-02-23 01:00:00+00:00,7.5,3.6399999999999997,3.0
2024-02-23 02:00:00+00:00,7.359999999999999,3.56,3.0
2024-02-23 03:00:00+00:00,7.2,3.2600000000000002,80.0
2024-02-23 04:00:00+00:00,6.9,2.92,3.0
2024-02-23 05:00:00+00:00,6.7,2.8600000000000003,80.0
2024-02-23 06:00:00+00:00,6.6,2.6799999999999997,80.0
2024-02-23 07:00:00+00:00,6.5200000000000005,2.7399999999999998,80.0
2024-02-23 08:00:00+00:00,7.459999999999999,3.6,3.0
2024-02-23 09:00:00+00:00,8.459999999999999,4.26,3.0
2024-02-23 10:00:00+00:00,8.98,4.24,3.0
2024-02-23 11:00:00+00:00,9.28,3.96,80.0
2024-02-23 12:00:00+00:00,8.9,3.18,3.0
2024-02-23 13:00:00+00:00,8.9,3.18,80.0
2024-02-23 14:00:00+00:00,8.66,3.1,80.0
2024-02-23 15:00:00+00:00,7.9799999999999995,2.5200000000000005,80.0
2024-02-23 16:00:00+00:00,7.62,2.34,3.0
2024-02-23 17:00:00+00:00,7.32,2.4,3.0
2024-02-23 18:00:00+00:00,7.18,2.54,3.0
2024-02-23 19:00:00+00:00,6.76,2.34,80.0
2024-02-23 20:00:00+00:00,6.7,2.32,3.0
2024-02-23 21:00:00+00:00,6.660000000000001,2.56,3.0
2024-02-23 22:00:00+00:00,6.5200000000000005,2.5,3.0
2024-02-23 23:00:00+00:00,6.56,2.78,3.0
2024-02-24 00:00:00+00:00,6.42,2.7,3.0
2024-02-24 01:00:00+00:00,6.3,2.58,3.0
2024-02-24 02:00:00+00:00,6.2,2.52,3.0
2024-02-24 03:00:00+00:00,6.1,2.28,3.0
2024-02-24 04:00:00+00:00,5.94,2.18,3.0
2024-02-24 05:00:00+00:00,5.94,2.18,3.0
2024-02-24 06:00:00+00:00,6.08,2.2399999999999998,3.0
2024-02-24 07:00:00+00:00,5.96,2.1399999999999997,3.0
2024-02-24 08:00:00+00:00,6.3,2.38,3.0
2024-02-24 09:00:00+00:00,7.12,2.92,2.0
2024-02-24 10:00:00+00:00,7.94,3.4,2.0
2024-02-24 11:00:00+00:00,8.780000000000001,4.1,3.0
2024-02-24 12:00:00+00:00,9.2,4.26,80.0
2024-02-24 13:00:00+00:00,9.440000000000001,4.5200000000000005,80.0
2024-02-24 14:00:00+00:00,9.52,4.6,80.0
2024-02-24 15:00:00+00:00,9.440000000000001,4.68,80.0
2024-02-24 16:00:00+00:00,9.24,4.76,80.0
2024-02-24 17:00:00+00:00,8.98,4.9,3.0
2024-02-24 18:00:00+00:00,8.64,4.779999999999999,3.0
2024-02-24 19:00:00+00:00,8.559999999999999,5.0,3.0
2024-02-24 20:00:00+00:00,8.24,5.12,80.0
2024-02-24 21:00:00+00:00,8.0,5.26,3.0
2024-02-24 22:00:00+00:00,7.4799999999999995,4.6,3.0
2024-02-24 23:00:00+00:00,7.340000000000001,4.16,3.0
2024-02-25 00:00:00+00:00,7.18,4.18,3.0
2024-02-25 01:00:00+00:00,7.32,4.0,61.0
2024-02-25 02:00:00+00:00,7.359999999999999,3.8,61.0
2024-02-25 03:00:00+00:00,7.5200000000000005,3.6799999999999997,61.0
2024-02-25 04:00:00+00:00,7.7,3.8,61.0
2024-02-25 05:00:00+00:00,8.120000000000001,3.7399999999999998,61.0
2024-02-25 06:00:00+00:00,8.040000000000001,3.7599999999999993,61.0
2024-02-25 07:00:00+00:00,8.32,3.9,61.0
2024-02-25 08:00:00+00:00,8.68,4.88,61.0
2024-02-25 09:00:00+00:00,9.540000000000001,5.76,61.0
2024-02-25 10:00:00+00:00,10.16,6.619999999999999,61.0
2024-02-25 11:00:00+00:00,10.620000000000001,7.26,61.0
2024-02-25 12:00:00+00:00,10.76,8.120000000000001,61.0
2024-02-25 13:00:00+00:00,11.28,8.72,61.0
2024-02-25 14:00:00+00:00,11.8,8.9,61.0
2024-02-25 15:00:00+00:00,11.82,9.26,61.0
2024-02-25 16:00:00+00:00,11.66,9.32,61.0
2024-02-25 17:00:00+00:00,11.34,9.1,61.0
2024-02-25 18:00:00+00:00,10.959999999999999,8.76,61.0
2024-02-25 19:00:00+00:00,11.379999999999999,9.280000000000001,3.0
2024-02-25 20:00:00+00:00,11.940000000000001,9.4,61.0
2024-02-25 21:00:00+00:00,11.34,8.540000000000001,2.0
2024-02-25 22:00:00+00:00,11.08,8.040000000000001,80.0
2024-02-25 23:00:00+00:00,10.84,7.720000000000001,3.0
2024-02-26 00:00:00+00:00,10.48,7.58,3.0
2024-02-26 01:00:00+00:00,10.24,7.4799999999999995,2.0
2024-02-26 02:00:00+00:00,10.08,7.4799999999999995,3.0
2024-02-26 03:00:00+00:00,10.0,7.32,2.0
2024-02-26 04:00:00+00:00,9.98,7.06,80.0
2024-02-26 05:00:00+00:00,9.8,6.6,80.0
2024-02-26 06:00:00+00:00,9.639999999999999,6.24,2.0
2024-02-26 07:00:00+00:00,9.36,5.9799999999999995,3.0
2024-02-26 08:00:00+00:00,9.58,6.159999999999999,3.0
2024-02-26 09:00:00+00:00,9.959999999999999,6.4799999999999995,2.0
2024-02-26 10:00:00+00:00,10.459999999999999,6.660000000000001,2.0
2024-02-26 11:00:00+00:00,10.680000000000001,6.82,80.0
2024-02-26 12:00:00+00:00,9.8,6.0,61.0
2024-02-26 13:00:00+00:00,9.82,6.159999999999999,80.0
2024-02-26 14:00:00+00:00,9.879999999999999,6.34,80.0
2024-02-26 15:00:00+00:00,9.66,6.220000000000001,80.0
2024-02-26 16:00:00+00:00,9.3,5.74,80.0
2024-02-26 17:00:00+00:00,8.9,5.28,80.0
2024-02-26 18:00:00+00:00,8.42,4.9399999999999995,3.0
2024-02-26 19:00:00+00:00,8.26,4.74,3.0
2024-02-26 20:00:00+00:00,8.059999999999999,4.54,3.0
2024-02-26 21:00:00+00:00,7.9,4.3,3.0
2024-02-26 22:00:00+00:00,7.779999999999999,4.3,61.0
2024-02-26 23:00:00+00:00,7.62,4.1,3.0
2024-02-27 00:00:00+00:00,7.640000000000001,3.9799999999999995,3.0
2024-02-27 01:00:00+00:00,7.58,3.78,3.0
2024-02-27 02:00:00+00:00,7.5200000000000005,3.7,3.0
2024-02-27 03:00:00+00:00,7.5,3.66,3.0
2024-02-27 04:00:00+00:00,7.4399999999999995,3.5799999999999996,3.0
2024-02-27 05:00:00+00:00,7.24,3.44,3.0
2024-02-27 06:00:00+00:00,6.859999999999999,3.0,3.0
2024-02-27 07:00:00+00:00,6.82,2.96,3.0
2024-02-27 08:00:00+00:00,6.88,3.1,3.0
2024-02-27 09:00:00+00:00,7.08,3.22,3.0
2024-02-27 10:00:00+00:00,7.4,3.54,3.0
2024-02-27 11:00:00+00:00,7.779999999999999,3.7,3.0
2024-02-27 12:00:00+00:00,8.52,4.5,3.0
2024-02-27 13:00:00+00:00,8.92,4.8,3.0
2024-02-27 14:00:00+00:00,9.02,5.0600000000000005,3.0
2024-02-27 15:00:00+00:00,9.1,5.0200000000000005,3.0
2024-02-27 16:00:00+00:00,9.0,4.96,3.0
2024-02-27 17:00:00+00:00,8.6,4.66,3.0
2024-02-27 18:00:00+00:00,8.08,4.220000000000001,3.0
2024-02-27 19:00:00+00:00,7.720000000000001,4.0600000000000005,3.0
2024-02-27 20:00:00+00:00,7.4799999999999995,3.8,3.0
2024-02-27 21:00:00+00:00,7.239999999999999,3.62,3.0
2024-02-27 22:00:00+00:00,6.94,3.38,3.0
2024-02-27 23:00:00+00:00,6.5,3.08,3.0
2024-02-28 00:00:00+00:00,6.32,3.12,3.0
2024-02-28 01:00:00+00:00,6.04,3.08,3.0
2024-02-28 02:00:00+00:00,5.82,3.06,3.0
2024-02-28 03:00:00+00:00,5.7,3.16,3.0
2024-02-28 04:00:00+00:00,5.5,3.0799999999999996,3.0
2024-02-28 05:00:00+00:00,5.12,2.82,3.0
2024-02-28 06:00:00+00:00,4.08,1.6,3.0
2024-02-28 07:00:00+00:00,3.6399999999999997,1.1999999999999997,2.0
2024-02-28 08:00:00+00:00,4.3,2.02,3.0
2024-02-28 09:00:00+00:00,6.460000000000001,4.0600000000000005,0.0
2024-02-28 10:00:00+00:00,8.02,5.64,3.0
2024-02-28 11:00:00+00:00,9.3,6.9799999999999995,3.0
2024-02-28 12:00:00+00:00,10.64,8.52,0.0
2024-02-28 13:00:00+00:00,11.24,8.879999999999999,2.0
2024-02-28 14:00:00+00:00,11.559999999999999,8.879999999999999,3.0
2024-02-28 15:00:00+00:00,11.66,9.22,3.0
2024-02-28 16:00:00+00:00,11.24,9.02,3.0
2024-02-28 17:00:00+00:00,10.64,8.98,3.0
2024-02-28 18:00:00+00:00,9.5,8.059999999999999,3.0
2024-02-28 19:00:00+00:00,8.66,6.9799999999999995,3.0
2024-02-28 20:00:00+00:00,7.92,6.22,3.0
2024-02-28 21:00:00+00:00,7.26,5.54,3.0
2024-02-28 22:00:00+00:00,6.94,5.14,3.0
2024-02-28 23:00:00+00:00,6.8,4.96,3.0
2024-02-29 00:00:00+00:00,7.839999999999999,6.0600000000000005,3.0
2024-02-29 01:00:00+00:00,8.18,6.56,3.0
2024-02-29 02:00:00+00:00,8.32,6.7,61.0
2024-02-29 03:00:00+00:00,8.48,6.88,61.0
2024-02-29 04:00:00+00:00,8.5,6.760000000000001,3.0
2024-02-29 05:00:00+00:00,8.42,6.720000000000001,61.0
2024-02-29 06:00:00+00:00,8.540000000000001,6.840000000000001,61.0
2024-02-29 07:00:00+00:00,8.74,7.1,3.0
2024-02-29 08:00:00+00:00,9.379999999999999,7.56,61.0
2024-02-29 09:00:00+00:00,10.1,8.28,3.0
2024-02-29 10:00:00+00:00,10.82,8.86,61.0
2024-02-29 11:00:00+00:00,11.28,9.059999999999999,3.0
2024-02-29 12:00:00+00:00,11.280000000000001,9.0,61.0
2024-02-29 13:00:00+00:00,11.58,9.2,61.0
2024-02-29 14:00:00+00:00,11.48,8.9,3.0
2024-02-29 15:00:00+00:00,10.940000000000001,8.14,61.0
2024-02-29 16:00:00+00:00,10.2,6.94,61.0
2024-02-29 17:00:00+00:00,9.559999999999999,5.92,61.0
2024-02-29 18:00:00+00:00,9.16,5.5200000000000005,61.0
2024-02-29 19:00:00+00:00,8.879999999999999,5.26,61.0
2024-02-29 20:00:00+00:00,8.3,4.4799999999999995,61.0
2024-02-29 21:00:00+00:00,8.02,4.58,3.0
2024-02-29 22:00:00+00:00,7.8,4.38,2.0
2024-02-29 23:00:00+00:00,7.659999999999999,4.26,2.0
2024-03-01 00:00:00+00:00,7.239999999999999,3.8600000000000003,2.0
2024-03-01 01:00:00+00:00,7.1,3.84,2.0
2024-03-01 02:00:00+00:00,6.88,3.5799999999999996,2.0
2024-03-01 03:00:00+00:00,6.720000000000001,3.3600000000000003,2.0
2024-03-01 04:00:00+00:00,6.62,3.2600000000000002,2.0
2024-03-01 05:00:00+00:00,6.659999999999999,3.12,2.0
2024-03-01 06:00:00+00:00,6.68,3.0,2.0
2024-03-01 07:00:00+00:00,6.5,2.62,2.0
2024-03-01 08:00:00+00:00,7.32,3.3200000000000003,61.0
2024-03-01 09:00:00+00:00,8.76,4.62,61.0
2024-03-01 10:00:00+00:00,10.02,5.68,61.0
2024-03-01 11:00:00+00:00,10.9,6.580000000000001,61.0
2024-03-01 12:00:00+00:00,11.18,6.62,3.0
2024-03-01 13:00:00+00:00,11.34,6.779999999999999,2.0
2024-03-01 14:00:00+00:00,11.379999999999999,7.12,3.0
2024-03-01 15:00:00+00:00,11.52,7.4799999999999995,3.0
2024-03-01 16:00:00+00:00,10.98,7.24,61.0
2024-03-01 17:00:00+00:00,10.52,7.56,61.0
2024-03-01 18:00:00+00:00,10.64,7.56,61.0
2024-03-01 19:00:00+00:00,10.1,7.220000000000001,61.0
2024-03-01 20:00:00+00:00,9.760000000000002,6.779999999999999,61.0
2024-03-01 21:00:00+00:00,9.379999999999999,6.459999999999999,61.0
2024-03-01 22:00:00+00:00,9.08,6.12,3.0
2024-03-01 23:00:00+00:00,8.8,5.82,61.0
2024-03-02 00:00:00+00:00,8.64,5.8,61.0
2024-03-02 01:00:00+00:00,8.42,5.54,3.0
2024-03-02 02:00:00+00:00,8.2,5.36,3.0
2024-03-02 03:00:00+00:00,8.0,5.279999999999999,3.0
2024-03-02 04:00:00+00:00,8.040000000000001,5.2,3.0
2024-03-02 05:00:00+00:00,8.2,5.32,61.0
2024-03-02 06:00:00+00:00,8.48,5.3,61.0
2024-03-02 07:00:00+00:00,8.34,5.1,3.0
2024-03-02 08:00:00+00:00,8.68,5.5200000000000005,3.0
2024-03-02 09:00:00+00:00,9.08,6.24,61.0
2024-03-02 10:00:00+00:00,9.459999999999999,6.62,61.0
2024-03-02 11:00:00+00:00,9.64,6.779999999999999,3.0
2024-03-02 12:00:00+00:00,8.1,4.08,3.0
2024-03-02 13:00:00+00:00,7.92,3.9,3.0
2024-03-02 14:00:00+00:00,7.9,3.94,3.0
2024-03-02 15:00:00+00:00,7.980000000000001,4.42,3.0
2024-03-02 16:00:00+00:00,7.9799999999999995,4.4799999999999995,3.0
2024-03-02 17:00:00+00:00,7.840000000000001,4.4,3.0
2024-03-02 18:00:00+00:00,7.32,4.38,3.0
2024-03-02 19:00:00+00:00,7.08,4.279999999999999,2.0
2024-03-02 20:00:00+00:00,6.840000000000001,3.8600000000000003,3.0
2024-03-02 21:00:00+00:00,6.74,3.8200000000000003,3.0
2024-03-02 22:00:00+00:00,6.720000000000001,3.7,3.0
2024-03-02 23:00:00+00:00,6.56,3.44,3.0
2024-03-03 00:00:00+00:00,6.640000000000001,3.9200000000000004,3.0
2024-03-03 01:00:00+00:00,6.4799999999999995,3.6799999999999997,3.0
2024-03-03 02:00:00+00:00,6.3,3.4,3.0
2024-03-03 03:00:00+00:00,6.04,3.2199999999999998,3.0
2024-03-03 04:00:00+00:00,5.840000000000001,2.9,3.0
2024-03-03 05:00:00+00:00,5.64,2.6,3.0
2024-03-03 06:00:00+00:00,5.4,2.6,80.0
2024-03-03 07:00:00+00:00,5.359999999999999,2.52,80.0
2024-03-03 08:00:00+00:00,5.82,2.9200000000000004,3.0
2024-03-03 09:00:00+00:00,6.640000000000001,3.46,3.0
2024-03-03 10:00:00+00:00,7.42,3.84,80.0
2024-03-03 11:00:00+00:00,7.959999999999999,4.2,80.0
2024-03-03 12:00:00+00:00,8.08,4.1,80.0
2024-03-03 13:00:00+00:00,8.26,4.0,80.0
2024-03-03 14:00:00+00:00,8.540000000000001,4.3,1.0
2024-03-03 15:00:00+00:00,8.64,4.26,1.0
2024-03-03 16:00:00+00:00,8.36,4.12,1.0
2024-03-03 17:00:00+00:00,7.82,4.0200000000000005,1.0
2024-03-03 18:00:00+00:00,7.040000000000001,3.8200000000000003,1.0
2024-03-03 19:00:00+00:00,6.32,3.5,1.0
2024-03-03 20:00:00+00:00,5.82,3.18,0.0
2024-03-03 21:00:00+00:00,5.64,3.04,0.0
2024-03-03 22:00:00+00:00,5.359999999999999,2.88,0.0
2024-03-03 23:00:00+00:00,5.0600000000000005,2.64,0.0
2024-03-04 00:00:00+00:00,4.88,2.56,0.0
2024-03-04 01:00:00+00:00,4.16,1.8,1.0
2024-03-04 02:00:00+00:00,3.44,1.0,2.0
2024-03-04 03:00:00+00:00,3.0,0.4000000000000001,1.0
2024-03-04 04:00:00+00:00,2.7199999999999998,0.0,3.0
2024-03-04 05:00:00+00:00,2.44,-0.5399999999999998,2.0
2024-03-04 06:00:00+00:00,2.54,-0.34,2.0
2024-03-04 07:00:00+00:00,2.6,-0.4199999999999998,3.0
2024-03-04 08:00:00+00:00,3.7,0.6599999999999999,3.0
2024-03-04 09:00:00+00:00,5.4,2.36,3.0
2024-03-04 10:00:00+00:00,7.1,4.04,3.0
2024-03-04 11:00:00+00:00,9.02,5.96,3.0
2024-03-04 12:00:00+00:00,10.34,7.58,3.0
2024-03-04 13:00:00+00:00,11.040000000000001,8.42,3.0
2024-03-04 14:00:00+00:00,11.4,8.9,3.0
2024-03-04 15:00:00+00:00,11.52,9.059999999999999,3.0
2024-03-04 16:00:00+00:00,11.120000000000001,8.879999999999999,61.0
2024-03-04 17:00:00+00:00,10.2,8.14,61.0
2024-03-04 18:00:00+00:00,9.5,7.26,61.0
2024-03-04 19:00:00+00:00,8.86,6.34,61.0
2024-03-04 20:00:00+00:00,8.64,5.26,61.0
2024-03-04 21:00:00+00:00,8.64,5.3,61.0
2024-03-04 22:00:00+00:00,8.64,5.5,3.0
2024-03-04 23:00:00+00:00,8.440000000000001,5.34,3.0
2024-03-05 00:00:00+00:00,7.38,4.7,3.0
2024-03-05 01:00:00+00:00,7.08,4.48,2.0
2024-03-05 02:00:00+00:00,7.0,4.34,3.0
2024-03-05 03:00:00+00:00,7.18,4.1,3.0
2024-03-05 04:00:00+00:00,7.140000000000001,4.0200000000000005,3.0
2024-03-05 05:00:00+00:00,7.1,3.9200000000000004,3.0
2024-03-05 06:00:00+00:00,6.859999999999999,3.08,3.0
2024-03-05 07:00:00+00:00,6.8,3.1,3.0
2024-03-05 08:00:00+00:00,7.220000000000001,3.46,3.0
2024-03-05 09:00:00+00:00,7.82,3.6199999999999997,3.0
2024-03-05 10:00:00+00:00,8.24,3.72,80.0
2024-03-05 11:00:00+00:00,8.559999999999999,4.1,80.0
2024-03-05 12:00:00+00:00,9.0,4.7,80.0
2024-03-05 13:00:00+00:00,9.22,4.88,80.0
2024-03-05 14:00:00+00:00,9.1,4.720000000000001,80.0
2024-03-05 15:00:00+00:00,9.120000000000001,4.86,80.0
2024-03-05 16:00:00+00:00,8.92,4.88,3.0
2024-03-05 17:00:00+00:00,8.42,4.84,3.0
2024-03-05 18:00:00+00:00,8.32,5.76,2.0
2024-03-05 19:00:00+00:00,7.779999999999999,5.54,2.0
2024-03-05 20:00:00+00:00,7.340000000000001,5.16,3.0
2024-03-05 21:00:00+00:00,6.779999999999999,4.66,2.0
2024-03-05 22:00:00+00:00,6.18,3.96,2.0
2024-03-05 23:00:00+00:00,5.38,3.18,2.0
2024-03-06 00:00:00+00:00,5.5,3.4,1.0
2024-03-06 01:00:00+00:00,5.08,2.96,0.0
2024-03-06 02:00:00+00:00,4.7,2.54,3.0
2024-03-06 03:00:00+00:00,4.42,2.12,3.0
2024-03-06 04:00:00+00:00,4.14,1.8,3.0
2024-03-06 05:00:00+00:00,3.96,1.58,1.0
2024-03-06 06:00:00+00:00,3.5,1.1,45.0
2024-03-06 07:00:00+00:00,3.3600000000000003,0.9400000000000001,45.0
2024-03-06 08:00:00+00:00,4.859999999999999,2.56,0.0
2024-03-06 09:00:00+00:00,7.720000000000001,5.46,0.0
2024-03-06 10:00:00+00:00,9.64,7.42,0.0
2024-03-06 11:00:00+00:00,11.04,8.84,0.0
2024-03-06 12:00:00+00:00,12.0,9.9,2.0
2024-03-06 13:00:00+00:00,12.72,10.6,3.0
2024-03-06 14:00:00+00:00,13.080000000000002,10.66,3.0
2024-03-06 15:00:00+00:00,13.1,10.34,3.0
2024-03-06 16:00:00+00:00,12.7,9.780000000000001,2.0
2024-03-06 17:00:00+00:00,11.78,9.0,3.0
2024-03-06 18:00:00+00:00,10.16,7.779999999999999,1.0
2024-03-06 19:00:00+00:00,8.8,6.18,0.0
2024-03-06 20:00:00+00:00,7.959999999999999,5.36,0.0
2024-03-06 21:00:00+00:00,7.380000000000001,4.66,2.0
2024-03-06 22:00:00+00:00,6.780000000000001,4.0200000000000005,0.0
2024-03-06 23:00:00+00:00,6.12,3.3600000000000003,1.0
2024-03-07 00:00:00+00:00,5.9799999999999995,3.28,0.0
2024-03-07 01:00:00+00:00,5.58,2.76,0.0
2024-03-07 02:00:00+00:00,5.08,2.2199999999999998,3.0
2024-03-07 03:00:00+00:00,4.64,1.6800000000000002,3.0
2024-03-07 04:00:00+00:00,4.42,1.3399999999999999,3.0
2024-03-07 05:00:00+00:00,4.0200000000000005,0.8200000000000001,1.0
2024-03-07 06:00:00+00:00,3.66,0.42000000000000004,3.0
2024-03-07 07:00:00+00:00,3.4,0.11999999999999997,3.0
2024-03-07 08:00:00+00:00,5.0600000000000005,1.8399999999999999,3.0
2024-03-07 09:00:00+00:00,8.34,5.32,3.0
2024-03-07 10:00:00+00:00,10.74,7.640000000000001,3.0
2024-03-07 11:00:00+00:00,12.74,9.8,0.0
2024-03-07 12:00:00+00:00,14.62,11.6,2.0
2024-03-07 13:00:00+00:00,15.559999999999999,12.379999999999999,2.0
2024-03-07 14:00:00+00:00,16.0,12.74,1.0
2024-03-07 15:00:00+00:00,16.1,12.780000000000001,1.0
2024-03-07 16:00:00+00:00,15.680000000000001,12.72,0.0
2024-03-07 17:00:00+00:00,14.52,12.24,1.0
2024-03-07 18:00:00+00:00,12.819999999999999,10.48,0.0
2024-03-07 19:00:00+00:00,11.280000000000001,8.98,2.0
2024-03-07 20:00:00+00:00,10.120000000000001,7.68,3.0
2024-03-07 21:00:00+00:00,9.32,6.7,3.0
2024-03-07 22:00:00+00:00,8.9,6.1,3.0
2024-03-07 23:00:00+00:00,8.76,5.5600000000000005,3.0
2024-03-08 00:00:00+00:00,8.92,6.0,3.0
2024-03-08 01:00:00+00:00,8.82,6.279999999999999,3.0
2024-03-08 02:00:00+00:00,8.78,6.26,3.0
2024-03-08 03:00:00+00:00,8.7,6.0600000000000005,3.0
2024-03-08 04:00:00+00:00,8.58,5.98,3.0
2024-03-08 05:00:00+00:00,8.36,5.82,3.0
2024-03-08 06:00:00+00:00,7.859999999999999,5.3,3.0
2024-03-08 07:00:00+00:00,7.739999999999999,5.24,3.0
2024-03-08 08:00:00+00:00,8.559999999999999,6.04,61.0
2024-03-08 09:00:00+00:00,9.7,7.06,3.0
2024-03-08 10:00:00+00:00,10.38,7.74,3.0
2024-03-08 11:00:00+00:00,10.94,8.4,3.0
2024-03-08 12:00:00+00:00,11.84,8.82,61.0
2024-03-08 13:00:00+00:00,12.059999999999999,8.540000000000001,3.0
2024-03-08 14:00:00+00:00,12.0,8.64,3.0
2024-03-08 15:00:00+00:00,11.72,8.66,3.0
2024-03-08 16:00:00+00:00,11.6,8.36,80.0
2024-03-08 17:00:00+00:00,11.16,8.08,3.0
2024-03-08 18:00:00+00:00,9.78,7.3,2.0
2024-03-08 19:00:00+00:00,8.8,6.18,1.0
2024-03-08 20:00:00+00:00,8.260000000000002,5.6,1.0
2024-03-08 21:00:00+00:00,7.9,5.08,2.0
2024-03-08 22:00:00+00:00,7.62,4.5600000000000005,3.0
2024-03-08 23:00:00+00:00,7.5200000000000005,4.26,2.0
2024-03-09 00:00:00+00:00,7.4799999999999995,3.9,3.0
2024-03-09 01:00:00+00:00,7.6,3.6799999999999997,3.0
2024-03-09 02:00:00+00:00,7.58,3.8,3.0
2024-03-09 03:00:00+00:00,7.840000000000001,4.0,3.0
2024-03-09 04:00:00+00:00,8.0,4.08,3.0
2024-03-09 05:00:00+00:00,8.14,4.5,3.0
2024-03-09 06:00:00+00:00,7.5600000000000005,3.9,3.0
2024-03-09 07:00:00+00:00,7.840000000000001,4.04,61.0
2024-03-09 08:00:00+00:00,8.34,4.82,61.0
2024-03-09 09:00:00+00:00,9.76,6.220000000000001,3.0
2024-03-09 10:00:00+00:00,10.959999999999999,7.4,3.0
2024-03-09 11:00:00+00:00,11.86,8.22,3.0
2024-03-09 12:00:00+00:00,12.919999999999998,9.440000000000001,3.0
2024-03-09 13:00:00+00:00,13.12,9.68,3.0
2024-03-09 14:00:00+00:00,13.040000000000001,9.82,3.0
2024-03-09 15:00:00+00:00,12.540000000000001,9.459999999999999,80.0
2024-03-09 16:00:00+00:00,12.24,9.440000000000001,3.0
2024-03-09 17:00:00+00:00,11.72,9.34,3.0
2024-03-09 18:00:00+00:00,10.52,8.28,1.0
2024-03-09 19:00:00+00:00,9.2,7.18,3.0
2024-03-09 20:00:00+00:00,8.14,5.9799999999999995,3.0
2024-03-09 21:00:00+00:00,7.2,4.96,0.0
2024-03-09 22:00:00+00:00,6.58,4.36,3.0
2024-03-09 23:00:00+00:00,6.08,3.94,1.0
2024-03-10 00:00:00+00:00,5.62,3.3,0.0
2024-03-10 01:00:00+00:00,5.1,2.7,1.0
2024-03-10 02:00:00+00:00,4.680000000000001,2.18,1.0
2024-03-10 03:00:00+00:00,4.3,1.72,1.0
2024-03-10 04:00:00+00:00,3.9799999999999995,1.4599999999999997,0.0
2024-03-10 05:00:00+00:00,3.88,1.3,0.0
2024-03-10 06:00:00+00:00,4.2,1.6,3.0
2024-03-10 07:00:00+00:00,4.46,1.9,0.0
2024-03-10 08:00:00+00:00,6.08,3.7399999999999998,3.0
2024-03-10 09:00:00+00:00,8.379999999999999,6.0600000000000005,3.0
2024-03-10 10:00:00+00:00,10.22,7.74,3.0
2024-03-10 11:00:00+00:00,11.3,8.76,0.0
2024-03-10 12:00:00+00:00,11.6,8.459999999999999,2.0
2024-03-10 13:00:00+00:00,11.74,8.739999999999998,3.0
2024-03-10 14:00:00+00:00,11.8,8.74,3.0
2024-03-10 15:00:00+00:00,11.86,8.9,80.0
2024-03-10 16:00:00+00:00,11.4,8.36,80.0
2024-03-10 17:00:00+00:00,10.780000000000001,8.120000000000001,3.0
2024-03-10 18:00:00+00:00,9.879999999999999,7.540000000000001,80.0
2024-03-10 19:00:00+00:00,9.28,7.12,80.0
2024-03-10 20:00:00+00:00,8.82,6.720000000000001,80.0
2024-03-10 21:00:00+00:00,8.48,6.180000000000001,0.0
2024-03-10 22:00:00+00:00,8.1,5.82,0.0
2024-03-10 23:00:00+00:00,7.94,5.58,0.0
2024-03-11 00:00:00+00:00,7.720000000000001,5.34,0.0
2024-03-11 01:00:00+00:00,7.68,5.26,0.0
2024-03-11 02:00:00+00:00,7.62,5.16,0.0
2024-03-11 03:00:00+00:00,7.6,5.040000000000001,3.0
2024-03-11 04:00:00+00:00,7.5,5.0200000000000005,3.0
2024-03-11 05:00:00+00:00,7.38,4.9799999999999995,2.0
2024-03-11 06:00:00+00:00,8.32,5.6,3.0
2024-03-11 07:00:00+00:00,8.4,5.62,3.0
2024-03-11 08:00:00+00:00,8.8,5.92,3.0
2024-03-11 09:00:00+00:00,9.5,6.220000000000001,3.0
2024-03-11 10:00:00+00:00,9.940000000000001,6.38,80.0
2024-03-11 11:00:00+00:00,10.459999999999999,6.74,80.0
2024-03-11 12:00:00+00:00,10.739999999999998,6.9799999999999995,80.0
2024-03-11 13:00:00+00:00,11.1,7.260000000000001,80.0
2024-03-11 14:00:00+00:00,11.02,7.18,80.0
2024-03-11 15:00:00+00:00,11.08,7.340000000000001,3.0
2024-03-11 16:00:00+00:00,10.98,7.3,80.0
2024-03-11 17:00:00+00:00,10.620000000000001,7.24,80.0
2024-03-11 18:00:00+00:00,10.04,7.0,1.0
2024-03-11 19:00:00+00:00,9.42,6.8,3.0
2024-03-11 20:00:00+00:00,9.08,6.720000000000001,3.0
2024-03-11 21:00:00+00:00,8.959999999999999,6.56,2.0
2024-03-11 22:00:00+00:00,8.92,6.68,2.0
2024-03-11 23:00:00+00:00,8.88,6.7,2.0
2024-03-12 00:00:00+00:00,8.86,6.76,2.0
2024-03-12 01:00:00+00:00,8.74,6.779999999999999,2.0
2024-03-12 02:00:00+00:00,8.6,6.720000000000001,2.0
2024-03-12 03:00:00+00:00,8.540000000000001,6.76,3.0
2024-03-12 04:00:00+00:00,8.36,6.68,3.0
2024-03-12 05:00:00+00:00,8.120000000000001,6.459999999999999,3.0
2024-03-12 06:00:00+00:00,7.639999999999999,6.0600000000000005,2.0
2024-03-12 07:00:00+00:00,7.4799999999999995,5.82,1.0
2024-03-12 08:00:00+00:00,8.6,7.0200000000000005,3.0
2024-03-12 09:00:00+00:00,10.6,8.84,2.0
2024-03-12 10:00:00+00:00,12.08,10.040000000000001,3.0
2024-03-12 11:00:00+00:00,12.9,10.82,3.0
2024-03-12 12:00:00+00:00,13.559999999999999,11.58,3.0
2024-03-12 13:00:00+00:00,14.2,12.16,3.0
2024-03-12 14:00:00+00:00,14.52,12.48,3.0
2024-03-12 15:00:00+00:00,14.38,12.540000000000001,3.0
2024-03-12 16:00:00+00:00,14.180000000000001,12.6,3.0
2024-03-12 17:00:00+00:00,13.62,12.3,3.0
2024-03-12 18:00:00+00:00,12.3,11.28,3.0
2024-03-12 19:00:00+00:00,11.059999999999999,10.02,3.0
2024-03-12 20:00:00+00:00,10.059999999999999,8.92,3.0
2024-03-12 21:00:00+00:00,9.22,8.02,1.0
2024-03-12 22:00:00+00:00,8.379999999999999,7.0,3.0
2024-03-12 23:00:00+00:00,7.76,6.18,3.0
2024-03-13 00:00:00+00:00,7.12,5.8,45.0
2024-03-13 01:00:00+00:00,6.58,5.04,45.0
2024-03-13 02:00:00+00:00,6.0,4.32,45.0
2024-03-13 03:00:00+00:00,5.64,3.9,45.0
2024-03-13 04:00:00+00:00,5.4799999999999995,3.66,45.0
2024-03-13 05:00:00+00:00,5.3,3.4200000000000004,45.0
2024-03-13 06:00:00+00:00,5.8,4.0,45.0
2024-03-13 07:00:00+00:00,5.9,4.04,45.0
2024-03-13 08:00:00+00:00,7.9,6.16,1.0
2024-03-13 09:00:00+00:00,10.7,8.959999999999999,1.0
2024-03-13 10:00:00+00:00,12.76,11.1,3.0
2024-03-13 11:00:00+00:00,14.580000000000002,13.1,1.0
2024-03-13 12:00:00+00:00,16.119999999999997,15.38,0.0
2024-03-13 13:00:00+00:00,17.14,16.52,1.0
2024-03-13 14:00:00+00:00,17.8,16.82,1.0
2024-03-13 15:00:00+00:00,17.96,16.5,0.0
2024-03-13 16:00:00+00:00,17.64,16.16,1.0
2024-03-13 17:00:00+00:00,16.82,15.74,1.0
2024-03-13 18:00:00+00:00,15.3,14.440000000000001,0.0
2024-03-13 19:00:00+00:00,13.459999999999999,12.6,0.0
2024-03-13 20:00:00+00:00,12.02,11.08,0.0
2024-03-13 21:00:00+00:00,10.8,9.7,0.0
2024-03-13 22:00:00+00:00,9.8,8.58,0.0
2024-03-13 23:00:00+00:00,8.98,7.5200000000000005,0.0
2024-03-14 00:00:00+00:00,8.54,6.779999999999999,0.0
2024-03-14 01:00:00+00:00,8.36,6.34,0.0
2024-03-14 02:00:00+00:00,8.22,6.08,0.0
2024-03-14 03:00:00+00:00,8.22,5.92,0.0
2024-03-14 04:00:00+00:00,8.34,5.96,0.0
2024-03-14 05:00:00+00:00,8.26,5.86,0.0
2024-03-14 06:00:00+00:00,8.860000000000001,6.56,2.0
2024-03-14 07:00:00+00:00,9.379999999999999,7.0,2.0
2024-03-14 08:00:00+00:00,11.34,9.040000000000001,2.0
2024-03-14 09:00:00+00:00,13.780000000000001,11.879999999999999,3.0
2024-03-14 10:00:00+00:00,15.88,13.74,3.0
2024-03-14 11:00:00+00:00,17.279999999999998,15.24,3.0
2024-03-14 12:00:00+00:00,17.46,15.919999999999998,3.0
2024-03-14 13:00:00+00:00,17.98,16.46,3.0
2024-03-14 14:00:00+00:00,18.16,16.86,3.0
2024-03-14 15:00:00+00:00,18.18,17.2,3.0
2024-03-14 16:00:00+00:00,17.759999999999998,17.16,1.0
2024-03-14 17:00:00+00:00,16.82,16.64,3.0
2024-03-14 18:00:00+00:00,15.36,15.16,1.0
2024-03-14 19:00:00+00:00,13.8,13.52,2.0
2024-03-14 20:00:00+00:00,12.9,12.4,2.0
2024-03-14 21:00:00+00:00,12.5,11.86,2.0
2024-03-14 22:00:00+00:00,11.92,11.08,1.0
2024-03-14 23:00:00+00:00,11.32,10.34,2.0
2024-03-15 00:00:00+00:00,10.42,9.22,1.0
2024-03-15 01:00:00+00:00,10.16,8.86,0.0
2024-03-15 02:00:00+00:00,10.34,9.059999999999999,0.0
2024-03-15 03:00:00+00:00,10.5,9.180000000000001,1.0
2024-03-15 04:00:00+00:00,10.52,9.28,3.0
2024-03-15 05:00:00+00:00,10.58,9.379999999999999,3.0
2024-03-15 06:00:00+00:00,11.08,9.58,3.0
2024-03-15 07:00:00+00:00,11.239999999999998,9.74,3.0
2024-03-15 08:00:00+00:00,12.42,11.040000000000001,2.0
2024-03-15 09:00:00+00:00,14.059999999999999,12.440000000000001,3.0
2024-03-15 10:00:00+00:00,15.2,13.24,2.0
2024-03-15 11:00:00+00:00,15.839999999999998,13.819999999999999,80.0
2024-03-15 12:00:00+00:00,15.7,13.959999999999999,80.0
2024-03-15 13:00:00+00:00,15.8,13.780000000000001,80.0
2024-03-15 14:00:00+00:00,15.76,13.639999999999997,2.0
2024-03-15 15:00:00+00:00,15.38,13.24,80.0
2024-03-15 16:00:00+00:00,14.919999999999998,12.739999999999998,80.0
2024-03-15 17:00:00+00:00,14.2,12.3,2.0
2024-03-15 18:00:00+00:00,13.959999999999999,12.58,2.0
2024-03-15 19:00:00+00:00,13.12,12.14,2.0
2024-03-15 20:00:00+00:00,12.68,11.74,3.0
2024-03-15 21:00:00+00:00,12.16,11.34,3.0
2024-03-15 22:00:00+00:00,11.82,10.940000000000001,3.0
2024-03-15 23:00:00+00:00,11.42,10.5,3.0
2024-03-16 00:00:00+00:00,10.82,9.78,2.0
2024-03-16 01:00:00+00:00,10.459999999999999,9.36,2.0
2024-03-16 02:00:00+00:00,10.059999999999999,8.879999999999999,2.0
2024-03-16 03:00:00+00:00,9.620000000000001,8.42,2.0
2024-03-16 04:00:00+00:00,9.16,8.02,2.0
2024-03-16 05:00:00+00:00,8.86,7.7,3.0
2024-03-16 06:00:00+00:00,8.72,7.58,3.0
2024-03-16 07:00:00+00:00,8.959999999999999,7.8,3.0
2024-03-16 08:00:00+00:00,10.74,9.58,3.0
2024-03-16 09:00:00+00:00,13.34,12.2,3.0
2024-03-16 10:00:00+00:00,15.0,13.84,3.0
2024-03-16 11:00:00+00:00,16.36,15.14,3.0
2024-03-16 12:00:00+00:00,17.72,16.740000000000002,3.0
2024-03-16 13:00:00+00:00,18.580000000000002,17.7,3.0
2024-03-16 14:00:00+00:00,18.919999999999998,17.68,3.0
2024-03-16 15:00:00+00:00,18.96,17.759999999999998,3.0
2024-03-16 16:00:00+00:00,18.639999999999997,17.580000000000002,3.0
2024-03-16 17:00:00+00:00,17.82,17.119999999999997,3.0
2024-03-16 18:00:00+00:00,16.8,16.240000000000002,3.0
2024-03-16 19:00:00+00:00,15.439999999999998,14.86,3.0
2024-03-16 20:00:00+00:00,14.38,13.98,3.0
2024-03-16 21:00:00+00:00,13.52,12.86,3.0
2024-03-16 22:00:00+00:00,12.74,11.86,2.0
2024-03-16 23:00:00+00:00,12.3,11.14,3.0
2024-03-17 00:00:00+00:00,12.2,11.4,3.0
2024-03-17 01:00:00+00:00,12.0,11.22,3.0
2024-03-17 02:00:00+00:00,11.86,11.0,3.0
2024-03-17 03:00:00+00:00,11.82,11.0,3.0
2024-03-17 04:00:00+00:00,11.76,10.98,3.0
2024-03-17 05:00:00+00:00,11.819999999999999,11.0,3.0
2024-03-17 06:00:00+00:00,12.18,11.7,3.0
2024-03-17 07:00:00+00:00,12.26,11.82,3.0
2024-03-17 08:00:00+00:00,13.34,13.080000000000002,3.0
2024-03-17 09:00:00+00:00,14.86,14.64,3.0
2024-03-17 10:00:00+00:00,16.04,15.52,3.0
2024-03-17 11:00:00+00:00,17.0,16.48,3.0
2024-03-17 12:00:00+00:00,18.96,18.619999999999997,3.0
2024-03-17 13:00:00+00:00,19.56,19.119999999999997,3.0
2024-03-17 14:00:00+00:00,19.8,19.48,3.0
2024-03-17 15:00:00+00:00,19.759999999999998,19.46,3.0
2024-03-17 16:00:00+00:00,19.36,19.04,3.0
2024-03-17 17:00:00+00:00,18.16,18.080000000000002,3.0
2024-03-17 18:00:00+00:00,15.98,15.8,3.0
2024-03-17 19:00:00+00:00,14.98,15.02,2.0
2024-03-17 20:00:00+00:00,14.16,14.260000000000002,3.0
2024-03-17 21:00:00+00:00,13.8,13.76,3.0
2024-03-17 22:00:00+00:00,13.64,13.5,61.0
2024-03-17 23:00:00+00:00,13.38,13.16,61.0
2024-03-18 00:00:00+00:00,13.16,13.1,3.0
2024-03-18 01:00:00+00:00,13.219999999999999,13.059999999999999,80.0
2024-03-18 02:00:00+00:00,13.12,12.9,3.0
2024-03-18 03:00:00+00:00,13.040000000000001,12.959999999999999,3.0
2024-03-18 04:00:00+00:00,12.88,12.88,3.0
2024-03-18 05:00:00+00:00,12.84,12.940000000000001,3.0
2024-03-18 06:00:00+00:00,12.66,12.559999999999999,3.0
2024-03-18 07:00:00+00:00,12.620000000000001,12.86,45.0
2024-03-18 08:00:00+00:00,13.16,13.319999999999999,3.0
2024-03-18 09:00:00+00:00,14.0,13.959999999999999,3.0
2024-03-18 10:00:00+00:00,14.84,14.62,2.0
2024-03-18 11:00:00+00:00,15.540000000000001,15.180000000000001,2.0
2024-03-18 12:00:00+00:00,16.759999999999998,16.04,2.0
2024-03-18 13:00:00+00:00,17.380000000000003,16.48,2.0
2024-03-18 14:00:00+00:00,17.66,16.44,1.0
2024-03-18 15:00:00+00:00,17.48,16.240000000000002,2.0
2024-03-18 16:00:00+00:00,17.14,15.940000000000001,1.0
2024-03-18 17:00:00+00:00,16.48,15.459999999999999,3.0
2024-03-18 18:00:00+00:00,15.8,15.16,2.0
2024-03-18 19:00:00+00:00,14.52,14.16,3.0
2024-03-18 20:00:00+00:00,13.559999999999999,13.26,3.0
2024-03-18 21:00:00+00:00,12.76,12.52,3.0
2024-03-18 22:00:00+00:00,12.12,11.86,3.0
2024-03-18 23:00:00+00:00,11.540000000000001,11.18,3.0
2024-03-19 00:00:00+00:00,10.84,10.48,3.0
2024-03-19 01:00:00+00:00,10.6,10.24,45.0
2024-03-19 02:00:00+00:00,10.440000000000001,10.0,45.0
2024-03-19 03:00:00+00:00,10.440000000000001,9.9,45.0
2024-03-19 04:00:00+00:00,10.3,9.8,3.0
2024-03-19 05:00:00+00:00,10.2,9.76,3.0
2024-03-19 06:00:00+00:00,10.48,10.08,45.0
2024-03-19 07:00:00+00:00,10.440000000000001,9.92,45.0
2024-03-19 08:00:00+00:00,12.0,11.64,0.0
2024-03-19 09:00:00+00:00,14.0,13.8,2.0
2024-03-19 10:00:00+00:00,15.64,15.580000000000002,2.0
2024-03-19 11:00:00+00:00,17.06,17.14,1.0
2024-03-19 12:00:00+00:00,18.6,18.7,0.0
2024-03-19 13:00:00+00:00,19.6,19.84,2.0
2024-03-19 14:00:00+00:00,19.96,19.880000000000003,1.0
2024-03-19 15:00:00+00:00,19.98,19.46,2.0
2024-03-19 16:00:00+00:00,19.839999999999996,19.119999999999997,0.0
2024-03-19 17:00:00+00:00,19.3,18.72,0.0
2024-03-19 18:00:00+00:00,18.16,17.68,3.0
2024-03-19 19:00:00+00:00,16.5,16.04,0.0
2024-03-19 20:00:00+00:00,15.34,14.8,3.0
2024-03-19 21:00:00+00:00,14.48,13.919999999999998,3.0
2024-03-19 22:00:00+00:00,13.66,13.02,3.0
2024-03-19 23:00:00+00:00,12.84,12.14,3.0
2024-03-20 00:00:00+00:00,12.14,11.040000000000001,3.0
2024-03-20 01:00:00+00:00,11.58,10.379999999999999,3.0
2024-03-20 02:00:00+00:00,11.2,9.959999999999999,3.0
2024-03-20 03:00:00+00:00,10.86,9.459999999999999,3.0
2024-03-20 04:00:00+00:00,10.66,9.14,3.0
2024-03-20 05:00:00+00:00,10.620000000000001,9.1,3.0
2024-03-20 06:00:00+00:00,10.22,8.84,2.0
2024-03-20 07:00:00+00:00,10.74,9.42,3.0
2024-03-20 08:00:00+00:00,12.919999999999998,11.7,3.0
2024-03-20 09:00:00+00:00,15.48,14.34,3.0
2024-03-20 10:00:00+00:00,16.98,15.680000000000001,3.0
2024-03-20 11:00:00+00:00,18.32,17.28,3.0
2024-03-20 12:00:00+00:00,19.04,18.660000000000004,3.0
2024-03-20 13:00:00+00:00,19.52,19.36,3.0
2024-03-20 14:00:00+00:00,20.080000000000002,19.96,3.0
2024-03-20 15:00:00+00:00,20.32,20.16,2.0
2024-03-20 16:00:00+00:00,20.1,19.919999999999998,3.0
2024-03-20 17:00:00+00:00,19.4,19.759999999999998,1.0
2024-03-20 18:00:00+00:00,18.26,18.7,3.0
2024-03-20 19:00:00+00:00,16.5,17.04,3.0
2024-03-20 20:00:00+00:00,15.48,15.860000000000003,3.0
2024-03-20 21:00:00+00:00,14.84,15.1,3.0
2024-03-20 22:00:00+00:00,14.12,14.26,3.0
2024-03-20 23:00:00+00:00,13.719999999999999,13.919999999999998,3.0
2024-03-21 00:00:00+00:00,12.98,12.88,3.0
2024-03-21 01:00:00+00:00,12.84,12.919999999999998,3.0
2024-03-21 02:00:00+00:00,12.86,12.84,3.0
2024-03-21 03:00:00+00:00,12.819999999999999,12.959999999999999,3.0
2024-03-21 04:00:00+00:00,12.7,12.8,3.0
2024-03-21 05:00:00+00:00,12.52,12.48,2.0
2024-03-21 06:00:00+00:00,11.620000000000001,11.22,3.0
2024-03-21 07:00:00+00:00,11.9,11.74,3.0
2024-03-21 08:00:00+00:00,13.819999999999999,13.9,1.0
2024-03-21 09:00:00+00:00,15.319999999999999,15.34,3.0
2024-03-21 10:00:00+00:00,16.740000000000002,16.860000000000003,3.0
2024-03-21 11:00:00+00:00,18.14,18.619999999999997,3.0
2024-03-21 12:00:00+00:00,19.94,20.32,3.0
2024-03-21 13:00:00+00:00,20.740000000000002,21.060000000000002,2.0
2024-03-21 14:00:00+00:00,21.240000000000002,21.56,2.0
2024-03-21 15:00:00+00:00,21.48,21.68,1.0
2024-03-21 16:00:00+00:00,21.46,21.54,2.0
2024-03-21 17:00:00+00:00,20.82,21.18,0.0
2024-03-21 18:00:00+00:00,19.16,19.639999999999997,3.0
2024-03-21 19:00:00+00:00,17.28,17.880000000000003,3.0
2024-03-21 20:00:00+00:00,16.1,16.6,1.0
2024-03-21 21:00:00+00:00,15.280000000000001,15.7,1.0
2024-03-21 22:00:00+00:00,14.559999999999999,14.8,3.0
2024-03-21 23:00:00+00:00,13.86,13.959999999999999,3.0
2024-03-22 00:00:00+00:00,12.88,12.9,3.0
2024-03-22 01:00:00+00:00,12.48,12.379999999999999,45.0
2024-03-22 02:00:00+00:00,11.959999999999999,11.72,2.0
2024-03-22 03:00:00+00:00,11.58,11.3,1.0
2024-03-22 04:00:00+00:00,11.16,10.8,1.0
2024-03-22 05:00:00+00:00,10.72,10.16,0.0
2024-03-22 06:00:00+00:00,10.219999999999999,9.680000000000001,45.0
2024-03-22 07:00:00+00:00,10.540000000000001,10.16,45.0
2024-03-22 08:00:00+00:00,12.919999999999998,13.0,0.0
2024-03-22 09:00:00+00:00,15.680000000000001,15.98,0.0
2024-03-22 10:00:00+00:00,17.939999999999998,18.52,0.0
2024-03-22 11:00:00+00:00,19.64,20.78,0.0
2024-03-22 12:00:00+00:00,19.98,21.119999999999997,1.0
2024-03-22 13:00:00+00:00,20.16,20.98,1.0
2024-03-22 14:00:00+00:00,20.18,20.4,1.0
2024-03-22 15:00:00+00:00,19.9,19.44,2.0
2024-03-22 16:00:00+00:00,19.119999999999997,18.419999999999998,2.0
2024-03-22 17:00:00+00:00,18.080000000000002,17.380000000000003,1.0
2024-03-22 18:00:00+00:00,16.76,15.959999999999999,0.0
2024-03-22 19:00:00+00:00,15.2,14.280000000000001,0.0
2024-03-22 20:00:00+00:00,14.12,12.9,0.0
2024-03-22 21:00:00+00:00,13.1,11.58,0.0
2024-03-22 22:00:00+00:00,12.7,10.9,2.0
2024-03-22 23:00:00+00:00,12.16,10.0,3.0
2024-03-23 00:00:00+00:00,11.98,9.76,3.0
2024-03-23 01:00:00+00:00,11.7,9.120000000000001,3.0
2024-03-23 02:00:00+00:00,10.84,7.720000000000001,3.0
2024-03-23 03:00:00+00:00,10.28,7.12,3.0
2024-03-23 04:00:00+00:00,9.66,6.62,3.0
2024-03-23 05:00:00+00:00,9.219999999999999,6.459999999999999,1.0
2024-03-23 06:00:00+00:00,8.879999999999999,6.1,1.0
2024-03-23 07:00:00+00:00,8.8,6.0200000000000005,3.0
2024-03-23 08:00:00+00:00,9.379999999999999,6.459999999999999,1.0
2024-03-23 09:00:00+00:00,10.040000000000001,6.82,2.0
2024-03-23 10:00:00+00:00,10.82,7.540000000000001,2.0
2024-03-23 11:00:00+00:00,11.7,8.4,2.0
2024-03-23 12:00:00+00:00,12.66,9.379999999999999,2.0
2024-03-23 13:00:00+00:00,13.040000000000001,9.540000000000001,2.0
2024-03-23 14:00:00+00:00,13.12,9.34,2.0
2024-03-23 15:00:00+00:00,12.9,8.76,2.0
2024-03-23 16:00:00+00:00,12.459999999999999,8.3,2.0
2024-03-23 17:00:00+00:00,11.82,7.779999999999999,2.0
2024-03-23 18:00:00+00:00,11.08,7.040000000000001,3.0
2024-03-23 19:00:00+00:00,10.18,6.56,3.0
2024-03-23 20:00:00+00:00,9.559999999999999,6.159999999999999,3.0
2024-03-23 21:00:00+00:00,9.2,6.04,3.0
2024-03-23 22:00:00+00:00,9.24,6.2,3.0
2024-03-23 23:00:00+00:00,9.24,6.3,3.0
2024-03-24 00:00:00+00:00,8.86,6.16,3.0
2024-03-24 01:00:00+00:00,8.819999999999999,6.24,3.0
2024-03-24 02:00:00+00:00,8.82,6.18,3.0
2024-03-24 03:00:00+00:00,8.8,6.22,3.0
2024-03-24 04:00:00+00:00,8.58,6.04,2.0
2024-03-24 05:00:00+00:00,8.24,5.68,3.0
2024-03-24 06:00:00+00:00,8.379999999999999,5.88,3.0
2024-03-24 07:00:00+00:00,8.559999999999999,6.159999999999999,3.0
2024-03-24 08:00:00+00:00,9.66,7.06,2.0
2024-03-24 09:00:00+00:00,10.76,7.9,2.0
2024-03-24 10:00:00+00:00,11.559999999999999,8.42,2.0
2024-03-24 11:00:00+00:00,12.2,9.34,2.0
2024-03-24 12:00:00+00:00,13.080000000000002,10.5,2.0
2024-03-24 13:00:00+00:00,13.3,10.6,2.0
2024-03-24 14:00:00+00:00,13.6,10.92,2.0
2024-03-24 15:00:00+00:00,13.719999999999999,10.9,2.0
2024-03-24 16:00:00+00:00,13.52,10.86,2.0
2024-03-24 17:00:00+00:00,13.02,10.5,2.0
2024-03-24 18:00:00+00:00,11.76,9.18,2.0
2024-03-24 19:00:00+00:00,10.64,8.6,2.0
2024-03-24 20:00:00+00:00,9.84,8.1,1.0
2024-03-24 21:00:00+00:00,9.14,7.4799999999999995,0.0
2024-03-24 22:00:00+00:00,8.5,6.82,0.0
2024-03-24 23:00:00+00:00,7.7,5.9399999999999995,0.0
2024-03-25 00:00:00+00:00,7.18,5.3,0.0
2024-03-25 01:00:00+00:00,6.62,4.58,0.0
2024-03-25 02:00:00+00:00,6.24,4.14,0.0
2024-03-25 03:00:00+00:00,5.88,3.6,3.0
2024-03-25 04:00:00+00:00,5.66,3.28,1.0
2024-03-25 05:00:00+00:00,5.62,3.12,3.0
2024-03-25 06:00:00+00:00,5.42,2.58,3.0
2024-03-25 07:00:00+00:00,6.220000000000001,3.4,3.0
2024-03-25 08:00:00+00:00,8.379999999999999,5.44,3.0
2024-03-25 09:00:00+00:00,10.559999999999999,7.58,3.0
2024-03-25 10:00:00+00:00,12.84,10.120000000000001,3.0
2024-03-25 11:00:00+00:00,15.36,12.88,3.0
2024-03-25 12:00:00+00:00,16.48,13.940000000000001,3.0
2024-03-25 13:00:00+00:00,16.94,14.1,3.0
2024-03-25 14:00:00+00:00,15.88,12.940000000000001,3.0
2024-03-25 15:00:00+00:00,15.74,13.219999999999999,3.0
2024-03-25 16:00:00+00:00,15.080000000000002,12.88,3.0
2024-03-25 17:00:00+00:00,13.64,11.8,61.0
2024-03-25 18:00:00+00:00,13.02,11.14,3.0
2024-03-25 19:00:00+00:00,12.1,10.1,3.0
2024-03-25 20:00:00+00:00,11.6,9.440000000000001,61.0
2024-03-25 21:00:00+00:00,11.22,8.98,61.0
2024-03-25 22:00:00+00:00,10.92,8.559999999999999,61.0
2024-03-25 23:00:00+00:00,10.559999999999999,7.68,61.0
2024-03-26 00:00:00+00:00,10.34,7.74,61.0
2024-03-26 01:00:00+00:00,9.879999999999999,7.0200000000000005,61.0
2024-03-26 02:00:00+00:00,9.42,6.32,61.0
2024-03-26 03:00:00+00:00,9.08,6.06,61.0
2024-03-26 04:00:00+00:00,8.76,5.720000000000001,61.0
2024-03-26 05:00:00+00:00,8.540000000000001,5.68,61.0
2024-03-26 06:00:00+00:00,7.840000000000001,4.92,61.0
2024-03-26 07:00:00+00:00,7.279999999999999,3.9199999999999995,61.0
2024-03-26 08:00:00+00:00,6.959999999999999,3.6,61.0
2024-03-26 09:00:00+00:00,7.12,4.0,61.0
2024-03-26 10:00:00+00:00,7.4799999999999995,4.4,61.0
2024-03-26 11:00:00+00:00,8.08,5.04,61.0
2024-03-26 12:00:00+00:00,9.32,6.06,61.0
2024-03-26 13:00:00+00:00,10.0,6.74,61.0
2024-03-26 14:00:00+00:00,10.2,6.68,80.0
2024-03-26 15:00:00+00:00,10.379999999999999,6.6,3.0
2024-03-26 16:00:00+00:00,10.4,6.56,80.0
2024-03-26 17:00:00+00:00,10.26,6.4799999999999995,3.0
2024-03-26 18:00:00+00:00,8.9,5.5,3.0
2024-03-26 19:00:00+00:00,8.120000000000001,4.82,3.0
2024-03-26 20:00:00+00:00,7.840000000000001,4.84,3.0
2024-03-26 21:00:00+00:00,7.42,4.3,2.0
2024-03-26 22:00:00+00:00,7.2,4.0200000000000005,80.0
2024-03-26 23:00:00+00:00,7.159999999999999,4.26,3.0
2024-03-27 00:00:00+00:00,6.32,3.6,2.0
2024-03-27 01:00:00+00:00,6.04,3.4200000000000004,1.0
2024-03-27 02:00:00+00:00,5.619999999999999,2.7800000000000002,3.0
2024-03-27 03:00:00+00:00,5.3,2.16,1.0
2024-03-27 04:00:00+00:00,4.9399999999999995,1.46,1.0
2024-03-27 05:00:00+00:00,5.0200000000000005,1.34,3.0
2024-03-27 06:00:00+00:00,4.42,1.1,1.0
2024-03-27 07:00:00+00:00,5.46,2.04,1.0
2024-03-27 08:00:00+00:00,7.859999999999999,4.2,3.0
2024-03-27 09:00:00+00:00,9.42,5.34,3.0
2024-03-27 10:00:00+00:00,10.34,6.16,3.0
2024-03-27 11:00:00+00:00,11.26,7.159999999999999,3.0
2024-03-27 12:00:00+00:00,12.08,8.1,2.0
2024-03-27 13:00:00+00:00,12.9,8.92,3.0
2024-03-27 14:00:00+00:00,12.940000000000001,8.7,3.0
2024-03-27 15:00:00+00:00,13.180000000000001,9.4,3.0
2024-03-27 16:00:00+00:00,13.16,9.24,2.0
2024-03-27 17:00:00+00:00,12.9,9.32,3.0
2024-03-27 18:00:00+00:00,11.66,8.1,3.0
2024-03-27 19:00:00+00:00,11.059999999999999,7.44,3.0
2024-03-27 20:00:00+00:00,10.72,6.7,3.0
2024-03-27 21:00:00+00:00,10.52,6.38,3.0
2024-03-27 22:00:00+00:00,10.459999999999999,6.459999999999999,3.0
2024-03-27 23:00:00+00:00,10.24,6.180000000000001,3.0
2024-03-28 00:00:00+00:00,9.120000000000001,4.720000000000001,80.0
2024-03-28 01:00:00+00:00,8.4,4.34,80.0
2024-03-28 02:00:00+00:00,8.3,4.5600000000000005,3.0
2024-03-28 03:00:00+00:00,7.94,4.140000000000001,3.0
2024-03-28 04:00:00+00:00,8.02,4.159999999999999,3.0
2024-03-28 05:00:00+00:00,8.3,3.7600000000000002,3.0
2024-03-28 06:00:00+00:00,8.180000000000001,3.3599999999999994,2.0
2024-03-28 07:00:00+00:00,8.48,3.7,1.0
2024-03-28 08:00:00+00:00,9.5,4.46,1.0
2024-03-28 09:00:00+00:00,10.9,5.34,2.0
2024-03-28 10:00:00+00:00,11.98,6.06,0.0
2024-03-28 11:00:00+00:00,12.72,7.06,0.0
2024-03-28 12:00:00+00:00,13.680000000000001,9.2,3.0
2024-03-28 13:00:00+00:00,13.940000000000001,9.7,2.0
2024-03-28 14:00:00+00:00,14.280000000000001,10.58,3.0
2024-03-28 15:00:00+00:00,14.24,10.58,3.0
2024-03-28 16:00:00+00:00,13.86,10.74,3.0
2024-03-28 17:00:00+00:00,13.220000000000002,10.819999999999999,3.0
2024-03-28 18:00:00+00:00,12.780000000000001,9.84,3.0
2024-03-28 19:00:00+00:00,11.9,9.22,61.0
2024-03-28 20:00:00+00:00,11.52,8.92,3.0
2024-03-28 21:00:00+00:00,11.22,8.959999999999999,61.0
2024-03-28 22:00:00+00:00,11.24,8.82,3.0
2024-03-28 23:00:00+00:00,11.48,8.72,3.0
2024-03-29 00:00:00+00:00,11.459999999999999,8.96,61.0
2024-03-29 01:00:00+00:00,11.5,8.58,61.0
2024-03-29 02:00:00+00:00,11.0,8.32,61.0
2024-03-29 03:00:00+00:00,10.98,8.4,61.0
2024-03-29 04:00:00+00:00,10.66,8.440000000000001,61.0
2024-03-29 05:00:00+00:00,10.42,8.5,61.0
2024-03-29 06:00:00+00:00,10.58,8.68,61.0
2024-03-29 07:00:00+00:00,10.52,8.719999999999999,61.0
2024-03-29 08:00:00+00:00,10.74,9.040000000000001,3.0
2024-03-29 09:00:00+00:00,11.059999999999999,9.1,3.0
2024-03-29 10:00:00+00:00,11.58,9.36,3.0
2024-03-29 11:00:00+00:00,11.8,9.440000000000001,61.0
2024-03-29 12:00:00+00:00,12.620000000000001,10.559999999999999,61.0
2024-03-29 13:00:00+00:00,12.48,10.559999999999999,61.0
2024-03-29 14:00:00+00:00,12.2,10.34,61.0
2024-03-29 15:00:00+00:00,11.7,9.52,61.0
2024-03-29 16:00:00+00:00,10.98,9.120000000000001,61.0
2024-03-29 17:00:00+00:00,10.36,8.52,61.0
2024-03-29 18:00:00+00:00,10.379999999999999,8.82,61.0
2024-03-29 19:00:00+00:00,9.72,8.42,61.0
2024-03-29 20:00:00+00:00,9.4,8.0,61.0
2024-03-29 21:00:00+00:00,8.96,7.279999999999999,63.0
2024-03-29 22:00:00+00:00,8.66,6.840000000000001,61.0
2024-03-29 23:00:00+00:00,8.34,6.140000000000001,61.0
2024-03-30 00:00:00+00:00,7.540000000000001,5.18,61.0
2024-03-30 01:00:00+00:00,7.42,5.04,61.0
2024-03-30 02:00:00+00:00,7.26,4.82,61.0
2024-03-30 03:00:00+00:00,7.159999999999999,4.819999999999999,61.0
2024-03-30 04:00:00+00:00,7.1,4.720000000000001,61.0
2024-03-30 05:00:00+00:00,7.0600000000000005,4.8,61.0
2024-03-30 06:00:00+00:00,6.26,3.8600000000000003,1.0
2024-03-30 07:00:00+00:00,6.859999999999999,4.4399999999999995,61.0
2024-03-30 08:00:00+00:00,8.52,6.08,0.0
2024-03-30 09:00:00+00:00,10.040000000000001,7.580000000000001,1.0
2024-03-30 10:00:00+00:00,11.379999999999999,8.92,0.0
2024-03-30 11:00:00+00:00,12.6,10.540000000000001,1.0
2024-03-30 12:00:00+00:00,13.6,11.14,1.0
2024-03-30 13:00:00+00:00,14.48,11.84,1.0
2024-03-30 14:00:00+00:00,14.8,11.98,1.0
2024-03-30 15:00:00+00:00,14.819999999999999,11.7,1.0
2024-03-30 16:00:00+00:00,14.680000000000001,11.540000000000001,1.0
2024-03-30 17:00:00+00:00,14.280000000000001,11.36,3.0
2024-03-30 18:00:00+00:00,13.280000000000001,11.18,2.0
2024-03-30 19:00:00+00:00,11.8,9.84,0.0
2024-03-30 20:00:00+00:00,10.6,8.68,2.0
2024-03-30 21:00:00+00:00,9.78,7.779999999999999,2.0
2024-03-30 22:00:00+00:00,9.08,6.88,3.0
2024-03-30 23:00:00+00:00,8.6,6.319999999999999,2.0
2024-03-31 00:00:00+00:00,7.82,5.6,3.0
2024-03-31 01:00:00+00:00,7.7,5.32,3.0
2024-03-31 02:00:00+00:00,8.040000000000001,5.42,3.0
2024-03-31 03:00:00+00:00,8.18,5.58,3.0
2024-03-31 04:00:00+00:00,8.18,5.54,3.0
2024-03-31 05:00:00+00:00,8.18,5.619999999999999,2.0
2024-03-31 06:00:00+00:00,8.48,6.34,1.0
2024-03-31 07:00:00+00:00,9.08,6.92,3.0
2024-03-31 08:00:00+00:00,10.959999999999999,8.92,3.0
2024-03-31 09:00:00+00:00,12.059999999999999,9.559999999999999,3.0
2024-03-31 10:00:00+00:00,12.7,10.42,3.0
2024-03-31 11:00:00+00:00,13.080000000000002,10.34,3.0
2024-03-31 12:00:00+00:00,12.959999999999999,9.64,3.0
2024-03-31 13:00:00+00:00,12.88,9.82,3.0
2024-03-31 14:00:00+00:00,12.6,9.7,3.0
2024-03-31 15:00:00+00:00,11.6,9.120000000000001,3.0
2024-03-31 16:00:00+00:00,11.059999999999999,8.78,3.0
2024-03-31 17:00:00+00:00,10.32,7.82,63.0
2024-03-31 18:00:00+00:00,9.86,8.02,63.0
2024-03-31 19:00:00+00:00,9.5,7.94,61.0
2024-03-31 20:00:00+00:00,9.14,7.4,3.0
2024-03-31 21:00:00+00:00,8.84,6.959999999999999,3.0
2024-03-31 22:00:00+00:00,8.76,6.68,3.0
2024-03-31 23:00:00+00:00,8.6,6.26,3.0
2024-04-01 00:00:00+00:00,8.48,6.0,2.0
2024-04-01 01:00:00+00:00,7.840000000000001,5.2,0.0
2024-04-01 02:00:00+00:00,7.340000000000001,4.54,0.0
2024-04-01 03:00:00+00:00,7.159999999999999,4.36,1.0
2024-04-01 04:00:00+00:00,6.959999999999999,4.0,0.0
2024-04-01 05:00:00+00:00,6.76,3.7,1.0
2024-04-01 06:00:00+00:00,6.5200000000000005,3.2,0.0
2024-04-01 07:00:00+00:00,7.840000000000001,4.279999999999999,2.0
2024-04-01 08:00:00+00:00,10.24,6.9,3.0
2024-04-01 09:00:00+00:00,12.14,8.52,1.0
2024-04-01 10:00:00+00:00,13.180000000000001,9.1,2.0
2024-04-01 11:00:00+00:00,13.819999999999999,9.559999999999999,2.0
2024-04-01 12:00:00+00:00,13.7,9.3,80.0
2024-04-01 13:00:00+00:00,13.52,9.02,80.0
2024-04-01 14:00:00+00:00,13.520000000000001,9.3,0.0
2024-04-01 15:00:00+00:00,13.559999999999999,9.440000000000001,2.0
2024-04-01 16:00:00+00:00,13.280000000000001,9.2,2.0
2024-04-01 17:00:00+00:00,12.78,9.1,2.0
2024-04-01 18:00:00+00:00,11.9,8.86,2.0
2024-04-01 19:00:00+00:00,10.7,8.16,2.0
2024-04-01 20:00:00+00:00,9.879999999999999,7.32,2.0
2024-04-01 21:00:00+00:00,9.14,6.5,2.0
2024-04-01 22:00:00+00:00,8.74,6.180000000000001,2.0
2024-04-01 23:00:00+00:00,8.48,5.82,1.0
2024-04-02 00:00:00+00:00,7.739999999999999,4.5200000000000005,2.0
2024-04-02 01:00:00+00:00,7.4,4.2,1.0
2024-04-02 02:00:00+00:00,7.24,4.12,2.0
2024-04-02 03:00:00+00:00,7.38,4.26,2.0
2024-04-02 04:00:00+00:00,7.340000000000001,4.28,2.0
2024-04-02 05:00:00+00:00,7.26,4.34,2.0
2024-04-02 06:00:00+00:00,7.18,4.2,1.0
2024-04-02 07:00:00+00:00,8.440000000000001,5.34,2.0
2024-04-02 08:00:00+00:00,10.84,7.859999999999999,1.0
2024-04-02 09:00:00+00:00,12.76,9.719999999999999,1.0
2024-04-02 10:00:00+00:00,14.219999999999999,10.62,3.0
2024-04-02 11:00:00+00:00,15.24,11.559999999999999,3.0
2024-04-02 12:00:00+00:00,15.88,11.9,3.0
2024-04-02 13:00:00+00:00,16.3,12.4,3.0
2024-04-02 14:00:00+00:00,16.0,11.98,3.0
2024-04-02 15:00:00+00:00,15.48,11.78,3.0
2024-04-02 16:00:00+00:00,14.719999999999999,11.32,61.0
2024-04-02 17:00:00+00:00,13.7,11.1,61.0
2024-04-02 18:00:00+00:00,13.040000000000001,10.78,61.0
2024-04-02 19:00:00+00:00,12.459999999999999,10.379999999999999,61.0
2024-04-02 20:00:00+00:00,11.940000000000001,9.84,61.0
2024-04-02 21:00:00+00:00,11.66,9.68,61.0
2024-04-02 22:00:00+00:00,11.4,9.48,61.0
2024-04-02 23:00:00+00:00,11.22,9.16,61.0
2024-04-03 00:00:00+00:00,10.9,8.9,61.0
2024-04-03 01:00:00+00:00,10.98,9.02,3.0
2024-04-03 02:00:00+00:00,10.92,8.74,3.0
2024-04-03 03:00:00+00:00,10.98,8.8,2.0
2024-04-03 04:00:00+00:00,10.78,8.739999999999998,2.0
2024-04-03 05:00:00+00:00,10.760000000000002,8.72,2.0
2024-04-03 06:00:00+00:00,11.040000000000001,8.879999999999999,2.0
2024-04-03 07:00:00+00:00,11.6,9.5,2.0
2024-04-03 08:00:00+00:00,13.5,11.16,2.0
2024-04-03 09:00:00+00:00,14.419999999999998,12.120000000000001,2.0
2024-04-03 10:00:00+00:00,15.219999999999999,12.8,2.0
2024-04-03 11:00:00+00:00,16.0,14.02,2.0
2024-04-03 12:00:00+00:00,16.6,14.559999999999999,2.0
2024-04-03 13:00:00+00:00,17.02,14.74,80.0
2024-04-03 14:00:00+00:00,17.419999999999998,15.180000000000001,2.0
2024-04-03 15:00:00+00:00,17.54,15.02,3.0
2024-04-03 16:00:00+00:00,17.360000000000003,14.919999999999998,1.0
2024-04-03 17:00:00+00:00,16.880000000000003,14.88,1.0
2024-04-03 18:00:00+00:00,15.959999999999999,14.419999999999998,3.0
2024-04-03 19:00:00+00:00,14.64,13.38,3.0
2024-04-03 20:00:00+00:00,13.219999999999999,11.86,1.0
2024-04-03 21:00:00+00:00,12.379999999999999,10.82,0.0
2024-04-03 22:00:00+00:00,11.68,10.059999999999999,0.0
2024-04-03 23:00:00+00:00,11.3,9.56,1.0
2024-04-04 00:00:00+00:00,11.16,9.06,2.0
2024-04-04 01:00:00+00:00,11.32,9.2,3.0
2024-04-04 02:00:00+00:00,11.34,9.1,3.0
2024-04-04 03:00:00+00:00,11.16,8.879999999999999,3.0
2024-04-04 04:00:00+00:00,11.0,8.68,3.0
2024-04-04 05:00:00+00:00,10.96,8.64,3.0
2024-04-04 06:00:00+00:00,11.120000000000001,8.98,3.0
2024-04-04 07:00:00+00:00,12.08,10.24,3.0
2024-04-04 08:00:00+00:00,14.1,12.74,3.0
2024-04-04 09:00:00+00:00,15.9,14.34,61.0
2024-04-04 10:00:00+00:00,17.119999999999997,15.76,61.0
2024-04-04 11:00:00+00:00,18.14,16.82,1.0
2024-04-04 12:00:00+00:00,19.080000000000002,17.82,1.0
2024-04-04 13:00:00+00:00,19.72,18.64,3.0
2024-04-04 14:00:00+00:00,20.380000000000003,19.4,3.0
2024-04-04 15:00:00+00:00,20.5,19.0,3.0
2024-04-04 16:00:00+00:00,20.2,18.6,3.0
2024-04-04 17:00:00+00:00,19.68,18.619999999999997,3.0
2024-04-04 18:00:00+00:00,18.619999999999997,17.98,3.0
2024-04-04 19:00:00+00:00,16.78,16.14,3.0
2024-04-04 20:00:00+00:00,15.280000000000001,14.4,3.0
2024-04-04 21:00:00+00:00,14.34,13.2,3.0
2024-04-04 22:00:00+00:00,14.14,12.74,3.0
2024-04-04 23:00:00+00:00,14.0,12.280000000000001,3.0
2024-04-05 00:00:00+00:00,14.52,12.22,3.0
2024-04-05 01:00:00+00:00,14.219999999999999,11.82,1.0
2024-04-05 02:00:00+00:00,14.2,11.66,3.0
2024-04-05 03:00:00+00:00,14.0,11.5,2.0
2024-04-05 04:00:00+00:00,13.76,11.36,3.0
2024-04-05 05:00:00+00:00,13.440000000000001,11.14,3.0
2024-04-05 06:00:00+00:00,12.819999999999999,10.74,0.0
2024-04-05 07:00:00+00:00,14.02,12.120000000000001,0.0
2024-04-05 08:00:00+00:00,16.44,14.940000000000001,2.0
2024-04-05 09:00:00+00:00,19.18,17.64,0.0
2024-04-05 10:00:00+00:00,20.919999999999998,19.68,1.0
2024-04-05 11:00:00+00:00,22.46,21.580000000000002,1.0
2024-04-05 12:00:00+00:00,23.72,23.0,0.0
2024-04-05 13:00:00+00:00,24.78,23.86,1.0
2024-04-05 14:00:00+00:00,25.36,24.119999999999997,0.0
2024-04-05 15:00:00+00:00,25.54,23.98,0.0
2024-04-05 16:00:00+00:00,25.28,23.8,0.0
2024-04-05 17:00:00+00:00,24.36,23.54,1.0
2024-04-05 18:00:00+00:00,22.580000000000002,21.919999999999998,0.0
2024-04-05 19:00:00+00:00,20.380000000000003,19.8,0.0
2024-04-05 20:00:00+00:00,18.880000000000003,17.94,0.0
2024-04-05 21:00:00+00:00,17.7,16.16,1.0
2024-04-05 22:00:00+00:00,16.880000000000003,14.74,0.0
2024-04-05 23:00:00+00:00,16.580000000000002,13.940000000000001,0.0
2024-04-06 00:00:00+00:00,16.3,13.12,0.0
2024-04-06 01:00:00+00:00,16.1,12.74,0.0
2024-04-06 02:00:00+00:00,15.9,12.280000000000001,0.0
2024-04-06 03:00:00+00:00,15.960000000000003,12.12,0.0
2024-04-06 04:00:00+00:00,15.959999999999999,12.080000000000002,3.0
2024-04-06 05:00:00+00:00,15.86,11.940000000000001,3.0
2024-04-06 06:00:00+00:00,15.86,11.9,0.0
2024-04-06 07:00:00+00:00,16.4,12.7,3.0
2024-04-06 08:00:00+00:00,18.080000000000002,15.0,3.0
2024-04-06 09:00:00+00:00,20.94,17.9,3.0
2024-04-06 10:00:00+00:00,23.1,20.360000000000003,3.0
2024-04-06 11:00:00+00:00,24.32,21.4,3.0
2024-04-06 12:00:00+00:00,25.48,22.740000000000002,3.0
2024-04-06 13:00:00+00:00,26.0,23.82,3.0
2024-04-06 14:00:00+00:00,25.76,23.86,3.0
2024-04-06 15:00:00+00:00,25.48,23.86,3.0
2024-04-06 16:00:00+00:00,24.64,23.0,3.0
2024-04-06 17:00:00+00:00,23.5,22.2,3.0
2024-04-06 18:00:00+00:00,22.04,19.96,3.0
2024-04-06 19:00:00+00:00,18.759999999999998,16.78,3.0
2024-04-06 20:00:00+00:00,17.28,15.24,3.0
2024-04-06 21:00:00+00:00,16.3,14.419999999999998,3.0
2024-04-06 22:00:00+00:00,15.3,13.98,3.0
2024-04-06 23:00:00+00:00,14.76,13.319999999999999,3.0
2024-04-07 00:00:00+00:00,14.6,13.66,3.0
2024-04-07 01:00:00+00:00,14.1,13.4,3.0
2024-04-07 02:00:00+00:00,13.64,13.219999999999999,3.0
2024-04-07 03:00:00+00:00,13.319999999999999,12.8,3.0
2024-04-07 04:00:00+00:00,13.0,12.42,3.0
2024-04-07 05:00:00+00:00,12.88,12.24,3.0
2024-04-07 06:00:00+00:00,12.919999999999998,12.52,3.0
2024-04-07 07:00:00+00:00,13.540000000000001,13.24,3.0
2024-04-07 08:00:00+00:00,14.84,14.680000000000001,3.0
2024-04-07 09:00:00+00:00,15.76,15.919999999999998,3.0
2024-04-07 10:00:00+00:00,16.419999999999998,16.36,3.0
2024-04-07 11:00:00+00:00,16.96,16.98,3.0
2024-04-07 12:00:00+00:00,18.44,18.24,3.0
2024-04-07 13:00:00+00:00,19.02,19.2,3.0
2024-04-07 14:00:00+00:00,19.28,19.2,3.0
2024-04-07 15:00:00+00:00,18.9,18.18,3.0
2024-04-07 16:00:00+00:00,18.06,17.279999999999998,3.0
2024-04-07 17:00:00+00:00,16.82,16.0,61.0
2024-04-07 18:00:00+00:00,16.6,16.86,3.0
2024-04-07 19:00:00+00:00,15.66,15.819999999999999,61.0
2024-04-07 20:00:00+00:00,14.959999999999999,15.12,3.0
2024-04-07 21:00:00+00:00,14.680000000000001,14.819999999999999,3.0
2024-04-07 22:00:00+00:00,14.319999999999999,14.62,61.0
2024-04-07 23:00:00+00:00,14.219999999999999,14.180000000000001,3.0
2024-04-08 00:00:00+00:00,13.219999999999999,13.26,3.0
2024-04-08 01:00:00+00:00,12.6,12.540000000000001,3.0
2024-04-08 02:00:00+00:00,12.2,11.879999999999999,3.0
2024-04-08 03:00:00+00:00,12.059999999999999,11.7,45.0
2024-04-08 04:00:00+00:00,12.1,11.7,45.0
2024-04-08 05:00:00+00:00,12.18,11.7,3.0
2024-04-08 06:00:00+00:00,12.74,11.84,1.0
2024-04-08 07:00:00+00:00,14.180000000000001,13.080000000000002,3.0
2024-04-08 08:00:00+00:00,17.04,16.28,2.0
2024-04-08 09:00:00+00:00,19.32,18.04,1.0
2024-04-08 10:00:00+00:00,20.98,19.759999999999998,3.0
2024-04-08 11:00:00+00:00,22.259999999999998,21.28,3.0
2024-04-08 12:00:00+00:00,21.98,20.54,2.0
2024-04-08 13:00:00+00:00,22.22,20.740000000000002,2.0
2024-04-08 14:00:00+00:00,21.080000000000002,18.580000000000002,3.0
2024-04-08 15:00:00+00:00,17.98,14.919999999999998,3.0
2024-04-08 16:00:00+00:00,15.439999999999998,11.78,61.0
2024-04-08 17:00:00+00:00,13.780000000000001,10.26,61.0
2024-04-08 18:00:00+00:00,12.36,8.66,3.0
2024-04-08 19:00:00+00:00,11.72,8.459999999999999,2.0
2024-04-08 20:00:00+00:00,11.28,7.840000000000001,61.0
2024-04-08 21:00:00+00:00,10.98,7.7,3.0
2024-04-08 22:00:00+00:00,10.74,7.26,3.0
2024-04-08 23:00:00+00:00,10.459999999999999,6.859999999999999,3.0
2024-04-09 00:00:00+00:00,10.3,6.24,3.0
2024-04-09 01:00:00+00:00,10.0,5.76,2.0
2024-04-09 02:00:00+00:00,9.68,5.46,80.0
2024-04-09 03:00:00+00:00,9.459999999999999,5.24,80.0
2024-04-09 04:00:00+00:00,9.32,5.04,2.0
2024-04-09 05:00:00+00:00,9.14,4.74,2.0
2024-04-09 06:00:00+00:00,8.959999999999999,5.220000000000001,2.0
2024-04-09 07:00:00+00:00,9.22,5.2,2.0
2024-04-09 08:00:00+00:00,9.76,5.64,2.0
2024-04-09 09:00:00+00:00,10.360000000000001,6.1,2.0
2024-04-09 10:00:00+00:00,10.86,6.640000000000001,2.0
2024-04-09 11:00:00+00:00,11.180000000000001,6.9799999999999995,80.0
2024-04-09 12:00:00+00:00,11.6,7.340000000000001,2.0
2024-04-09 13:00:00+00:00,11.78,7.4,2.0
2024-04-09 14:00:00+00:00,11.9,7.44,2.0
2024-04-09 15:00:00+00:00,11.879999999999999,7.459999999999999,80.0
2024-04-09 16:00:00+00:00,11.66,7.359999999999999,2.0
2024-04-09 17:00:00+00:00,11.2,7.159999999999999,2.0
2024-04-09 18:00:00+00:00,10.620000000000001,6.9,2.0
2024-04-09 19:00:00+00:00,10.2,6.959999999999999,2.0
2024-04-09 20:00:00+00:00,9.92,7.040000000000001,2.0
2024-04-09 21:00:00+00:00,9.72,7.140000000000001,2.0
2024-04-09 22:00:00+00:00,9.540000000000001,7.1,2.0
2024-04-09 23:00:00+00:00,9.440000000000001,7.159999999999999,2.0
2024-04-10 00:00:00+00:00,8.92,6.8,2.0
2024-04-10 01:00:00+00:00,8.84,6.88,2.0
2024-04-10 02:00:00+00:00,8.72,6.94,3.0
2024-04-10 03:00:00+00:00,8.58,6.9399999999999995,2.0
2024-04-10 04:00:00+00:00,8.360000000000001,6.860000000000001,2.0
2024-04-10 05:00:00+00:00,8.08,6.7,2.0
2024-04-10 06:00:00+00:00,7.68,6.3,3.0
2024-04-10 07:00:00+00:00,8.64,7.459999999999999,3.0
2024-04-10 08:00:00+00:00,10.26,8.9,3.0
2024-04-10 09:00:00+00:00,11.440000000000001,10.059999999999999,3.0
2024-04-10 10:00:00+00:00,12.620000000000001,11.24,2.0
2024-04-10 11:00:00+00:00,13.440000000000001,11.82,3.0
2024-04-10 12:00:00+00:00,14.0,12.14,2.0
2024-04-10 13:00:00+00:00,14.36,12.3,2.0
2024-04-10 14:00:00+00:00,14.580000000000002,12.08,2.0
2024-04-10 15:00:00+00:00,14.580000000000002,11.9,2.0
2024-04-10 16:00:00+00:00,14.38,11.64,2.0
2024-04-10 17:00:00+00:00,13.84,11.3,2.0
2024-04-10 18:00:00+00:00,13.1,11.0,3.0
2024-04-10 19:00:00+00:00,12.22,10.76,3.0
2024-04-10 20:00:00+00:00,11.72,10.54,3.0
2024-04-10 21:00:00+00:00,11.34,10.3,3.0
2024-04-10 22:00:00+00:00,10.959999999999999,9.86,3.0
2024-04-10 23:00:00+00:00,10.72,9.719999999999999,3.0
2024-04-11 00:00:00+00:00,10.879999999999999,10.02,3.0
2024-04-11 01:00:00+00:00,10.9,10.18,3.0
2024-04-11 02:00:00+00:00,10.9,10.18,3.0
2024-04-11 03:00:00+00:00,10.82,10.040000000000001,3.0
2024-04-11 04:00:00+00:00,10.66,10.040000000000001,3.0
2024-04-11 05:00:00+00:00,10.6,9.92,3.0
2024-04-11 06:00:00+00:00,9.6,8.620000000000001,3.0
2024-04-11 07:00:00+00:00,10.7,9.92,3.0
2024-04-11 08:00:00+00:00,12.219999999999999,11.5,3.0
2024-04-11 09:00:00+00:00,13.6,12.74,2.0
2024-04-11 10:00:00+00:00,14.819999999999999,13.919999999999998,3.0
2024-04-11 11:00:00+00:00,16.119999999999997,15.559999999999999,2.0
2024-04-11 12:00:00+00:00,16.1,15.780000000000001,3.0
2024-04-11 13:00:00+00:00,16.94,16.72,3.0
2024-04-11 14:00:00+00:00,17.44,17.0,3.0
2024-04-11 15:00:00+00:00,17.64,17.0,3.0
2024-04-11 16:00:00+00:00,17.54,16.759999999999998,3.0
2024-04-11 17:00:00+00:00,17.240000000000002,16.6,3.0
2024-04-11 18:00:00+00:00,16.380000000000003,15.7,2.0
2024-04-11 19:00:00+00:00,14.940000000000001,14.64,0.0
2024-04-11 20:00:00+00:00,13.8,13.6,0.0
2024-04-11 21:00:00+00:00,12.9,12.64,2.0
2024-04-11 22:00:00+00:00,12.1,11.8,1.0
2024-04-11 23:00:00+00:00,11.4,11.059999999999999,1.0
2024-04-12 00:00:00+00:00,10.98,10.540000000000001,1.0
2024-04-12 01:00:00+00:00,10.42,9.92,1.0
2024-04-12 02:00:00+00:00,9.959999999999999,9.34,45.0
2024-04-12 03:00:00+00:00,9.52,8.8,45.0
2024-04-12 04:00:00+00:00,9.18,8.32,45.0
2024-04-12 05:00:00+00:00,8.959999999999999,8.0,45.0
2024-04-12 06:00:00+00:00,8.540000000000001,7.44,45.0
2024-04-12 07:00:00+00:00,10.639999999999999,10.0,1.0
2024-04-12 08:00:00+00:00,14.34,14.040000000000001,0.0
2024-04-12 09:00:00+00:00,16.7,16.34,0.0
2024-04-12 10:00:00+00:00,18.619999999999997,19.02,0.0
2024-04-12 11:00:00+00:00,20.28,21.46,0.0
2024-04-12 12:00:00+00:00,21.32,22.44,0.0
2024-04-12 13:00:00+00:00,22.32,23.46,0.0
2024-04-12 14:00:00+00:00,22.939999999999998,23.8,0.0
2024-04-12 15:00:00+00:00,23.14,23.44,0.0
2024-04-12 16:00:00+00:00,22.94,22.68,0.0
2024-04-12 17:00:00+00:00,22.3,22.28,0.0
2024-04-12 18:00:00+00:00,21.419999999999998,21.98,0.0
2024-04-12 19:00:00+00:00,18.94,19.5,0.0
2024-04-12 20:00:00+00:00,17.119999999999997,17.54,0.0
2024-04-12 21:00:00+00:00,15.719999999999999,15.959999999999999,0.0
2024-04-12 22:00:00+00:00,14.64,14.780000000000001,1.0
2024-04-12 23:00:00+00:00,13.66,13.64,0.0
2024-04-13 00:00:00+00:00,12.36,12.1,0.0
2024-04-13 01:00:00+00:00,11.58,11.22,0.0
2024-04-13 02:00:00+00:00,10.940000000000001,10.4,45.0
2024-04-13 03:00:00+00:00,10.459999999999999,9.780000000000001,1.0
2024-04-13 04:00:00+00:00,10.1,9.36,45.0
2024-04-13 05:00:00+00:00,9.82,8.919999999999998,45.0
2024-04-13 06:00:00+00:00,9.02,7.959999999999999,45.0
2024-04-13 07:00:00+00:00,11.419999999999998,10.9,0.0
2024-04-13 08:00:00+00:00,16.02,16.619999999999997,1.0
2024-04-13 09:00:00+00:00,19.44,20.0,0.0
2024-04-13 10:00:00+00:00,21.46,23.26,1.0
2024-04-13 11:00:00+00:00,23.06,25.439999999999998,1.0
2024-04-13 12:00:00+00:00,24.5,26.8,0.0
2024-04-13 13:00:00+00:00,25.06,27.160000000000004,0.0
2024-04-13 14:00:00+00:00,25.16,26.72,1.0
2024-04-13 15:00:00+00:00,24.82,25.74,3.0
2024-04-13 16:00:00+00:00,24.119999999999997,24.36,3.0
2024-04-13 17:00:00+00:00,23.02,23.36,1.0
2024-04-13 18:00:00+00:00,21.4,21.919999999999998,3.0
2024-04-13 19:00:00+00:00,19.06,19.48,0.0
2024-04-13 20:00:00+00:00,17.18,17.4,3.0
2024-04-13 21:00:00+00:00,15.719999999999999,15.88,3.0
2024-04-13 22:00:00+00:00,14.86,14.9,2.0
2024-04-13 23:00:00+00:00,14.34,14.3,2.0
2024-04-14 00:00:00+00:00,13.14,13.080000000000002,0.0
2024-04-14 01:00:00+00:00,12.66,12.5,0.0
2024-04-14 02:00:00+00:00,12.2,11.88,1.0
2024-04-14 03:00:00+00:00,11.76,11.3,0.0
2024-04-14 04:00:00+00:00,11.28,10.719999999999999,0.0
2024-04-14 05:00:00+00:00,10.82,10.14,0.0
2024-04-14 06:00:00+00:00,10.84,10.2,1.0
2024-04-14 07:00:00+00:00,12.540000000000001,12.379999999999999,0.0
2024-04-14 08:00:00+00:00,15.919999999999998,16.2,0.0
2024-04-14 09:00:00+00:00,18.26,18.78,0.0
2024-04-14 10:00:00+00:00,20.18,21.6,0.0
2024-04-14 11:00:00+00:00,21.7,23.72,0.0
2024-04-14 12:00:00+00:00,23.64,25.880000000000003,0.0
2024-04-14 13:00:00+00:00,24.380000000000003,26.439999999999998,0.0
2024-04-14 14:00:00+00:00,24.82,26.46,2.0
2024-04-14 15:00:00+00:00,24.68,25.419999999999998,2.0
2024-04-14 16:00:00+00:00,23.8,23.78,3.0
2024-04-14 17:00:00+00:00,22.52,22.2,3.0
2024-04-14 18:00:00+00:00,20.240000000000002,19.580000000000002,1.0
2024-04-14 19:00:00+00:00,18.119999999999997,17.380000000000003,3.0
2024-04-14 20:00:00+00:00,16.44,15.24,3.0
2024-04-14 21:00:00+00:00,14.959999999999999,13.680000000000001,3.0
2024-04-14 22:00:00+00:00,14.059999999999999,12.919999999999998,3.0
2024-04-14 23:00:00+00:00,13.559999999999999,12.419999999999998,3.0
2024-04-15 00:00:00+00:00,13.74,12.959999999999999,3.0
2024-04-15 01:00:00+00:00,13.680000000000001,12.9,3.0
2024-04-15 02:00:00+00:00,13.440000000000001,12.16,3.0
2024-04-15 03:00:00+00:00,12.9,11.58,3.0
2024-04-15 04:00:00+00:00,12.580000000000002,11.22,3.0
2024-04-15 05:00:00+00:00,12.4,11.02,3.0
2024-04-15 06:00:00+00:00,12.440000000000001,11.059999999999999,80.0
2024-04-15 07:00:00+00:00,13.040000000000001,11.36,3.0
2024-04-15 08:00:00+00:00,13.88,11.940000000000001,2.0
2024-04-15 09:00:00+00:00,14.719999999999999,12.6,2.0
2024-04-15 10:00:00+00:00,15.459999999999999,13.12,2.0
2024-04-15 11:00:00+00:00,15.86,13.219999999999999,2.0
2024-04-15 12:00:00+00:00,15.48,12.24,2.0
2024-04-15 13:00:00+00:00,15.66,12.16,2.0
2024-04-15 14:00:00+00:00,15.24,11.56,2.0
2024-04-15 15:00:00+00:00,14.959999999999999,10.940000000000001,2.0
2024-04-15 16:00:00+00:00,14.52,10.540000000000001,2.0
2024-04-15 17:00:00+00:00,13.76,9.9,2.0
2024-04-15 18:00:00+00:00,13.419999999999998,10.120000000000001,3.0
2024-04-15 19:00:00+00:00,12.68,9.620000000000001,3.0
2024-04-15 20:00:00+00:00,12.3,9.540000000000001,2.0
2024-04-15 21:00:00+00:00,11.98,9.32,3.0
2024-04-15 22:00:00+00:00,11.7,8.739999999999998,2.0
2024-04-15 23:00:00+00:00,11.440000000000001,8.540000000000001,2.0
2024-04-16 00:00:00+00:00,11.040000000000001,8.459999999999999,2.0
2024-04-16 01:00:00+00:00,10.8,8.4,3.0
2024-04-16 02:00:00+00:00,10.68,8.1,2.0
2024-04-16 03:00:00+00:00,10.459999999999999,8.059999999999999,2.0
2024-04-16 04:00:00+00:00,10.059999999999999,7.76,3.0
2024-04-16 05:00:00+00:00,9.540000000000001,7.26,2.0
2024-04-16 06:00:00+00:00,9.84,7.279999999999999,2.0
2024-04-16 07:00:00+00:00,10.48,7.720000000000001,3.0
2024-04-16 08:00:00+00:00,11.22,7.959999999999999,2.0
2024-04-16 09:00:00+00:00,12.02,8.559999999999999,3.0
2024-04-16 10:00:00+00:00,12.6,8.959999999999999,3.0
2024-04-16 11:00:00+00:00,12.78,8.739999999999998,3.0
2024-04-16 12:00:00+00:00,13.34,8.9,3.0
2024-04-16 13:00:00+00:00,13.580000000000002,9.28,3.0
2024-04-16 14:00:00+00:00,13.319999999999999,9.02,2.0
2024-04-16 15:00:00+00:00,13.2,8.559999999999999,3.0
2024-04-16 16:00:00+00:00,12.88,8.5,3.0
2024-04-16 17:00:00+00:00,12.36,8.2,2.0
2024-04-16 18:00:00+00:00,11.82,7.62,2.0
2024-04-16 19:00:00+00:00,11.0,7.42,2.0
2024-04-16 20:00:00+00:00,10.419999999999998,7.279999999999999,3.0
2024-04-16 21:00:00+00:00,9.98,6.859999999999999,1.0
2024-04-16 22:00:00+00:00,9.42,6.4399999999999995,2.0
2024-04-16 23:00:00+00:00,9.02,6.18,2.0
2024-04-17 00:00:00+00:00,9.16,6.359999999999999,0.0
2024-04-17 01:00:00+00:00,8.8,6.14,2.0
2024-04-17 02:00:00+00:00,8.28,5.74,2.0
2024-04-17 03:00:00+00:00,7.68,5.18,2.0
2024-04-17 04:00:00+00:00,7.3,4.94,0.0
2024-04-17 05:00:00+00:00,7.12,4.82,0.0
2024-04-17 06:00:00+00:00,7.4,5.32,3.0
2024-04-17 07:00:00+00:00,8.559999999999999,6.42,0.0
2024-04-17 08:00:00+00:00,9.84,7.44,0.0
2024-04-17 09:00:00+00:00,10.98,8.42,2.0
2024-04-17 10:00:00+00:00,12.219999999999999,9.52,3.0
2024-04-17 11:00:00+00:00,13.24,10.620000000000001,2.0
2024-04-17 12:00:00+00:00,13.4,10.34,2.0
2024-04-17 13:00:00+00:00,13.84,10.6,2.0
2024-04-17 14:00:00+00:00,13.84,10.040000000000001,2.0
2024-04-17 15:00:00+00:00,13.5,9.4,3.0
2024-04-17 16:00:00+00:00,13.2,8.92,3.0
2024-04-17 17:00:00+00:00,12.52,8.34,2.0
2024-04-17 18:00:00+00:00,12.080000000000002,8.2,2.0
2024-04-17 19:00:00+00:00,11.059999999999999,7.76,2.0
2024-04-17 20:00:00+00:00,10.16,7.24,2.0
2024-04-17 21:00:00+00:00,9.42,6.68,1.0
2024-04-17 22:00:00+00:00,8.8,6.159999999999999,1.0
2024-04-17 23:00:00+00:00,8.360000000000001,5.74,2.0
2024-04-18 00:00:00+00:00,8.74,6.08,3.0
2024-04-18 01:00:00+00:00,8.68,5.9,2.0
2024-04-18 02:00:00+00:00,8.620000000000001,5.8,3.0
2024-04-18 03:00:00+00:00,8.459999999999999,5.779999999999999,3.0
2024-04-18 04:00:00+00:00,8.16,5.62,3.0
2024-04-18 05:00:00+00:00,7.779999999999999,5.4,3.0
2024-04-18 06:00:00+00:00,7.58,5.3,3.0
2024-04-18 07:00:00+00:00,8.540000000000001,6.18,3.0
2024-04-18 08:00:00+00:00,9.440000000000001,6.9,2.0
2024-04-18 09:00:00+00:00,10.36,7.68,2.0
2024-04-18 10:00:00+00:00,11.5,8.64,2.0
2024-04-18 11:00:00+00:00,12.22,9.6,3.0
2024-04-18 12:00:00+00:00,11.98,8.879999999999999,2.0
2024-04-18 13:00:00+00:00,12.52,9.32,2.0
2024-04-18 14:00:00+00:00,12.7,9.540000000000001,1.0
2024-04-18 15:00:00+00:00,12.959999999999999,9.66,80.0
2024-04-18 16:00:00+00:00,12.959999999999999,9.459999999999999,1.0
2024-04-18 17:00:00+00:00,12.620000000000001,9.4,1.0
2024-04-18 18:00:00+00:00,12.08,9.379999999999999,1.0
2024-04-18 19:00:00+00:00,10.68,8.74,0.0
2024-04-18 20:00:00+00:00,9.52,7.8,0.0
2024-04-18 21:00:00+00:00,8.7,6.92,0.0
2024-04-18 22:00:00+00:00,8.0,6.1,2.0
2024-04-18 23:00:00+00:00,7.340000000000001,5.36,1.0
2024-04-19 00:00:00+00:00,6.5200000000000005,4.4,0.0
2024-04-19 01:00:00+00:00,5.92,3.8,0.0
2024-04-19 02:00:00+00:00,5.26,3.1,0.0
2024-04-19 03:00:00+00:00,4.68,2.48,0.0
2024-04-19 04:00:00+00:00,4.119999999999999,1.86,0.0
2024-04-19 05:00:00+00:00,3.5800000000000005,1.2399999999999998,0.0
2024-04-19 06:00:00+00:00,4.0600000000000005,1.7400000000000002,0.0
2024-04-19 07:00:00+00:00,6.5200000000000005,4.62,0.0
2024-04-19 08:00:00+00:00,9.98,7.92,0.0
2024-04-19 09:00:00+00:00,12.059999999999999,9.82,0.0
2024-04-19 10:00:00+00:00,13.440000000000001,11.58,0.0
2024-04-19 11:00:00+00:00,14.459999999999999,12.959999999999999,0.0
2024-04-19 12:00:00+00:00,15.3,14.219999999999999,0.0
2024-04-19 13:00:00+00:00,15.9,14.66,0.0
2024-04-19 14:00:00+00:00,16.240000000000002,14.64,0.0
2024-04-19 15:00:00+00:00,16.240000000000002,14.040000000000001,0.0
2024-04-19 16:00:00+00:00,15.959999999999999,13.0,0.0
2024-04-19 17:00:00+00:00,15.360000000000003,12.48,0.0
2024-04-19 18:00:00+00:00,14.780000000000001,12.2,0.0
2024-04-19 19:00:00+00:00,12.819999999999999,10.62,0.0
2024-04-19 20:00:00+00:00,11.459999999999999,9.540000000000001,0.0
2024-04-19 21:00:00+00:00,10.379999999999999,8.52,0.0
2024-04-19 22:00:00+00:00,9.559999999999999,7.82,0.0
2024-04-19 23:00:00+00:00,8.879999999999999,7.159999999999999,0.0
2024-04-20 00:00:00+00:00,8.3,6.5,0.0
2024-04-20 01:00:00+00:00,7.82,5.9,0.0
2024-04-20 02:00:00+00:00,7.340000000000001,5.26,1.0
2024-04-20 03:00:00+00:00,6.92,4.88,0.0
2024-04-20 04:00:00+00:00,6.44,4.4,2.0
2024-04-20 05:00:00+00:00,6.2,4.16,1.0
2024-04-20 06:00:00+00:00,6.58,4.32,0.0
2024-04-20 07:00:00+00:00,8.56,6.279999999999999,0.0
2024-04-20 08:00:00+00:00,10.8,8.34,0.0
2024-04-20 09:00:00+00:00,12.379999999999999,9.74,1.0
2024-04-20 10:00:00+00:00,13.64,11.6,1.0
2024-04-20 11:00:00+00:00,14.719999999999999,12.78,1.0
2024-04-20 12:00:00+00:00,15.38,13.02,2.0
2024-04-20 13:00:00+00:00,15.780000000000001,13.320000000000002,1.0
2024-04-20 14:00:00+00:00,15.86,13.02,2.0
2024-04-20 15:00:00+00:00,15.580000000000002,12.2,2.0
2024-04-20 16:00:00+00:00,15.180000000000001,11.36,2.0
2024-04-20 17:00:00+00:00,14.38,10.559999999999999,2.0
2024-04-20 18:00:00+00:00,14.040000000000001,10.42,0.0
2024-04-20 19:00:00+00:00,12.4,9.120000000000001,2.0
2024-04-20 20:00:00+00:00,10.98,7.82,0.0
2024-04-20 21:00:00+00:00,10.0,6.640000000000001,0.0
2024-04-20 22:00:00+00:00,8.94,5.68,0.0
2024-04-20 23:00:00+00:00,8.1,4.88,0.0
2024-04-21 00:00:00+00:00,6.7,3.78,0.0
2024-04-21 01:00:00+00:00,5.92,3.06,0.0
2024-04-21 02:00:00+00:00,5.26,2.2600000000000002,0.0
2024-04-21 03:00:00+00:00,4.66,1.6199999999999999,0.0
2024-04-21 04:00:00+00:00,4.14,1.08,0.0
2024-04-21 05:00:00+00:00,3.62,0.5200000000000001,0.0
2024-04-21 06:00:00+00:00,3.9,0.76,0.0
2024-04-21 07:00:00+00:00,5.779999999999999,2.4799999999999995,0.0
2024-04-21 08:00:00+00:00,7.58,3.9200000000000004,0.0
2024-04-21 09:00:00+00:00,9.280000000000001,5.74,0.0
2024-04-21 10:00:00+00:00,10.74,7.76,1.0
2024-04-21 11:00:00+00:00,11.74,8.92,1.0
2024-04-21 12:00:00+00:00,13.080000000000002,10.62,1.0
2024-04-21 13:00:00+00:00,13.7,11.040000000000001,1.0
2024-04-21 14:00:00+00:00,13.88,10.78,1.0
2024-04-21 15:00:00+00:00,13.680000000000001,9.879999999999999,1.0
2024-04-21 16:00:00+00:00,13.34,9.0,1.0
2024-04-21 17:00:00+00:00,12.66,8.42,2.0
2024-04-21 18:00:00+00:00,12.1,8.08,1.0
2024-04-21 19:00:00+00:00,10.64,7.18,1.0
2024-04-21 20:00:00+00:00,9.379999999999999,6.0200000000000005,1.0
2024-04-21 21:00:00+00:00,8.32,4.9799999999999995,0.0
2024-04-21 22:00:00+00:00,7.4799999999999995,4.08,2.0
2024-04-21 23:00:00+00:00,6.9,3.5200000000000005,2.0
2024-04-22 00:00:00+00:00,6.4,3.12,0.0
2024-04-22 01:00:00+00:00,5.8,2.64,0.0
2024-04-22 02:00:00+00:00,5.220000000000001,2.04,0.0
2024-04-22 03:00:00+00:00,4.68,1.58,0.0
2024-04-22 04:00:00+00:00,4.12,1.1199999999999999,0.0
2024-04-22 05:00:00+00:00,3.66,0.6000000000000001,0.0
2024-04-22 06:00:00+00:00,3.6,0.5599999999999999,0.0
2024-04-22 07:00:00+00:00,5.62,2.32,0.0
2024-04-22 08:00:00+00:00,7.44,3.8200000000000003,0.0
2024-04-22 09:00:00+00:00,9.3,5.64,0.0
2024-04-22 10:00:00+00:00,10.48,6.42,2.0
2024-04-22 11:00:00+00:00,11.32,7.040000000000001,2.0
2024-04-22 12:00:00+00:00,12.34,8.36,3.0
2024-04-22 13:00:00+00:00,12.76,8.6,2.0
2024-04-22 14:00:00+00:00,12.940000000000001,8.5,2.0
2024-04-22 15:00:00+00:00,13.040000000000001,8.32,2.0
2024-04-22 16:00:00+00:00,12.940000000000001,8.059999999999999,2.0
2024-04-22 17:00:00+00:00,12.440000000000001,7.68,2.0
2024-04-22 18:00:00+00:00,11.5,7.0,1.0
2024-04-22 19:00:00+00:00,10.14,6.44,1.0
2024-04-22 20:00:00+00:00,8.940000000000001,5.74,2.0
2024-04-22 21:00:00+00:00,7.959999999999999,5.0,1.0
2024-04-22 22:00:00+00:00,7.0600000000000005,4.24,0.0
2024-04-22 23:00:00+00:00,6.319999999999999,3.62,0.0
2024-04-23 00:00:00+00:00,5.779999999999999,2.9,1.0
2024-04-23 01:00:00+00:00,5.32,2.4200000000000004,3.0
2024-04-23 02:00:00+00:00,5.0,2.1399999999999997,3.0
2024-04-23 03:00:00+00:00,4.84,2.06,1.0
2024-04-23 04:00:00+00:00,4.659999999999999,1.9200000000000004,3.0
2024-04-23 05:00:00+00:00,4.74,2.04,3.0
2024-04-23 06:00:00+00:00,5.4799999999999995,2.9,3.0
2024-04-23 07:00:00+00:00,6.82,4.1,61.0
2024-04-23 08:00:00+00:00,7.88,4.779999999999999,3.0
2024-04-23 09:00:00+00:00,8.68,5.279999999999999,1.0
2024-04-23 10:00:00+00:00,9.52,5.92,2.0
2024-04-23 11:00:00+00:00,10.08,6.38,2.0
2024-04-23 12:00:00+00:00,10.52,7.08,2.0
2024-04-23 13:00:00+00:00,10.959999999999999,7.279999999999999,3.0
2024-04-23 14:00:00+00:00,11.3,7.18,2.0
2024-04-23 15:00:00+00:00,11.58,7.140000000000001,2.0
2024-04-23 16:00:00+00:00,11.559999999999999,6.88,1.0
2024-04-23 17:00:00+00:00,11.2,6.540000000000001,1.0
2024-04-23 18:00:00+00:00,10.879999999999999,6.58,1.0
2024-04-23 19:00:00+00:00,9.58,5.92,1.0
2024-04-23 20:00:00+00:00,8.44,5.2,0.0
2024-04-23 21:00:00+00:00,7.74,4.62,0.0
2024-04-23 22:00:00+00:00,6.8,3.94,0.0
2024-04-23 23:00:00+00:00,5.9,3.16,1.0
2024-04-24 00:00:00+00:00,5.5200000000000005,2.8,1.0
2024-04-24 01:00:00+00:00,4.779999999999999,2.16,1.0
2024-04-24 02:00:00+00:00,4.26,1.6199999999999999,0.0
2024-04-24 03:00:00+00:00,3.94,1.3800000000000001,0.0
2024-04-24 04:00:00+00:00,3.78,1.34,1.0
2024-04-24 05:00:00+00:00,3.7,1.1800000000000002,1.0
2024-04-24 06:00:00+00:00,6.0200000000000005,3.6799999999999997,2.0
2024-04-24 07:00:00+00:00,8.059999999999999,5.720000000000001,2.0
2024-04-24 08:00:00+00:00,9.82,7.340000000000001,3.0
2024-04-24 09:00:00+00:00,11.18,8.34,3.0
2024-04-24 10:00:00+00:00,11.76,8.76,3.0
2024-04-24 11:00:00+00:00,12.18,9.1,3.0
2024-04-24 12:00:00+00:00,12.459999999999999,9.26,3.0
2024-04-24 13:00:00+00:00,12.68,9.42,3.0
2024-04-24 14:00:00+00:00,12.919999999999998,9.620000000000001,1.0
2024-04-24 15:00:00+00:00,12.76,9.3,2.0
2024-04-24 16:00:00+00:00,12.28,9.02,2.0
2024-04-24 17:00:00+00:00,11.92,8.98,3.0
2024-04-24 18:00:00+00:00,11.34,8.4,2.0
2024-04-24 19:00:00+00:00,10.64,8.14,3.0
2024-04-24 20:00:00+00:00,10.08,7.92,3.0
2024-04-24 21:00:00+00:00,9.66,7.76,3.0
2024-04-24 22:00:00+00:00,9.22,7.42,3.0
2024-04-24 23:00:00+00:00,8.879999999999999,7.12,3.0
2024-04-25 00:00:00+00:00,8.6,7.08,2.0
2024-04-25 01:00:00+00:00,8.22,6.68,2.0
2024-04-25 02:00:00+00:00,8.0,6.44,2.0
2024-04-25 03:00:00+00:00,8.0,6.42,3.0
2024-04-25 04:00:00+00:00,7.88,6.3,3.0
2024-04-25 05:00:00+00:00,7.659999999999999,6.06,3.0
2024-04-25 06:00:00+00:00,8.26,6.659999999999999,3.0
2024-04-25 07:00:00+00:00,9.319999999999999,7.74,2.0
2024-04-25 08:00:00+00:00,10.68,8.9,2.0
2024-04-25 09:00:00+00:00,11.76,9.98,3.0
2024-04-25 10:00:00+00:00,12.440000000000001,10.5,2.0
2024-04-25 11:00:00+00:00,13.040000000000001,10.92,3.0
2024-04-25 12:00:00+00:00,13.680000000000001,11.38,3.0
2024-04-25 13:00:00+00:00,14.059999999999999,11.7,3.0
2024-04-25 14:00:00+00:00,14.34,11.9,3.0
2024-04-25 15:00:00+00:00,14.38,11.78,3.0
2024-04-25 16:00:00+00:00,13.98,11.34,2.0
2024-04-25 17:00:00+00:00,13.419999999999998,10.86,3.0
2024-04-25 18:00:00+00:00,12.059999999999999,9.72,3.0
2024-04-25 19:00:00+00:00,11.3,9.459999999999999,3.0
2024-04-25 20:00:00+00:00,10.72,9.22,3.0
2024-04-25 21:00:00+00:00,10.459999999999999,9.120000000000001,3.0
2024-04-25 22:00:00+00:00,10.239999999999998,9.040000000000001,3.0
2024-04-25 23:00:00+00:00,10.0,8.92,3.0
2024-04-26 00:00:00+00:00,9.34,8.059999999999999,3.0
2024-04-26 01:00:00+00:00,8.92,7.56,3.0
2024-04-26 02:00:00+00:00,8.52,7.06,3.0
2024-04-26 03:00:00+00:00,8.32,6.76,3.0
2024-04-26 04:00:00+00:00,8.28,6.68,3.0
2024-04-26 05:00:00+00:00,8.34,6.68,3.0
2024-04-26 06:00:00+00:00,8.34,6.640000000000001,3.0
2024-04-26 07:00:00+00:00,10.14,8.459999999999999,3.0
2024-04-26 08:00:00+00:00,11.84,10.08,3.0
2024-04-26 09:00:00+00:00,13.14,11.52,80.0
2024-04-26 10:00:00+00:00,14.12,12.7,80.0
2024-04-26 11:00:00+00:00,15.0,13.66,80.0
2024-04-26 12:00:00+00:00,15.12,13.5,3.0
2024-04-26 13:00:00+00:00,15.38,13.52,3.0
2024-04-26 14:00:00+00:00,15.580000000000002,13.540000000000001,3.0
2024-04-26 15:00:00+00:00,15.539999999999997,13.559999999999999,3.0
2024-04-26 16:00:00+00:00,15.38,13.52,3.0
2024-04-26 17:00:00+00:00,14.74,13.14,3.0
2024-04-26 18:00:00+00:00,13.88,12.52,3.0
2024-04-26 19:00:00+00:00,13.059999999999999,12.12,3.0
2024-04-26 20:00:00+00:00,12.379999999999999,11.76,3.0
2024-04-26 21:00:00+00:00,11.959999999999999,11.36,3.0
2024-04-26 22:00:00+00:00,11.419999999999998,10.6,3.0
2024-04-26 23:00:00+00:00,11.040000000000001,10.040000000000001,3.0
2024-04-27 00:00:00+00:00,10.4,9.14,3.0
2024-04-27 01:00:00+00:00,10.319999999999999,8.9,61.0
2024-04-27 02:00:00+00:00,10.16,8.7,3.0
2024-04-27 03:00:00+00:00,9.959999999999999,8.32,3.0
2024-04-27 04:00:00+00:00,9.7,7.82,3.0
2024-04-27 05:00:00+00:00,9.559999999999999,7.4,3.0
2024-04-27 06:00:00+00:00,9.92,7.94,1.0
2024-04-27 07:00:00+00:00,11.82,9.940000000000001,2.0
2024-04-27 08:00:00+00:00,13.84,11.82,3.0
2024-04-27 09:00:00+00:00,14.4,12.22,61.0
2024-04-27 10:00:00+00:00,15.2,13.059999999999999,80.0
2024-04-27 11:00:00+00:00,15.559999999999999,13.26,3.0
2024-04-27 12:00:00+00:00,16.36,14.1,3.0
2024-04-27 13:00:00+00:00,16.02,13.780000000000001,95.0
2024-04-27 14:00:00+00:00,15.36,12.940000000000001,80.0
2024-04-27 15:00:00+00:00,15.38,12.5,1.0
2024-04-27 16:00:00+00:00,14.52,11.34,1.0
2024-04-27 17:00:00+00:00,12.9,9.42,1.0
2024-04-27 18:00:00+00:00,13.14,10.48,1.0
2024-04-27 19:00:00+00:00,11.6,8.8,2.0
2024-04-27 20:00:00+00:00,10.86,8.059999999999999,3.0
2024-04-27 21:00:00+00:00,10.440000000000001,7.7,2.0
2024-04-27 22:00:00+00:00,10.34,7.840000000000001,2.0
2024-04-27 23:00:00+00:00,10.459999999999999,7.779999999999999,2.0
2024-04-28 00:00:00+00:00,10.28,8.0,2.0
2024-04-28 01:00:00+00:00,9.959999999999999,7.540000000000001,2.0
2024-04-28 02:00:00+00:00,9.6,7.32,1.0
2024-04-28 03:00:00+00:00,9.16,6.880000000000001,2.0
2024-04-28 04:00:00+00:00,8.7,6.38,2.0
2024-04-28 05:00:00+00:00,8.5,6.16,1.0
2024-04-28 06:00:00+00:00,8.540000000000001,6.36,2.0
2024-04-28 07:00:00+00:00,10.42,8.28,2.0
2024-04-28 08:00:00+00:00,11.940000000000001,9.58,2.0
2024-04-28 09:00:00+00:00,13.14,10.639999999999999,2.0
2024-04-28 10:00:00+00:00,14.26,12.24,2.0
2024-04-28 11:00:00+00:00,15.180000000000001,13.559999999999999,2.0
2024-04-28 12:00:00+00:00,14.180000000000001,12.02,2.0
2024-04-28 13:00:00+00:00,14.5,12.48,3.0
2024-04-28 14:00:00+00:00,14.86,12.78,2.0
2024-04-28 15:00:00+00:00,14.940000000000001,12.74,2.0
2024-04-28 16:00:00+00:00,14.8,12.52,3.0
2024-04-28 17:00:00+00:00,14.319999999999999,12.2,1.0
2024-04-28 18:00:00+00:00,13.459999999999999,11.34,1.0
2024-04-28 19:00:00+00:00,12.18,10.620000000000001,1.0
2024-04-28 20:00:00+00:00,11.22,9.940000000000001,0.0
2024-04-28 21:00:00+00:00,10.58,9.36,3.0
2024-04-28 22:00:00+00:00,10.08,8.82,0.0
2024-04-28 23:00:00+00:00,9.64,8.34,3.0
2024-04-29 00:00:00+00:00,9.5,8.36,3.0
2024-04-29 01:00:00+00:00,9.24,8.18,3.0
2024-04-29 02:00:00+00:00,9.02,7.9,3.0
2024-04-29 03:00:00+00:00,8.540000000000001,7.32,3.0
2024-04-29 04:00:00+00:00,8.28,7.140000000000001,3.0
2024-04-29 05:00:00+00:00,8.0,6.720000000000001,3.0
2024-04-29 06:00:00+00:00,8.540000000000001,7.459999999999999,3.0
2024-04-29 07:00:00+00:00,10.040000000000001,9.02,2.0
2024-04-29 08:00:00+00:00,11.7,10.74,3.0
2024-04-29 09:00:00+00:00,12.98,12.02,3.0
2024-04-29 10:00:00+00:00,14.1,13.080000000000002,2.0
2024-04-29 11:00:00+00:00,15.2,14.34,3.0
2024-04-29 12:00:00+00:00,15.3,14.26,3.0
2024-04-29 13:00:00+00:00,15.6,14.48,3.0
2024-04-29 14:00:00+00:00,15.8,14.4,3.0
2024-04-29 15:00:00+00:00,16.04,14.559999999999999,3.0
2024-04-29 16:00:00+00:00,15.940000000000001,14.2,1.0
2024-04-29 17:00:00+00:00,15.419999999999998,13.680000000000001,3.0
2024-04-29 18:00:00+00:00,14.86,13.5,3.0
2024-04-29 19:00:00+00:00,13.680000000000001,12.66,3.0
2024-04-29 20:00:00+00:00,12.7,11.940000000000001,3.0
2024-04-29 21:00:00+00:00,11.959999999999999,11.22,3.0
2024-04-29 22:00:00+00:00,11.26,10.4,3.0
2024-04-29 23:00:00+00:00,10.64,9.72,3.0
2024-04-30 00:00:00+00:00,10.620000000000001,10.02,3.0
2024-04-30 01:00:00+00:00,10.48,9.9,3.0
2024-04-30 02:00:00+00:00,10.419999999999998,9.86,3.0
2024-04-30 03:00:00+00:00,10.16,9.559999999999999,3.0
2024-04-30 04:00:00+00:00,9.68,8.98,45.0
2024-04-30 05:00:00+00:00,9.36,8.5,3.0
2024-04-30 06:00:00+00:00,10.3,9.58,61.0
2024-04-30 07:00:00+00:00,11.4,10.879999999999999,2.0
2024-04-30 08:00:00+00:00,12.72,12.16,1.0
2024-04-30 09:00:00+00:00,13.98,13.36,2.0
2024-04-30 10:00:00+00:00,15.2,14.780000000000001,2.0
2024-04-30 11:00:00+00:00,16.22,15.84,2.0
2024-04-30 12:00:00+00:00,17.6,17.619999999999997,1.0
2024-04-30 13:00:00+00:00,18.2,18.26,1.0
2024-04-30 14:00:00+00:00,18.580000000000002,18.619999999999997,0.0
2024-04-30 15:00:00+00:00,18.64,18.080000000000002,0.0
2024-04-30 16:00:00+00:00,18.5,17.360000000000003,2.0
2024-04-30 17:00:00+00:00,18.06,16.839999999999996,2.0
2024-04-30 18:00:00+00:00,17.16,15.64,2.0
2024-04-30 19:00:00+00:00,15.02,13.540000000000001,3.0
2024-04-30 20:00:00+00:00,13.52,12.2,3.0
2024-04-30 21:00:00+00:00,12.78,11.24,3.0
2024-04-30 22:00:00+00:00,11.98,10.74,1.0
2024-04-30 23:00:00+00:00,11.559999999999999,10.22,80.0
2024-05-01 00:00:00+00:00,11.440000000000001,9.879999999999999,3.0
2024-05-01 01:00:00+00:00,11.18,9.72,3.0
2024-05-01 02:00:00+00:00,10.84,9.2,3.0
2024-05-01 03:00:00+00:00,10.48,8.819999999999999,3.0
2024-05-01 04:00:00+00:00,10.16,8.080000000000002,61.0
2024-05-01 05:00:00+00:00,9.540000000000001,6.9799999999999995,61.0
2024-05-01 06:00:00+00:00,9.74,8.120000000000001,61.0
2024-05-01 07:00:00+00:00,10.0,8.440000000000001,61.0
2024-05-01 08:00:00+00:00,10.32,8.72,61.0
2024-05-01 09:00:00+00:00,10.64,9.08,61.0
2024-05-01 10:00:00+00:00,11.08,9.28,61.0
2024-05-01 11:00:00+00:00,11.42,9.28,61.0
2024-05-01 12:00:00+00:00,11.26,9.02,61.0
2024-05-01 13:00:00+00:00,11.2,8.42,61.0
2024-05-01 14:00:00+00:00,11.0,8.02,61.0
2024-05-01 15:00:00+00:00,10.74,7.94,61.0
2024-05-01 16:00:00+00:00,10.78,8.040000000000001,61.0
2024-05-01 17:00:00+00:00,10.78,8.1,61.0
2024-05-01 18:00:00+00:00,10.68,8.18,61.0
2024-05-01 19:00:00+00:00,10.34,7.9,61.0
2024-05-01 20:00:00+00:00,10.120000000000001,7.619999999999999,3.0
2024-05-01 21:00:00+00:00,10.02,7.44,3.0
2024-05-01 22:00:00+00:00,9.94,7.3,3.0
2024-05-01 23:00:00+00:00,9.92,7.12,3.0
2024-05-02 00:00:00+00:00,9.84,7.040000000000001,3.0
2024-05-02 01:00:00+00:00,9.82,7.0,3.0
2024-05-02 02:00:00+00:00,9.82,7.0200000000000005,3.0
2024-05-02 03:00:00+00:00,9.74,6.94,3.0
2024-05-02 04:00:00+00:00,9.64,6.9,3.0
2024-05-02 05:00:00+00:00,9.68,6.88,3.0
2024-05-02 06:00:00+00:00,9.84,6.720000000000001,3.0
2024-05-02 07:00:00+00:00,10.32,7.06,3.0
2024-05-02 08:00:00+00:00,10.98,7.540000000000001,3.0
2024-05-02 09:00:00+00:00,11.639999999999999,7.88,3.0
2024-05-02 10:00:00+00:00,12.3,8.42,3.0
2024-05-02 11:00:00+00:00,12.68,8.76,3.0
2024-05-02 12:00:00+00:00,13.24,9.74,3.0
2024-05-02 13:00:00+00:00,13.7,10.16,3.0
2024-05-02 14:00:00+00:00,13.819999999999999,10.24,3.0
2024-05-02 15:00:00+00:00,13.88,10.1,3.0
2024-05-02 16:00:00+00:00,13.719999999999999,10.059999999999999,1.0
2024-05-02 17:00:00+00:00,13.3,10.0,3.0
2024-05-02 18:00:00+00:00,12.9,10.040000000000001,1.0
2024-05-02 19:00:00+00:00,11.74,9.440000000000001,0.0
2024-05-02 20:00:00+00:00,10.6,8.6,0.0
2024-05-02 21:00:00+00:00,9.8,7.840000000000001,0.0
2024-05-02 22:00:00+00:00,8.959999999999999,6.859999999999999,0.0
2024-05-02 23:00:00+00:00,8.28,6.180000000000001,0.0
2024-05-03 00:00:00+00:00,8.120000000000001,6.0,3.0
2024-05-03 01:00:00+00:00,7.92,5.8,3.0
2024-05-03 02:00:00+00:00,7.840000000000001,5.76,3.0
2024-05-03 03:00:00+00:00,7.74,5.720000000000001,3.0
2024-05-03 04:00:00+00:00,7.74,5.720000000000001,3.0
2024-05-03 05:00:00+00:00,7.68,5.64,2.0
2024-05-03 06:00:00+00:00,7.959999999999999,6.0600000000000005,2.0
2024-05-03 07:00:00+00:00,10.059999999999999,8.440000000000001,3.0
2024-05-03 08:00:00+00:00,11.959999999999999,10.1,0.0
2024-05-03 09:00:00+00:00,13.219999999999999,10.98,3.0
2024-05-03 10:00:00+00:00,13.919999999999998,11.559999999999999,3.0
2024-05-03 11:00:00+00:00,14.62,12.26,3.0
2024-05-03 12:00:00+00:00,14.76,12.26,3.0
2024-05-03 13:00:00+00:00,15.2,12.7,3.0
2024-05-03 14:00:00+00:00,15.34,12.78,3.0
2024-05-03 15:00:00+00:00,15.14,12.74,3.0
2024-05-03 16:00:00+00:00,14.62,12.559999999999999,3.0
2024-05-03 17:00:00+00:00,14.139999999999997,12.58,3.0
2024-05-03 18:00:00+00:00,13.8,12.52,3.0
2024-05-03 19:00:00+00:00,12.919999999999998,11.7,3.0
2024-05-03 20:00:00+00:00,12.180000000000001,11.0,3.0
2024-05-03 21:00:00+00:00,11.64,10.559999999999999,3.0
2024-05-03 22:00:00+00:00,11.2,10.24,3.0
2024-05-03 23:00:00+00:00,10.959999999999999,9.92,61.0
2024-05-04 00:00:00+00:00,11.040000000000001,9.76,61.0
2024-05-04 01:00:00+00:00,11.059999999999999,9.76,61.0
2024-05-04 02:00:00+00:00,11.059999999999999,9.7,61.0
2024-05-04 03:00:00+00:00,11.08,9.559999999999999,61.0
2024-05-04 04:00:00+00:00,11.02,9.440000000000001,61.0
2024-05-04 05:00:00+00:00,11.24,9.58,61.0
2024-05-04 06:00:00+00:00,12.14,10.48,61.0
2024-05-04 07:00:00+00:00,12.68,11.2,61.0
2024-05-04 08:00:00+00:00,13.5,12.02,61.0
2024-05-04 09:00:00+00:00,14.459999999999999,13.2,61.0
2024-05-04 10:00:00+00:00,15.64,14.3,3.0
2024-05-04 11:00:00+00:00,16.66,15.280000000000001,3.0
2024-05-04 12:00:00+00:00,17.580000000000002,15.680000000000001,3.0
2024-05-04 13:00:00+00:00,18.2,16.54,3.0
2024-05-04 14:00:00+00:00,18.119999999999997,16.4,3.0
2024-05-04 15:00:00+00:00,17.78,16.3,3.0
2024-05-04 16:00:00+00:00,17.4,16.32,3.0
2024-05-04 17:00:00+00:00,16.979999999999997,16.3,3.0
2024-05-04 18:00:00+00:00,16.32,15.919999999999998,3.0
2024-05-04 19:00:00+00:00,15.419999999999998,14.959999999999999,3.0
2024-05-04 20:00:00+00:00,14.66,14.180000000000001,3.0
2024-05-04 21:00:00+00:00,14.219999999999999,13.780000000000001,2.0
2024-05-04 22:00:00+00:00,13.86,13.580000000000002,2.0
2024-05-04 23:00:00+00:00,13.6,13.219999999999999,2.0
2024-05-05 00:00:00+00:00,13.26,12.8,3.0
2024-05-05 01:00:00+00:00,13.0,12.48,3.0
2024-05-05 02:00:00+00:00,12.88,12.459999999999999,3.0
2024-05-05 03:00:00+00:00,12.84,12.48,3.0
2024-05-05 04:00:00+00:00,12.74,12.3,3.0
2024-05-05 05:00:00+00:00,12.5,12.16,3.0
2024-05-05 06:00:00+00:00,13.4,12.959999999999999,3.0
2024-05-05 07:00:00+00:00,14.2,13.76,3.0
2024-05-05 08:00:00+00:00,14.86,14.4,3.0
2024-05-05 09:00:00+00:00,15.460000000000003,15.040000000000001,61.0
2024-05-05 10:00:00+00:00,15.919999999999998,15.64,61.0
2024-05-05 11:00:00+00:00,16.32,16.18,61.0
2024-05-05 12:00:00+00:00,19.3,19.34,3.0
2024-05-05 13:00:00+00:00,18.98,19.28,61.0
2024-05-05 14:00:00+00:00,19.14,19.46,80.0
2024-05-05 15:00:00+00:00,18.48,18.76,3.0
2024-05-05 16:00:00+00:00,18.2,18.52,3.0
2024-05-05 17:00:00+00:00,17.84,18.339999999999996,3.0
2024-05-05 18:00:00+00:00,16.2,16.18,3.0
2024-05-05 19:00:00+00:00,15.24,15.3,3.0
2024-05-05 20:00:00+00:00,14.52,14.419999999999998,3.0
2024-05-05 21:00:00+00:00,14.16,14.059999999999999,3.0
2024-05-05 22:00:00+00:00,13.940000000000001,13.84,3.0
2024-05-05 23:00:00+00:00,13.680000000000001,13.52,3.0
2024-05-06 00:00:00+00:00,12.8,12.48,3.0
2024-05-06 01:00:00+00:00,12.5,11.98,80.0
2024-05-06 02:00:00+00:00,12.18,11.540000000000001,80.0
2024-05-06 03:00:00+00:00,12.1,11.48,80.0
2024-05-06 04:00:00+00:00,12.0,11.16,3.0
2024-05-06 05:00:00+00:00,11.82,10.8,3.0
2024-05-06 06:00:00+00:00,11.620000000000001,10.28,61.0
2024-05-06 07:00:00+00:00,11.8,10.14,3.0
2024-05-06 08:00:00+00:00,12.2,10.440000000000001,3.0
2024-05-06 09:00:00+00:00,12.819999999999999,10.719999999999999,3.0
2024-05-06 10:00:00+00:00,13.080000000000002,10.74,3.0
2024-05-06 11:00:00+00:00,13.780000000000001,11.36,3.0
2024-05-06 12:00:00+00:00,14.5,11.86,2.0
2024-05-06 13:00:00+00:00,14.38,11.76,3.0
2024-05-06 14:00:00+00:00,14.680000000000001,11.959999999999999,3.0
2024-05-06 15:00:00+00:00,14.780000000000001,11.9,1.0
2024-05-06 16:00:00+00:00,14.48,11.42,2.0
2024-05-06 17:00:00+00:00,14.1,11.02,2.0
2024-05-06 18:00:00+00:00,13.4,10.58,3.0
2024-05-06 19:00:00+00:00,12.64,10.2,3.0
2024-05-06 20:00:00+00:00,12.18,9.940000000000001,80.0
2024-05-06 21:00:00+00:00,11.9,9.78,80.0
2024-05-06 22:00:00+00:00,11.86,9.64,3.0
2024-05-06 23:00:00+00:00,11.879999999999999,9.72,3.0
2024-05-07 00:00:00+00:00,11.68,9.6,3.0
2024-05-07 01:00:00+00:00,11.459999999999999,9.42,80.0
2024-05-07 02:00:00+00:00,11.440000000000001,9.440000000000001,80.0
2024-05-07 03:00:00+00:00,11.4,9.3,80.0
2024-05-07 04:00:00+00:00,11.26,9.1,2.0
2024-05-07 05:00:00+00:00,11.1,9.059999999999999,3.0
2024-05-07 06:00:00+00:00,11.139999999999999,8.98,3.0
2024-05-07 07:00:00+00:00,11.74,9.559999999999999,3.0
2024-05-07 08:00:00+00:00,12.540000000000001,10.18,3.0
2024-05-07 09:00:00+00:00,13.1,10.76,3.0
2024-05-07 10:00:00+00:00,13.74,11.42,80.0
2024-05-07 11:00:00+00:00,14.7,12.34,80.0
2024-05-07 12:00:00+00:00,14.64,12.440000000000001,80.0
2024-05-07 13:00:00+00:00,14.88,12.559999999999999,80.0
2024-05-07 14:00:00+00:00,14.919999999999998,12.7,80.0
2024-05-07 15:00:00+00:00,15.0,12.74,2.0
2024-05-07 16:00:00+00:00,15.2,13.12,2.0
2024-05-07 17:00:00+00:00,15.020000000000001,13.16,80.0
2024-05-07 18:00:00+00:00,14.84,13.280000000000001,1.0
2024-05-07 19:00:00+00:00,14.059999999999999,12.940000000000001,80.0
2024-05-07 20:00:00+00:00,13.12,12.3,0.0
2024-05-07 21:00:00+00:00,12.66,11.98,1.0
2024-05-07 22:00:00+00:00,12.24,11.64,0.0
2024-05-07 23:00:00+00:00,11.86,11.26,1.0
2024-05-08 00:00:00+00:00,11.34,10.68,0.0
2024-05-08 01:00:00+00:00,11.1,10.459999999999999,0.0
2024-05-08 02:00:00+00:00,10.92,10.36,0.0
2024-05-08 03:00:00+00:00,10.48,9.84,45.0
2024-05-08 04:00:00+00:00,10.14,9.4,0.0
2024-05-08 05:00:00+00:00,9.9,9.14,45.0
2024-05-08 06:00:00+00:00,11.04,10.5,0.0
2024-05-08 07:00:00+00:00,13.1,12.58,0.0
2024-05-08 08:00:00+00:00,14.680000000000001,14.14,0.0
2024-05-08 09:00:00+00:00,16.0,15.560000000000002,0.0
2024-05-08 10:00:00+00:00,17.3,17.18,2.0
2024-05-08 11:00:00+00:00,18.44,18.240000000000002,2.0
2024-05-08 12:00:00+00:00,19.080000000000002,18.54,2.0
2024-05-08 13:00:00+00:00,19.46,18.76,2.0
2024-05-08 14:00:00+00:00,19.66,18.54,2.0
2024-05-08 15:00:00+00:00,19.86,18.580000000000002,2.0
2024-05-08 16:00:00+00:00,19.7,17.94,2.0
2024-05-08 17:00:00+00:00,19.14,17.44,0.0
2024-05-08 18:00:00+00:00,18.3,16.94,1.0
2024-05-08 19:00:00+00:00,16.66,15.959999999999999,0.0
2024-05-08 20:00:00+00:00,14.98,14.440000000000001,0.0
2024-05-08 21:00:00+00:00,13.719999999999999,13.16,0.0
2024-05-08 22:00:00+00:00,12.8,12.16,0.0
2024-05-08 23:00:00+00:00,12.1,11.3,0.0
2024-05-09 00:00:00+00:00,11.52,10.68,1.0
2024-05-09 01:00:00+00:00,10.9,9.940000000000001,0.0
2024-05-09 02:00:00+00:00,10.48,9.459999999999999,0.0
2024-05-09 03:00:00+00:00,10.02,8.860000000000001,0.0
2024-05-09 04:00:00+00:00,9.48,8.120000000000001,0.0
2024-05-09 05:00:00+00:00,9.16,7.720000000000001,0.0
2024-05-09 06:00:00+00:00,10.32,9.1,1.0
2024-05-09 07:00:00+00:00,13.219999999999999,12.440000000000001,0.0
2024-05-09 08:00:00+00:00,15.48,14.580000000000002,1.0
2024-05-09 09:00:00+00:00,17.32,16.8,0.0
2024-05-09 10:00:00+00:00,18.939999999999998,18.919999999999998,1.0
2024-05-09 11:00:00+00:00,20.32,20.4,1.0
2024-05-09 12:00:00+00:00,20.939999999999998,20.98,1.0
2024-05-09 13:00:00+00:00,21.619999999999997,21.580000000000002,1.0
2024-05-09 14:00:00+00:00,22.06,21.64,1.0
2024-05-09 15:00:00+00:00,22.080000000000002,21.240000000000002,1.0
2024-05-09 16:00:00+00:00,21.72,20.14,1.0
2024-05-09 17:00:00+00:00,21.14,19.68,1.0
2024-05-09 18:00:00+00:00,20.82,19.5,1.0
2024-05-09 19:00:00+00:00,18.919999999999998,18.240000000000002,0.0
2024-05-09 20:00:00+00:00,16.979999999999997,16.380000000000003,0.0
2024-05-09 21:00:00+00:00,15.64,15.02,0.0
2024-05-09 22:00:00+00:00,14.5,13.819999999999999,0.0
2024-05-09 23:00:00+00:00,13.64,12.84,0.0
2024-05-10 00:00:00+00:00,12.9,11.92,0.0
2024-05-10 01:00:00+00:00,12.34,11.3,0.0
2024-05-10 02:00:00+00:00,11.78,10.78,0.0
2024-05-10 03:00:00+00:00,11.24,10.2,0.0
2024-05-10 04:00:00+00:00,10.72,9.6,0.0
2024-05-10 05:00:00+00:00,10.34,9.02,0.0
2024-05-10 06:00:00+00:00,11.7,10.68,0.0
2024-05-10 07:00:00+00:00,14.940000000000001,14.440000000000001,0.0
2024-05-10 08:00:00+00:00,17.86,17.48,0.0
2024-05-10 09:00:00+00:00,20.0,20.36,0.0
2024-05-10 10:00:00+00:00,21.78,23.259999999999998,0.0
2024-05-10 11:00:00+00:00,23.2,25.22,0.0
2024-05-10 12:00:00+00:00,24.240000000000002,26.3,0.0
2024-05-10 13:00:00+00:00,24.94,26.82,0.0
2024-05-10 14:00:00+00:00,25.28,26.68,1.0
2024-05-10 15:00:00+00:00,25.4,26.2,0.0
2024-05-10 16:00:00+00:00,24.98,24.98,0.0
2024-05-10 17:00:00+00:00,24.36,24.3,0.0
2024-05-10 18:00:00+00:00,23.740000000000002,23.92,0.0
2024-05-10 19:00:00+00:00,21.619999999999997,22.1,0.0
2024-05-10 20:00:00+00:00,19.08,19.42,0.0
2024-05-10 21:00:00+00:00,17.2,17.419999999999998,0.0
2024-05-10 22:00:00+00:00,16.119999999999997,16.259999999999998,0.0
2024-05-10 23:00:00+00:00,15.440000000000001,15.459999999999999,0.0
2024-05-11 00:00:00+00:00,14.8,14.780000000000001,0.0
2024-05-11 01:00:00+00:00,14.24,14.1,0.0
2024-05-11 02:00:00+00:00,13.66,13.38,0.0
2024-05-11 03:00:00+00:00,13.180000000000001,12.819999999999999,0.0
2024-05-11 04:00:00+00:00,12.719999999999999,12.26,0.0
2024-05-11 05:00:00+00:00,12.28,11.74,0.0
2024-05-11 06:00:00+00:00,13.3,13.0,0.0
2024-05-11 07:00:00+00:00,16.6,16.98,0.0
2024-05-11 08:00:00+00:00,19.46,19.880000000000003,0.0
2024-05-11 09:00:00+00:00,21.6,22.5,0.0
2024-05-11 10:00:00+00:00,23.24,25.04,0.0
2024-05-11 11:00:00+00:00,24.54,26.860000000000003,0.0
2024-05-11 12:00:00+00:00,25.880000000000003,28.4,0.0
2024-05-11 13:00:00+00:00,26.139999999999997,28.32,2.0
2024-05-11 14:00:00+00:00,26.04,27.82,3.0
2024-05-11 15:00:00+00:00,26.02,27.139999999999997,3.0
2024-05-11 16:00:00+00:00,24.619999999999997,24.979999999999997,3.0
2024-05-11 17:00:00+00:00,23.28,23.48,3.0
2024-05-11 18:00:00+00:00,22.7,22.979999999999997,3.0
2024-05-11 19:00:00+00:00,20.380000000000003,20.66,3.0
2024-05-11 20:00:00+00:00,18.32,18.46,3.0
2024-05-11 21:00:00+00:00,17.4,17.6,3.0
2024-05-11 22:00:00+00:00,16.5,16.439999999999998,3.0
2024-05-11 23:00:00+00:00,15.48,15.38,80.0
2024-05-12 00:00:00+00:00,14.719999999999999,15.0,3.0
2024-05-12 01:00:00+00:00,14.780000000000001,14.98,3.0
2024-05-12 02:00:00+00:00,14.5,14.7,3.0
2024-05-12 03:00:00+00:00,14.26,14.4,3.0
2024-05-12 04:00:00+00:00,13.9,14.280000000000001,45.0
2024-05-12 05:00:00+00:00,13.919999999999998,14.180000000000001,45.0
2024-05-12 06:00:00+00:00,15.0,15.219999999999999,3.0
2024-05-12 07:00:00+00:00,15.62,15.6,3.0
2024-05-12 08:00:00+00:00,16.18,15.84,3.0
2024-05-12 09:00:00+00:00,16.78,16.28,3.0
2024-05-12 10:00:00+00:00,17.32,16.7,3.0
2024-05-12 11:00:00+00:00,17.6,16.94,3.0
2024-05-12 12:00:00+00:00,17.9,17.36,2.0
2024-05-12 13:00:00+00:00,18.14,17.6,2.0
2024-05-12 14:00:00+00:00,18.16,17.52,2.0
2024-05-12 15:00:00+00:00,17.98,17.18,2.0
2024-05-12 16:00:00+00:00,17.8,17.080000000000002,2.0
2024-05-12 17:00:00+00:00,17.4,16.78,2.0
2024-05-12 18:00:00+00:00,16.9,15.940000000000001,2.0
2024-05-12 19:00:00+00:00,15.919999999999998,15.26,2.0
2024-05-12 20:00:00+00:00,14.819999999999999,14.419999999999998,2.0
2024-05-12 21:00:00+00:00,14.180000000000001,13.9,2.0
2024-05-12 22:00:00+00:00,13.819999999999999,13.64,2.0
2024-05-12 23:00:00+00:00,13.52,13.38,3.0
2024-05-13 00:00:00+00:00,13.559999999999999,13.180000000000001,3.0
2024-05-13 01:00:00+00:00,13.319999999999999,12.9,3.0
2024-05-13 02:00:00+00:00,13.280000000000001,12.819999999999999,3.0
2024-05-13 03:00:00+00:00,13.2,12.74,3.0
2024-05-13 04:00:00+00:00,13.14,12.7,3.0
2024-05-13 05:00:00+00:00,13.180000000000001,12.68,3.0
2024-05-13 06:00:00+00:00,13.24,12.620000000000001,3.0
2024-05-13 07:00:00+00:00,14.459999999999999,13.76,3.0
2024-05-13 08:00:00+00:00,15.64,14.9,3.0
2024-05-13 09:00:00+00:00,16.78,15.959999999999999,3.0
2024-05-13 10:00:00+00:00,17.98,17.259999999999998,3.0
2024-05-13 11:00:00+00:00,18.880000000000003,18.48,3.0
2024-05-13 12:00:00+00:00,21.02,20.68,3.0
2024-05-13 13:00:00+00:00,21.619999999999997,21.46,3.0
2024-05-13 14:00:00+00:00,22.04,21.82,3.0
2024-05-13 15:00:00+00:00,21.48,21.48,61.0
2024-05-13 16:00:00+00:00,20.9,21.259999999999998,3.0
2024-05-13 17:00:00+00:00,19.96,20.52,61.0
2024-05-13 18:00:00+00:00,19.52,20.119999999999997,61.0
2024-05-13 19:00:00+00:00,18.14,18.5,61.0
2024-05-13 20:00:00+00:00,17.04,16.78,61.0
2024-05-13 21:00:00+00:00,15.180000000000001,13.0,61.0
2024-05-13 22:00:00+00:00,14.580000000000002,13.14,61.0
2024-05-13 23:00:00+00:00,14.219999999999999,12.58,63.0
2024-05-14 00:00:00+00:00,13.919999999999998,12.459999999999999,61.0
2024-05-14 01:00:00+00:00,13.52,12.0,61.0
2024-05-14 02:00:00+00:00,13.24,11.459999999999999,61.0
2024-05-14 03:00:00+00:00,12.86,11.08,61.0
2024-05-14 04:00:00+00:00,12.68,11.14,3.0
2024-05-14 05:00:00+00:00,12.6,11.08,3.0
2024-05-14 06:00:00+00:00,12.78,11.26,3.0
2024-05-14 07:00:00+00:00,13.459999999999999,11.66,3.0
2024-05-14 08:00:00+00:00,14.14,11.879999999999999,2.0
2024-05-14 09:00:00+00:00,14.62,12.26,3.0
2024-05-14 10:00:00+00:00,15.3,12.98,2.0
2024-05-14 11:00:00+00:00,15.780000000000001,13.48,2.0
2024-05-14 12:00:00+00:00,15.440000000000001,13.219999999999999,3.0
2024-05-14 13:00:00+00:00,15.48,13.1,3.0
2024-05-14 14:00:00+00:00,15.36,13.040000000000001,2.0
2024-05-14 15:00:00+00:00,15.4,13.16,2.0
2024-05-14 16:00:00+00:00,15.34,13.280000000000001,2.0
2024-05-14 17:00:00+00:00,15.040000000000001,13.02,3.0
2024-05-14 18:00:00+00:00,14.66,12.540000000000001,3.0
2024-05-14 19:00:00+00:00,13.88,12.1,2.0
2024-05-14 20:00:00+00:00,13.080000000000002,11.58,2.0
2024-05-14 21:00:00+00:00,12.540000000000001,11.080000000000002,1.0
2024-05-14 22:00:00+00:00,12.059999999999999,10.459999999999999,2.0
2024-05-14 23:00:00+00:00,11.559999999999999,9.959999999999999,3.0
2024-05-15 00:00:00+00:00,11.72,9.86,2.0
2024-05-15 01:00:00+00:00,11.42,9.5,2.0
2024-05-15 02:00:00+00:00,11.18,9.24,2.0
2024-05-15 03:00:00+00:00,11.120000000000001,9.26,3.0
2024-05-15 04:00:00+00:00,11.040000000000001,9.32,2.0
2024-05-15 05:00:00+00:00,10.9,9.26,3.0
2024-05-15 06:00:00+00:00,11.42,9.7,2.0
2024-05-15 07:00:00+00:00,12.68,10.84,2.0
2024-05-15 08:00:00+00:00,13.36,11.260000000000002,80.0
2024-05-15 09:00:00+00:00,14.219999999999999,12.0,3.0
2024-05-15 10:00:00+00:00,14.780000000000001,12.280000000000001,2.0
2024-05-15 11:00:00+00:00,15.12,13.059999999999999,80.0
2024-05-15 12:00:00+00:00,15.580000000000002,13.66,80.0
2024-05-15 13:00:00+00:00,15.74,13.760000000000002,3.0
2024-05-15 14:00:00+00:00,15.64,13.5,3.0
2024-05-15 15:00:00+00:00,15.62,13.4,3.0
2024-05-15 16:00:00+00:00,15.34,13.16,3.0
2024-05-15 17:00:00+00:00,15.02,12.9,3.0
2024-05-15 18:00:00+00:00,14.580000000000002,12.620000000000001,1.0
2024-05-15 19:00:00+00:00,13.7,12.16,2.0
2024-05-15 20:00:00+00:00,12.6,11.28,1.0
2024-05-15 21:00:00+00:00,11.72,10.3,2.0
2024-05-15 22:00:00+00:00,11.1,9.7,2.0
2024-05-15 23:00:00+00:00,10.739999999999998,9.24,3.0
2024-05-16 00:00:00+00:00,10.34,8.86,3.0
2024-05-16 01:00:00+00:00,10.120000000000001,8.64,3.0
2024-05-16 02:00:00+00:00,9.879999999999999,8.379999999999999,3.0
2024-05-16 03:00:00+00:00,9.66,8.16,3.0
2024-05-16 04:00:00+00:00,9.6,8.06,3.0
2024-05-16 05:00:00+00:00,9.620000000000001,7.94,3.0
2024-05-16 06:00:00+00:00,10.379999999999999,8.86,3.0
2024-05-16 07:00:00+00:00,12.16,10.58,3.0
2024-05-16 08:00:00+00:00,13.540000000000001,11.8,3.0
2024-05-16 09:00:00+00:00,14.64,12.72,3.0
2024-05-16 10:00:00+00:00,15.34,13.419999999999998,2.0
2024-05-16 11:00:00+00:00,15.86,14.459999999999999,2.0
2024-05-16 12:00:00+00:00,16.0,14.3,3.0
2024-05-16 13:00:00+00:00,16.18,14.440000000000001,80.0
2024-05-16 14:00:00+00:00,16.259999999999998,14.319999999999999,3.0
2024-05-16 15:00:00+00:00,15.919999999999998,13.520000000000001,2.0
2024-05-16 16:00:00+00:00,15.540000000000001,13.14,3.0
2024-05-16 17:00:00+00:00,15.14,12.84,3.0
2024-05-16 18:00:00+00:00,15.02,13.26,3.0
2024-05-16 19:00:00+00:00,14.14,12.86,3.0
2024-05-16 20:00:00+00:00,13.16,12.08,3.0
2024-05-16 21:00:00+00:00,12.36,11.3,3.0
2024-05-16 22:00:00+00:00,11.82,10.76,3.0
2024-05-16 23:00:00+00:00,11.48,10.379999999999999,80.0
2024-05-17 00:00:00+00:00,10.78,9.540000000000001,1.0
2024-05-17 01:00:00+00:00,10.58,9.32,3.0
2024-05-17 02:00:00+00:00,10.620000000000001,9.36,3.0
2024-05-17 03:00:00+00:00,10.379999999999999,9.14,3.0
2024-05-17 04:00:00+00:00,10.36,9.14,61.0
2024-05-17 05:00:00+00:00,10.3,8.92,3.0
2024-05-17 06:00:00+00:00,10.879999999999999,10.08,61.0
2024-05-17 07:00:00+00:00,12.4,11.879999999999999,61.0
2024-05-17 08:00:00+00:00,13.9,13.459999999999999,3.0
2024-05-17 09:00:00+00:00,15.3,14.76,3.0
2024-05-17 10:00:00+00:00,16.119999999999997,15.559999999999999,2.0
2024-05-17 11:00:00+00:00,16.98,17.080000000000002,3.0
2024-05-17 12:00:00+00:00,17.22,17.0,2.0
2024-05-17 13:00:00+00:00,17.44,16.759999999999998,3.0
2024-05-17 14:00:00+00:00,17.12,16.419999999999998,80.0
2024-05-17 15:00:00+00:00,16.96,16.32,3.0
2024-05-17 16:00:00+00:00,17.04,16.36,3.0
2024-05-17 17:00:00+00:00,16.78,16.02,2.0
2024-05-17 18:00:00+00:00,16.020000000000003,14.919999999999998,3.0
2024-05-17 19:00:00+00:00,15.02,14.52,1.0
2024-05-17 20:00:00+00:00,13.88,13.540000000000001,2.0
2024-05-17 21:00:00+00:00,13.02,12.52,3.0
2024-05-17 22:00:00+00:00,12.3,11.7,3.0
2024-05-17 23:00:00+00:00,11.72,11.059999999999999,2.0
2024-05-18 00:00:00+00:00,11.68,10.76,3.0
2024-05-18 01:00:00+00:00,11.2,10.18,2.0
2024-05-18 02:00:00+00:00,10.72,9.620000000000001,3.0
2024-05-18 03:00:00+00:00,10.4,9.32,2.0
2024-05-18 04:00:00+00:00,10.16,9.1,2.0
2024-05-18 05:00:00+00:00,10.040000000000001,8.940000000000001,3.0
2024-05-18 06:00:00+00:00,10.84,9.959999999999999,2.0
2024-05-18 07:00:00+00:00,13.0,12.26,2.0
2024-05-18 08:00:00+00:00,14.580000000000002,13.66,2.0
2024-05-18 09:00:00+00:00,15.5,14.419999999999998,2.0
2024-05-18 10:00:00+00:00,16.119999999999997,15.2,2.0
2024-05-18 11:00:00+00:00,16.82,16.04,3.0
2024-05-18 12:00:00+00:00,17.36,17.119999999999997,2.0
2024-05-18 13:00:00+00:00,17.36,17.04,2.0
2024-05-18 14:00:00+00:00,17.380000000000003,17.06,3.0
2024-05-18 15:00:00+00:00,17.4,17.0,2.0
2024-05-18 16:00:00+00:00,17.32,16.5,2.0
2024-05-18 17:00:00+00:00,16.8,16.04,80.0
2024-05-18 18:00:00+00:00,17.080000000000002,16.28,2.0
2024-05-18 19:00:00+00:00,15.88,15.52,3.0
2024-05-18 20:00:00+00:00,14.48,14.4,3.0
2024-05-18 21:00:00+00:00,13.559999999999999,13.5,2.0
2024-05-18 22:00:00+00:00,12.919999999999998,12.819999999999999,3.0
2024-05-18 23:00:00+00:00,12.52,12.48,3.0
2024-05-19 00:00:00+00:00,12.24,12.22,2.0
2024-05-19 01:00:00+00:00,11.92,11.86,0.0
2024-05-19 02:00:00+00:00,11.459999999999999,11.379999999999999,45.0
2024-05-19 03:00:00+00:00,11.16,11.040000000000001,45.0
2024-05-19 04:00:00+00:00,10.8,10.64,45.0
2024-05-19 05:00:00+00:00,10.6,10.36,45.0
2024-05-19 06:00:00+00:00,11.28,11.1,45.0
2024-05-19 07:00:00+00:00,12.8,12.88,45.0
2024-05-19 08:00:00+00:00,14.26,14.62,1.0
2024-05-19 09:00:00+00:00,15.779999999999998,16.2,3.0
2024-05-19 10:00:00+00:00,16.660000000000004,17.28,80.0
2024-05-19 11:00:00+00:00,17.4,18.28,80.0
2024-05-19 12:00:00+00:00,18.06,18.740000000000002,3.0
2024-05-19 13:00:00+00:00,18.3,18.84,3.0
2024-05-19 14:00:00+00:00,18.1,18.32,80.0
2024-05-19 15:00:00+00:00,17.28,17.080000000000002,95.0
2024-05-19 16:00:00+00:00,16.82,16.5,80.0
2024-05-19 17:00:00+00:00,16.44,16.1,80.0
2024-05-19 18:00:00+00:00,16.7,16.66,3.0
2024-05-19 19:00:00+00:00,16.06,16.279999999999998,3.0
2024-05-19 20:00:00+00:00,15.2,15.580000000000002,3.0
2024-05-19 21:00:00+00:00,14.540000000000001,14.88,3.0
2024-05-19 22:00:00+00:00,14.12,14.34,3.0
2024-05-19 23:00:00+00:00,13.940000000000001,14.059999999999999,95.0
2024-05-20 00:00:00+00:00,13.98,13.86,95.0
2024-05-20 01:00:00+00:00,13.719999999999999,13.5,80.0
2024-05-20 02:00:00+00:00,13.5,13.26,3.0
2024-05-20 03:00:00+00:00,13.280000000000001,13.0,3.0
2024-05-20 04:00:00+00:00,13.14,12.78,3.0
2024-05-20 05:00:00+00:00,12.98,12.5,80.0
2024-05-20 06:00:00+00:00,13.36,12.88,3.0
2024-05-20 07:00:00+00:00,14.0,13.4,3.0
2024-05-20 08:00:00+00:00,14.440000000000001,13.5,80.0
2024-05-20 09:00:00+00:00,14.74,13.540000000000001,3.0
2024-05-20 10:00:00+00:00,15.24,13.9,80.0
2024-05-20 11:00:00+00:00,15.780000000000001,14.440000000000001,80.0
2024-05-20 12:00:00+00:00,15.780000000000001,14.6,80.0
2024-05-20 13:00:00+00:00,16.14,15.02,61.0
2024-05-20 14:00:00+00:00,15.940000000000001,14.66,3.0
2024-05-20 15:00:00+00:00,15.9,14.540000000000001,80.0
2024-05-20 16:00:00+00:00,15.84,14.5,3.0
2024-05-20 17:00:00+00:00,15.6,14.3,3.0
2024-05-20 18:00:00+00:00,15.1,13.76,3.0
2024-05-20 19:00:00+00:00,14.62,13.440000000000001,3.0
2024-05-20 20:00:00+00:00,14.080000000000002,13.14,3.0
2024-05-20 21:00:00+00:00,13.8,12.9,3.0
2024-05-20 22:00:00+00:00,13.6,12.72,3.0
2024-05-20 23:00:00+00:00,13.48,12.620000000000001,3.0
2024-05-21 00:00:00+00:00,13.24,12.4,3.0
2024-05-21 01:00:00+00:00,13.080000000000002,12.120000000000001,2.0
2024-05-21 02:00:00+00:00,13.02,12.02,3.0
2024-05-21 03:00:00+00:00,12.98,11.86,2.0
2024-05-21 04:00:00+00:00,13.02,11.82,2.0
2024-05-21 05:00:00+00:00,12.98,11.74,3.0
2024-05-21 06:00:00+00:00,13.64,12.14,3.0
2024-05-21 07:00:00+00:00,14.38,12.66,80.0
2024-05-21 08:00:00+00:00,14.959999999999999,12.98,2.0
2024-05-21 09:00:00+00:00,15.420000000000002,13.280000000000001,2.0
2024-05-21 10:00:00+00:00,15.940000000000001,13.7,80.0
2024-05-21 11:00:00+00:00,16.32,14.12,80.0
2024-05-21 12:00:00+00:00,16.380000000000003,13.86,80.0
2024-05-21 13:00:00+00:00,16.56,13.919999999999998,2.0
2024-05-21 14:00:00+00:00,16.64,14.040000000000001,2.0
2024-05-21 15:00:00+00:00,16.54,13.719999999999999,2.0
2024-05-21 16:00:00+00:00,16.54,13.6,2.0
2024-05-21 17:00:00+00:00,16.02,13.2,2.0
2024-05-21 18:00:00+00:00,15.52,13.319999999999999,2.0
2024-05-21 19:00:00+00:00,14.84,13.02,2.0
2024-05-21 20:00:00+00:00,14.180000000000001,12.819999999999999,1.0
2024-05-21 21:00:00+00:00,13.9,12.5,2.0
2024-05-21 22:00:00+00:00,13.6,12.2,2.0
2024-05-21 23:00:00+00:00,13.319999999999999,12.0,2.0
2024-05-22 00:00:00+00:00,13.0,11.84,1.0
2024-05-22 01:00:00+00:00,12.680000000000001,11.620000000000001,2.0
2024-05-22 02:00:00+00:00,12.459999999999999,11.4,2.0
2024-05-22 03:00:00+00:00,12.3,11.24,2.0
2024-05-22 04:00:00+00:00,12.040000000000001,10.940000000000001,2.0
2024-05-22 05:00:00+00:00,11.8,10.78,2.0
2024-05-22 06:00:00+00:00,12.34,11.440000000000001,2.0
2024-05-22 07:00:00+00:00,13.940000000000001,13.080000000000002,2.0
2024-05-22 08:00:00+00:00,14.98,13.680000000000001,2.0
2024-05-22 09:00:00+00:00,15.5,13.919999999999998,2.0
2024-05-22 10:00:00+00:00,15.719999999999999,14.14,3.0
2024-05-22 11:00:00+00:00,16.1,14.680000000000001,80.0
2024-05-22 12:00:00+00:00,16.259999999999998,15.14,80.0
2024-05-22 13:00:00+00:00,16.380000000000003,15.580000000000002,80.0
2024-05-22 14:00:00+00:00,16.68,15.62,3.0
2024-05-22 15:00:00+00:00,16.44,15.02,80.0
2024-05-22 16:00:00+00:00,16.06,14.34,3.0
2024-05-22 17:00:00+00:00,15.7,13.9,3.0
2024-05-22 18:00:00+00:00,15.219999999999999,13.540000000000001,2.0
2024-05-22 19:00:00+00:00,14.479999999999999,13.16,2.0
2024-05-22 20:00:00+00:00,13.74,12.7,3.0
2024-05-22 21:00:00+00:00,13.319999999999999,12.4,3.0
2024-05-22 22:00:00+00:00,13.0,12.16,3.0
2024-05-22 23:00:00+00:00,12.66,11.940000000000001,3.0
2024-05-23 00:00:00+00:00,12.32,11.34,3.0
2024-05-23 01:00:00+00:00,12.059999999999999,11.120000000000001,3.0
2024-05-23 02:00:00+00:00,11.940000000000001,10.98,3.0
2024-05-23 03:00:00+00:00,11.9,10.959999999999999,3.0
2024-05-23 04:00:00+00:00,11.8,10.86,2.0
2024-05-23 05:00:00+00:00,11.76,10.879999999999999,3.0
2024-05-23 06:00:00+00:00,12.6,11.8,3.0
2024-05-23 07:00:00+00:00,13.48,12.48,80.0
2024-05-23 08:00:00+00:00,14.080000000000002,12.72,2.0
2024-05-23 09:00:00+00:00,14.680000000000001,13.319999999999999,3.0
2024-05-23 10:00:00+00:00,15.24,13.819999999999999,3.0
2024-05-23 11:00:00+00:00,15.8,14.440000000000001,3.0
2024-05-23 12:00:00+00:00,16.46,15.559999999999999,2.0
2024-05-23 13:00:00+00:00,16.8,15.88,2.0
2024-05-23 14:00:00+00:00,16.779999999999998,15.719999999999999,3.0
2024-05-23 15:00:00+00:00,16.54,15.3,3.0
2024-05-23 16:00:00+00:00,16.2,14.780000000000001,3.0
2024-05-23 17:00:00+00:00,15.819999999999999,14.559999999999999,3.0
2024-05-23 18:00:00+00:00,15.4,14.280000000000001,2.0
2024-05-23 19:00:00+00:00,14.719999999999999,13.9,2.0
2024-05-23 20:00:00+00:00,13.86,13.34,2.0
2024-05-23 21:00:00+00:00,13.180000000000001,12.84,2.0
2024-05-23 22:00:00+00:00,12.620000000000001,12.34,2.0
2024-05-23 23:00:00+00:00,12.14,11.78,1.0
2024-05-24 00:00:00+00:00,11.76,11.36,1.0
2024-05-24 01:00:00+00:00,11.459999999999999,11.040000000000001,2.0
2024-05-24 02:00:00+00:00,11.26,10.78,1.0
2024-05-24 03:00:00+00:00,11.02,10.48,1.0
2024-05-24 04:00:00+00:00,10.7,10.18,1.0
2024-05-24 05:00:00+00:00,10.5,10.02,2.0
2024-05-24 06:00:00+00:00,11.32,11.059999999999999,1.0
2024-05-24 07:00:00+00:00,13.24,12.919999999999998,2.0
2024-05-24 08:00:00+00:00,14.440000000000001,14.040000000000001,2.0
2024-05-24 09:00:00+00:00,15.479999999999999,14.919999999999998,2.0
2024-05-24 10:00:00+00:00,16.380000000000003,15.86,2.0
2024-05-24 11:00:00+00:00,17.2,17.240000000000002,2.0
2024-05-24 12:00:00+00:00,17.759999999999998,17.84,2.0
2024-05-24 13:00:00+00:00,18.259999999999998,18.3,2.0
2024-05-24 14:00:00+00:00,18.6,18.26,3.0
2024-05-24 15:00:00+00:00,18.68,18.080000000000002,2.0
2024-05-24 16:00:00+00:00,18.580000000000002,17.82,1.0
2024-05-24 17:00:00+00:00,18.119999999999997,17.36,0.0
2024-05-24 18:00:00+00:00,17.32,16.82,1.0
2024-05-24 19:00:00+00:00,16.3,16.14,0.0
2024-05-24 20:00:00+00:00,14.84,14.8,0.0
2024-05-24 21:00:00+00:00,13.819999999999999,13.819999999999999,0.0
2024-05-24 22:00:00+00:00,13.02,13.0,0.0
2024-05-24 23:00:00+00:00,12.239999999999998,12.1,0.0
2024-05-25 00:00:00+00:00,11.36,11.02,45.0
2024-05-25 01:00:00+00:00,10.959999999999999,10.58,45.0
2024-05-25 02:00:00+00:00,10.540000000000001,10.02,45.0
2024-05-25 03:00:00+00:00,10.1,9.440000000000001,45.0
2024-05-25 04:00:00+00:00,9.84,9.0,45.0
2024-05-25 05:00:00+00:00,9.84,8.92,3.0
2024-05-25 06:00:00+00:00,10.879999999999999,10.040000000000001,3.0
2024-05-25 07:00:00+00:00,13.12,12.7,3.0
2024-05-25 08:00:00+00:00,15.219999999999999,14.780000000000001,3.0
2024-05-25 09:00:00+00:00,17.22,16.96,3.0
2024-05-25 10:00:00+00:00,18.98,19.28,3.0
2024-05-25 11:00:00+00:00,20.419999999999998,21.2,3.0
2024-05-25 12:00:00+00:00,21.26,21.54,3.0
2024-05-25 13:00:00+00:00,21.82,22.080000000000002,3.0
2024-05-25 14:00:00+00:00,22.16,22.119999999999997,3.0
2024-05-25 15:00:00+00:00,22.4,22.28,2.0
2024-05-25 16:00:00+00:00,22.28,22.240000000000002,3.0
2024-05-25 17:00:00+00:00,21.54,21.66,2.0
2024-05-25 18:00:00+00:00,20.56,20.919999999999998,2.0
2024-05-25 19:00:00+00:00,19.52,20.0,3.0
2024-05-25 20:00:00+00:00,18.339999999999996,18.56,3.0
2024-05-25 21:00:00+00:00,17.06,16.96,3.0
2024-05-25 22:00:00+00:00,16.18,16.02,3.0
2024-05-25 23:00:00+00:00,15.680000000000001,15.559999999999999,3.0
2024-05-26 00:00:00+00:00,15.14,14.98,3.0
2024-05-26 01:00:00+00:00,14.919999999999998,14.680000000000001,3.0
2024-05-26 02:00:00+00:00,14.8,14.76,3.0
2024-05-26 03:00:00+00:00,14.680000000000001,14.7,61.0
2024-05-26 04:00:00+00:00,14.6,14.6,3.0
2024-05-26 05:00:00+00:00,14.540000000000001,14.559999999999999,3.0
2024-05-26 06:00:00+00:00,14.680000000000001,14.66,3.0
2024-05-26 07:00:00+00:00,15.280000000000001,15.2,2.0
2024-05-26 08:00:00+00:00,16.119999999999997,15.8,3.0
2024-05-26 09:00:00+00:00,16.580000000000002,16.1,3.0
2024-05-26 10:00:00+00:00,16.94,16.3,3.0
2024-05-26 11:00:00+00:00,17.380000000000003,16.78,3.0
2024-05-26 12:00:00+00:00,17.580000000000002,16.86,3.0
2024-05-26 13:00:00+00:00,17.46,16.7,3.0
2024-05-26 14:00:00+00:00,17.36,16.66,3.0
2024-05-26 15:00:00+00:00,17.44,16.580000000000002,3.0
2024-05-26 16:00:00+00:00,17.259999999999998,16.28,3.0
2024-05-26 17:00:00+00:00,16.98,16.16,3.0
2024-05-26 18:00:00+00:00,16.259999999999998,15.5,3.0
2024-05-26 19:00:00+00:00,15.760000000000002,15.219999999999999,3.0
2024-05-26 20:00:00+00:00,15.1,14.7,3.0
2024-05-26 21:00:00+00:00,14.52,14.180000000000001,3.0
2024-05-26 22:00:00+00:00,14.14,13.819999999999999,3.0
2024-05-26 23:00:00+00:00,13.86,13.540000000000001,3.0
2024-05-27 00:00:00+00:00,13.5,13.1,3.0
2024-05-27 01:00:00+00:00,13.24,12.819999999999999,3.0
2024-05-27 02:00:00+00:00,13.12,12.74,3.0
2024-05-27 03:00:00+00:00,13.059999999999999,12.68,3.0
2024-05-27 04:00:00+00:00,12.98,12.52,3.0
2024-05-27 05:00:00+00:00,12.84,12.280000000000001,3.0
2024-05-27 06:00:00+00:00,13.440000000000001,13.219999999999999,3.0
2024-05-27 07:00:00+00:00,14.16,13.66,3.0
2024-05-27 08:00:00+00:00,14.64,13.74,3.0
2024-05-27 09:00:00+00:00,15.14,13.959999999999999,3.0
2024-05-27 10:00:00+00:00,15.7,14.26,3.0
2024-05-27 11:00:00+00:00,16.020000000000003,14.38,3.0
2024-05-27 12:00:00+00:00,16.46,14.76,3.0
2024-05-27 13:00:00+00:00,16.52,14.419999999999998,2.0
2024-05-27 14:00:00+00:00,16.64,14.5,2.0
2024-05-27 15:00:00+00:00,16.580000000000002,14.319999999999999,3.0
2024-05-27 16:00:00+00:00,16.36,13.940000000000001,3.0
2024-05-27 17:00:00+00:00,15.9,13.62,2.0
2024-05-27 18:00:00+00:00,15.64,13.540000000000001,2.0
2024-05-27 19:00:00+00:00,14.819999999999999,13.16,2.0
2024-05-27 20:00:00+00:00,13.719999999999999,12.440000000000001,2.0
2024-05-27 21:00:00+00:00,12.98,11.959999999999999,2.0
2024-05-27 22:00:00+00:00,12.440000000000001,11.54,1.0
2024-05-27 23:00:00+00:00,12.0,11.120000000000001,2.0
2024-05-28 00:00:00+00:00,11.28,10.32,2.0
2024-05-28 01:00:00+00:00,10.940000000000001,9.940000000000001,2.0
2024-05-28 02:00:00+00:00,10.540000000000001,9.4,3.0
2024-05-28 03:00:00+00:00,10.360000000000001,9.18,2.0
2024-05-28 04:00:00+00:00,10.1,8.8,3.0
2024-05-28 05:00:00+00:00,10.059999999999999,8.72,3.0
2024-05-28 06:00:00+00:00,11.139999999999999,10.239999999999998,1.0
2024-05-28 07:00:00+00:00,13.36,12.540000000000001,3.0
2024-05-28 08:00:00+00:00,14.919999999999998,14.02,3.0
2024-05-28 09:00:00+00:00,15.98,15.080000000000002,3.0
2024-05-28 10:00:00+00:00,16.98,16.380000000000003,3.0
2024-05-28 11:00:00+00:00,17.94,17.52,3.0
2024-05-28 12:00:00+00:00,18.7,18.9,3.0
2024-05-28 13:00:00+00:00,19.419999999999998,19.54,3.0
2024-05-28 14:00:00+00:00,19.96,20.080000000000002,3.0
2024-05-28 15:00:00+00:00,19.94,19.68,3.0
2024-05-28 16:00:00+00:00,19.82,19.4,3.0
2024-05-28 17:00:00+00:00,19.28,18.580000000000002,3.0
2024-05-28 18:00:00+00:00,18.22,17.580000000000002,3.0
2024-05-28 19:00:00+00:00,17.16,16.84,3.0
2024-05-28 20:00:00+00:00,15.819999999999999,15.580000000000002,3.0
2024-05-28 21:00:00+00:00,15.1,14.959999999999999,3.0
2024-05-28 22:00:00+00:00,14.3,13.959999999999999,3.0
2024-05-28 23:00:00+00:00,13.780000000000001,13.5,3.0
2024-05-29 00:00:00+00:00,13.440000000000001,13.040000000000001,3.0
2024-05-29 01:00:00+00:00,13.34,12.98,3.0
2024-05-29 02:00:00+00:00,13.2,12.78,3.0
2024-05-29 03:00:00+00:00,13.14,12.74,3.0
2024-05-29 04:00:00+00:00,13.059999999999999,12.6,3.0
2024-05-29 05:00:00+00:00,13.12,12.64,3.0
2024-05-29 06:00:00+00:00,13.12,12.559999999999999,3.0
2024-05-29 07:00:00+00:00,15.040000000000001,14.66,3.0
2024-05-29 08:00:00+00:00,16.14,15.64,3.0
2024-05-29 09:00:00+00:00,16.94,16.259999999999998,3.0
2024-05-29 10:00:00+00:00,17.4,16.72,61.0
2024-05-29 11:00:00+00:00,17.72,17.1,61.0
2024-05-29 12:00:00+00:00,17.34,16.22,3.0
2024-05-29 13:00:00+00:00,17.44,16.380000000000003,3.0
2024-05-29 14:00:00+00:00,17.52,16.34,3.0
2024-05-29 15:00:00+00:00,17.3,16.2,3.0
2024-05-29 16:00:00+00:00,17.18,16.34,3.0
2024-05-29 17:00:00+00:00,17.04,16.419999999999998,3.0
2024-05-29 18:00:00+00:00,17.259999999999998,16.380000000000003,3.0
2024-05-29 19:00:00+00:00,16.8,16.1,3.0
2024-05-29 20:00:00+00:00,16.4,15.959999999999999,3.0
2024-05-29 21:00:00+00:00,16.2,15.86,3.0
2024-05-29 22:00:00+00:00,16.0,15.52,3.0
2024-05-29 23:00:00+00:00,15.819999999999999,15.280000000000001,3.0
2024-05-30 00:00:00+00:00,15.76,15.219999999999999,3.0
2024-05-30 01:00:00+00:00,15.540000000000001,15.059999999999999,3.0
2024-05-30 02:00:00+00:00,15.38,14.76,3.0
2024-05-30 03:00:00+00:00,15.24,14.780000000000001,3.0
2024-05-30 04:00:00+00:00,15.040000000000001,14.540000000000001,3.0
2024-05-30 05:00:00+00:00,14.76,14.319999999999999,3.0
2024-05-30 06:00:00+00:00,14.88,14.16,3.0
2024-05-30 07:00:00+00:00,15.16,14.319999999999999,2.0
2024-05-30 08:00:00+00:00,15.64,14.580000000000002,2.0
2024-05-30 09:00:00+00:00,16.14,15.02,2.0
2024-05-30 10:00:00+00:00,16.7,15.5,2.0
2024-05-30 11:00:00+00:00,17.080000000000002,15.74,3.0
2024-05-30 12:00:00+00:00,17.22,15.76,2.0
2024-05-30 13:00:00+00:00,17.439999999999998,15.86,2.0
2024-05-30 14:00:00+00:00,17.7,15.64,2.0
2024-05-30 15:00:00+00:00,17.8,15.460000000000003,2.0
2024-05-30 16:00:00+00:00,17.7,14.86,2.0
2024-05-30 17:00:00+00:00,16.94,14.059999999999999,2.0
2024-05-30 18:00:00+00:00,16.28,13.8,2.0
2024-05-30 19:00:00+00:00,15.459999999999999,13.419999999999998,2.0
2024-05-30 20:00:00+00:00,14.62,13.14,2.0
2024-05-30 21:00:00+00:00,14.080000000000002,12.919999999999998,2.0
2024-05-30 22:00:00+00:00,13.580000000000002,12.56,2.0
2024-05-30 23:00:00+00:00,13.2,12.24,2.0
2024-05-31 00:00:00+00:00,12.76,11.86,2.0
2024-05-31 01:00:00+00:00,12.48,11.64,2.0
2024-05-31 02:00:00+00:00,12.28,11.5,2.0
2024-05-31 03:00:00+00:00,11.959999999999999,11.16,2.0
2024-05-31 04:00:00+00:00,11.66,10.82,1.0
2024-05-31 05:00:00+00:00,11.440000000000001,10.540000000000001,2.0
2024-05-31 06:00:00+00:00,12.28,11.48,2.0
2024-05-31 07:00:00+00:00,13.719999999999999,12.64,2.0
2024-05-31 08:00:00+00:00,14.74,13.419999999999998,3.0
2024-05-31 09:00:00+00:00,15.8,14.440000000000001,3.0
2024-05-31 10:00:00+00:00,16.619999999999997,15.459999999999999,2.0
2024-05-31 11:00:00+00:00,17.66,16.8,2.0
2024-05-31 12:00:00+00:00,18.28,17.259999999999998,3.0
2024-05-31 13:00:00+00:00,18.8,17.64,2.0
2024-05-31 14:00:00+00:00,19.119999999999997,17.619999999999997,3.0
2024-05-31 15:00:00+00:00,19.240000000000002,17.48,2.0
2024-05-31 16:00:00+00:00,18.94,16.9,2.0
2024-05-31 17:00:00+00:00,18.36,16.28,2.0
2024-05-31 18:00:00+00:00,17.96,16.48,2.0
2024-05-31 19:00:00+00:00,16.880000000000003,15.48,2.0
2024-05-31 20:00:00+00:00,15.7,14.64,2.0
2024-05-31 21:00:00+00:00,14.64,13.86,1.0
2024-05-31 22:00:00+00:00,14.040000000000001,13.52,3.0
2024-05-31 23:00:00+00:00,13.74,13.26,2.0
2024-06-01 00:00:00+00:00,13.2,12.66,2.0
2024-06-01 01:00:00+00:00,12.819999999999999,12.3,2.0
2024-06-01 02:00:00+00:00,12.58,12.0,2.0
2024-06-01 03:00:00+00:00,12.360000000000001,11.68,2.0
2024-06-01 04:00:00+00:00,12.08,11.34,3.0
2024-06-01 05:00:00+00:00,12.0,11.2,2.0
2024-06-01 06:00:00+00:00,12.620000000000001,11.74,45.0
2024-06-01 07:00:00+00:00,14.1,12.940000000000001,2.0
2024-06-01 08:00:00+00:00,15.12,13.8,2.0
2024-06-01 09:00:00+00:00,16.0,14.540000000000001,3.0
2024-06-01 10:00:00+00:00,16.84,15.219999999999999,2.0
2024-06-01 11:00:00+00:00,17.44,15.960000000000003,2.0
2024-06-01 12:00:00+00:00,18.22,16.8,2.0
2024-06-01 13:00:00+00:00,18.56,17.240000000000002,3.0
2024-06-01 14:00:00+00:00,18.580000000000002,17.1,3.0
2024-06-01 15:00:00+00:00,18.580000000000002,17.2,3.0
2024-06-01 16:00:00+00:00,18.44,16.84,3.0
2024-06-01 17:00:00+00:00,17.9,16.36,3.0
2024-06-01 18:00:00+00:00,17.66,16.06,3.0
2024-06-01 19:00:00+00:00,16.66,15.459999999999999,3.0
2024-06-01 20:00:00+00:00,15.66,14.959999999999999,3.0
2024-06-01 21:00:00+00:00,15.14,14.6,3.0
2024-06-01 22:00:00+00:00,14.580000000000002,14.16,3.0
2024-06-01 23:00:00+00:00,14.2,13.84,2.0
2024-06-02 00:00:00+00:00,13.540000000000001,13.180000000000001,2.0
2024-06-02 01:00:00+00:00,12.98,12.559999999999999,2.0
2024-06-02 02:00:00+00:00,12.540000000000001,12.0,45.0
2024-06-02 03:00:00+00:00,12.16,11.48,45.0
2024-06-02 04:00:00+00:00,11.92,11.120000000000001,1.0
2024-06-02 05:00:00+00:00,11.86,11.120000000000001,45.0
2024-06-02 06:00:00+00:00,12.84,12.120000000000001,2.0
2024-06-02 07:00:00+00:00,14.419999999999998,13.84,2.0
2024-06-02 08:00:00+00:00,15.36,14.540000000000001,3.0
2024-06-02 09:00:00+00:00,16.419999999999998,15.280000000000001,3.0
2024-06-02 10:00:00+00:00,16.86,15.540000000000001,3.0
2024-06-02 11:00:00+00:00,17.54,16.3,3.0
2024-06-02 12:00:00+00:00,18.1,17.14,3.0
2024-06-02 13:00:00+00:00,18.66,17.6,3.0
2024-06-02 14:00:00+00:00,18.96,17.92,3.0
2024-06-02 15:00:00+00:00,19.32,18.06,3.0
2024-06-02 16:00:00+00:00,19.02,17.880000000000003,3.0
2024-06-02 17:00:00+00:00,18.740000000000002,17.78,3.0
2024-06-02 18:00:00+00:00,18.06,17.5,3.0
2024-06-02 19:00:00+00:00,17.4,17.380000000000003,3.0
2024-06-02 20:00:00+00:00,16.619999999999997,16.8,3.0
2024-06-02 21:00:00+00:00,16.080000000000002,16.4,3.0
2024-06-02 22:00:00+00:00,15.719999999999999,16.04,2.0
2024-06-02 23:00:00+00:00,15.180000000000001,15.4,1.0
2024-06-03 00:00:00+00:00,14.440000000000001,14.66,1.0
2024-06-03 01:00:00+00:00,13.819999999999999,13.819999999999999,1.0
2024-06-03 02:00:00+00:00,13.279999999999998,13.14,2.0
2024-06-03 03:00:00+00:00,12.8,12.6,2.0
2024-06-03 04:00:00+00:00,12.5,12.280000000000001,2.0
2024-06-03 05:00:00+00:00,12.620000000000001,12.42,2.0
2024-06-03 06:00:00+00:00,13.66,13.5,2.0
2024-06-03 07:00:00+00:00,15.38,15.26,2.0
2024-06-03 08:00:00+00:00,16.759999999999998,16.66,2.0
2024-06-03 09:00:00+00:00,18.02,17.9,2.0
2024-06-03 10:00:00+00:00,19.02,19.04,2.0
2024-06-03 11:00:00+00:00,19.68,19.84,3.0
2024-06-03 12:00:00+00:00,20.48,20.580000000000002,2.0
2024-06-03 13:00:00+00:00,20.82,20.8,2.0
2024-06-03 14:00:00+00:00,21.16,21.0,2.0
2024-06-03 15:00:00+00:00,21.3,20.82,1.0
2024-06-03 16:00:00+00:00,21.1,20.28,1.0
2024-06-03 17:00:00+00:00,20.759999999999998,19.84,2.0
2024-06-03 18:00:00+00:00,19.96,19.28,1.0
2024-06-03 19:00:00+00:00,18.96,18.86,1.0
2024-06-03 20:00:00+00:00,17.5,17.68,0.0
2024-06-03 21:00:00+00:00,16.4,16.64,3.0
2024-06-03 22:00:00+00:00,15.7,16.080000000000002,3.0
2024-06-03 23:00:00+00:00,15.180000000000001,15.64,1.0
2024-06-04 00:00:00+00:00,15.080000000000002,15.14,3.0
2024-06-04 01:00:00+00:00,14.66,14.64,3.0
2024-06-04 02:00:00+00:00,14.280000000000001,14.24,3.0
2024-06-04 03:00:00+00:00,13.919999999999998,13.86,3.0
2024-06-04 04:00:00+00:00,13.6,13.6,3.0
2024-06-04 05:00:00+00:00,13.419999999999998,13.440000000000001,3.0
2024-06-04 06:00:00+00:00,14.4,14.719999999999999,3.0
2024-06-04 07:00:00+00:00,16.160000000000004,16.439999999999998,3.0
2024-06-04 08:00:00+00:00,17.68,18.1,1.0
2024-06-04 09:00:00+00:00,19.02,19.64,2.0
2024-06-04 10:00:00+00:00,20.080000000000002,21.06,2.0
2024-06-04 11:00:00+00:00,20.96,22.220000000000002,2.0
2024-06-04 12:00:00+00:00,21.58,23.080000000000002,1.0
2024-06-04 13:00:00+00:00,22.18,23.419999999999998,2.0
2024-06-04 14:00:00+00:00,22.44,23.119999999999997,2.0
2024-06-04 15:00:00+00:00,22.419999999999998,22.48,2.0
2024-06-04 16:00:00+00:00,22.18,21.48,3.0
2024-06-04 17:00:00+00:00,21.54,20.86,1.0
2024-06-04 18:00:00+00:00,21.04,20.759999999999998,0.0
2024-06-04 19:00:00+00:00,19.72,19.9,0.0
2024-06-04 20:00:00+00:00,18.240000000000002,18.6,0.0
2024-06-04 21:00:00+00:00,17.14,17.44,0.0
2024-06-04 22:00:00+00:00,16.14,16.54,0.0
2024-06-04 23:00:00+00:00,15.38,15.780000000000001,1.0
2024-06-05 00:00:00+00:00,14.7,14.940000000000001,0.0
2024-06-05 01:00:00+00:00,14.26,14.540000000000001,0.0
2024-06-05 02:00:00+00:00,13.780000000000001,14.059999999999999,1.0
2024-06-05 03:00:00+00:00,13.34,13.5,1.0
2024-06-05 04:00:00+00:00,13.02,13.0,2.0
2024-06-05 05:00:00+00:00,12.88,12.84,2.0
2024-06-05 06:00:00+00:00,13.6,13.74,2.0
2024-06-05 07:00:00+00:00,15.919999999999998,16.3,2.0
2024-06-05 08:00:00+00:00,17.580000000000002,17.880000000000003,1.0
2024-06-05 09:00:00+00:00,19.18,20.02,0.0
2024-06-05 10:00:00+00:00,20.68,22.080000000000002,2.0
2024-06-05 11:00:00+00:00,22.0,23.78,1.0
2024-06-05 12:00:00+00:00,22.880000000000003,24.98,1.0
2024-06-05 13:00:00+00:00,23.44,25.38,1.0
2024-06-05 14:00:00+00:00,23.52,25.14,1.0
2024-06-05 15:00:00+00:00,23.3,23.96,0.0
2024-06-05 16:00:00+00:00,22.96,22.9,0.0
2024-06-05 17:00:00+00:00,22.419999999999998,22.14,3.0
2024-06-05 18:00:00+00:00,21.98,21.82,3.0
2024-06-05 19:00:00+00:00,20.52,20.619999999999997,3.0
2024-06-05 20:00:00+00:00,19.080000000000002,19.44,3.0
2024-06-05 21:00:00+00:00,18.14,18.66,3.0
2024-06-05 22:00:00+00:00,17.56,17.96,3.0
2024-06-05 23:00:00+00:00,17.16,17.36,3.0
2024-06-06 00:00:00+00:00,16.54,16.64,3.0
2024-06-06 01:00:00+00:00,16.0,16.22,3.0
2024-06-06 02:00:00+00:00,15.52,15.66,3.0
2024-06-06 03:00:00+00:00,15.2,15.36,3.0
2024-06-06 04:00:00+00:00,14.9,15.26,3.0
2024-06-06 05:00:00+00:00,14.9,15.280000000000001,3.0
2024-06-06 06:00:00+00:00,15.6,16.139999999999997,3.0
2024-06-06 07:00:00+00:00,16.78,17.28,3.0
2024-06-06 08:00:00+00:00,18.1,18.68,3.0
2024-06-06 09:00:00+00:00,19.080000000000002,19.52,3.0
2024-06-06 10:00:00+00:00,19.98,20.56,3.0
2024-06-06 11:00:00+00:00,20.919999999999998,22.16,3.0
2024-06-06 12:00:00+00:00,21.36,22.740000000000002,3.0
2024-06-06 13:00:00+00:00,22.020000000000003,23.44,2.0
2024-06-06 14:00:00+00:00,22.52,23.8,3.0
2024-06-06 15:00:00+00:00,22.7,23.4,3.0
2024-06-06 16:00:00+00:00,22.5,22.740000000000002,3.0
2024-06-06 17:00:00+00:00,22.16,22.259999999999998,3.0
2024-06-06 18:00:00+00:00,21.64,21.619999999999997,3.0
2024-06-06 19:00:00+00:00,20.419999999999998,20.3,3.0
2024-06-06 20:00:00+00:00,18.78,18.5,3.0
2024-06-06 21:00:00+00:00,17.8,17.78,3.0
2024-06-06 22:00:00+00:00,17.119999999999997,16.919999999999998,3.0
2024-06-06 23:00:00+00:00,16.5,16.080000000000002,3.0
2024-06-07 00:00:00+00:00,15.64,15.34,3.0
2024-06-07 01:00:00+00:00,15.24,14.98,3.0
2024-06-07 02:00:00+00:00,14.88,14.6,3.0
2024-06-07 03:00:00+00:00,14.559999999999999,14.36,3.0
2024-06-07 04:00:00+00:00,14.219999999999999,14.059999999999999,3.0
2024-06-07 05:00:00+00:00,14.219999999999999,14.14,3.0
2024-06-07 06:00:00+00:00,15.02,15.1,3.0
2024-06-07 07:00:00+00:00,16.72,16.880000000000003,3.0
2024-06-07 08:00:00+00:00,18.220000000000002,18.52,3.0
2024-06-07 09:00:00+00:00,19.759999999999998,20.52,1.0
2024-06-07 10:00:00+00:00,21.080000000000002,22.419999999999998,3.0
2024-06-07 11:00:00+00:00,22.14,23.72,3.0
2024-06-07 12:00:00+00:00,22.9,24.48,3.0
2024-06-07 13:00:00+00:00,23.740000000000002,25.48,3.0
2024-06-07 14:00:00+00:00,23.94,24.880000000000003,3.0
2024-06-07 15:00:00+00:00,24.06,25.080000000000002,3.0
2024-06-07 16:00:00+00:00,23.7,24.34,3.0
2024-06-07 17:00:00+00:00,23.28,24.06,3.0
2024-06-07 18:00:00+00:00,22.66,23.54,3.0
2024-06-07 19:00:00+00:00,21.64,22.8,3.0
2024-06-07 20:00:00+00:00,20.52,21.94,3.0
2024-06-07 21:00:00+00:00,19.64,20.84,3.0
2024-06-07 22:00:00+00:00,19.0,20.240000000000002,3.0
2024-06-07 23:00:00+00:00,18.5,19.580000000000002,3.0
2024-06-08 00:00:00+00:00,18.18,19.28,3.0
2024-06-08 01:00:00+00:00,17.759999999999998,18.7,3.0
2024-06-08 02:00:00+00:00,17.46,18.380000000000003,3.0
2024-06-08 03:00:00+00:00,17.1,17.9,3.0
2024-06-08 04:00:00+00:00,16.68,17.48,3.0
2024-06-08 05:00:00+00:00,16.580000000000002,17.34,3.0
2024-06-08 06:00:00+00:00,17.68,18.96,3.0
2024-06-08 07:00:00+00:00,19.22,20.560000000000002,3.0
2024-06-08 08:00:00+00:00,20.36,21.880000000000003,3.0
2024-06-08 09:00:00+00:00,21.46,22.82,3.0
2024-06-08 10:00:00+00:00,22.419999999999998,23.720000000000002,3.0
2024-06-08 11:00:00+00:00,23.32,24.880000000000003,3.0
2024-06-08 12:00:00+00:00,23.46,24.68,3.0
2024-06-08 13:00:00+00:00,23.36,24.36,3.0
2024-06-08 14:00:00+00:00,23.740000000000002,24.759999999999998,3.0
2024-06-08 15:00:00+00:00,23.78,24.759999999999998,3.0
2024-06-08 16:00:00+00:00,23.1,23.68,3.0
2024-06-08 17:00:00+00:00,22.18,22.82,3.0
2024-06-08 18:00:00+00:00,21.380000000000003,22.34,3.0
2024-06-08 19:00:00+00:00,20.52,21.759999999999998,80.0
2024-06-08 20:00:00+00:00,19.78,21.0,3.0
2024-06-08 21:00:00+00:00,19.36,20.46,3.0
2024-06-08 22:00:00+00:00,18.98,20.0,80.0
2024-06-08 23:00:00+00:00,18.619999999999997,19.619999999999997,80.0
2024-06-09 00:00:00+00:00,17.78,18.14,3.0
2024-06-09 01:00:00+00:00,17.4,17.6,3.0
2024-06-09 02:00:00+00:00,16.96,17.02,2.0
2024-06-09 03:00:00+00:00,16.6,16.52,61.0
2024-06-09 04:00:00+00:00,16.16,15.84,2.0
2024-06-09 05:00:00+00:00,15.760000000000002,15.180000000000001,80.0
2024-06-09 06:00:00+00:00,15.7,15.280000000000001,3.0
2024-06-09 07:00:00+00:00,16.04,15.38,3.0
2024-06-09 08:00:00+00:00,16.52,15.459999999999999,61.0
2024-06-09 09:00:00+00:00,17.06,15.680000000000001,3.0
2024-06-09 10:00:00+00:00,17.7,16.44,3.0
2024-06-09 11:00:00+00:00,18.36,17.119999999999997,3.0
2024-06-09 12:00:00+00:00,18.2,16.740000000000002,3.0
2024-06-09 13:00:00+00:00,18.68,17.22,3.0
2024-06-09 14:00:00+00:00,19.1,17.7,3.0
2024-06-09 15:00:00+00:00,19.240000000000002,17.7,3.0
2024-06-09 16:00:00+00:00,19.080000000000002,17.6,3.0
2024-06-09 17:00:00+00:00,18.9,17.580000000000002,3.0
2024-06-09 18:00:00+00:00,19.56,18.22,2.0
2024-06-09 19:00:00+00:00,18.64,17.6,2.0
2024-06-09 20:00:00+00:00,17.5,16.72,2.0
2024-06-09 21:00:00+00:00,16.740000000000002,15.919999999999998,2.0
2024-06-09 22:00:00+00:00,16.259999999999998,15.419999999999998,2.0
2024-06-09 23:00:00+00:00,15.719999999999999,14.74,2.0
2024-06-10 00:00:00+00:00,14.580000000000002,13.680000000000001,2.0
2024-06-10 01:00:00+00:00,14.219999999999999,13.4,2.0
2024-06-10 02:00:00+00:00,13.940000000000001,12.940000000000001,2.0
2024-06-10 03:00:00+00:00,13.5,12.4,2.0
2024-06-10 04:00:00+00:00,12.959999999999999,11.879999999999999,1.0
2024-06-10 05:00:00+00:00,12.42,11.34,2.0
2024-06-10 06:00:00+00:00,13.76,13.14,0.0
2024-06-10 07:00:00+00:00,15.5,14.62,0.0
2024-06-10 08:00:00+00:00,16.740000000000002,15.86,0.0
2024-06-10 09:00:00+00:00,17.9,17.46,0.0
2024-06-10 10:00:00+00:00,18.759999999999998,18.36,1.0
2024-06-10 11:00:00+00:00,19.419999999999998,19.06,1.0
2024-06-10 12:00:00+00:00,19.5,18.54,2.0
2024-06-10 13:00:00+00:00,19.62,18.380000000000003,2.0
2024-06-10 14:00:00+00:00,19.7,18.22,2.0
2024-06-10 15:00:00+00:00,19.52,17.8,2.0
2024-06-10 16:00:00+00:00,19.14,16.84,2.0
2024-06-10 17:00:00+00:00,18.52,16.2,3.0
2024-06-10 18:00:00+00:00,17.96,15.919999999999998,2.0
2024-06-10 19:00:00+00:00,17.18,15.6,0.0
2024-06-10 20:00:00+00:00,16.34,15.219999999999999,2.0
2024-06-10 21:00:00+00:00,15.84,15.0,3.0
2024-06-10 22:00:00+00:00,15.4,14.780000000000001,3.0
2024-06-10 23:00:00+00:00,15.1,14.66,3.0
2024-06-11 00:00:00+00:00,14.48,13.88,3.0
2024-06-11 01:00:00+00:00,14.16,13.76,3.0
2024-06-11 02:00:00+00:00,13.84,13.62,3.0
2024-06-11 03:00:00+00:00,13.52,13.26,2.0
2024-06-11 04:00:00+00:00,13.319999999999999,12.98,2.0
2024-06-11 05:00:00+00:00,13.36,12.940000000000001,3.0
2024-06-11 06:00:00+00:00,13.780000000000001,13.36,3.0
2024-06-11 07:00:00+00:00,14.66,14.16,2.0
2024-06-11 08:00:00+00:00,15.34,14.64,3.0
2024-06-11 09:00:00+00:00,16.06,15.3,80.0
2024-06-11 10:00:00+00:00,16.580000000000002,15.780000000000001,80.0
2024-06-11 11:00:00+00:00,17.240000000000002,16.4,3.0
2024-06-11 12:00:00+00:00,17.5,15.959999999999999,2.0
2024-06-11 13:00:00+00:00,17.9,16.32,2.0
2024-06-11 14:00:00+00:00,18.2,16.3,2.0
2024-06-11 15:00:00+00:00,18.48,16.419999999999998,1.0
2024-06-11 16:00:00+00:00,18.080000000000002,15.440000000000001,2.0
2024-06-11 17:00:00+00:00,17.72,14.959999999999999,2.0
2024-06-11 18:00:00+00:00,17.619999999999997,15.059999999999999,2.0
2024-06-11 19:00:00+00:00,16.54,14.14,1.0
2024-06-11 20:00:00+00:00,15.2,13.1,1.0
2024-06-11 21:00:00+00:00,14.48,12.86,1.0
2024-06-11 22:00:00+00:00,13.680000000000001,12.3,1.0
2024-06-11 23:00:00+00:00,13.16,11.879999999999999,0.0
2024-06-12 00:00:00+00:00,12.14,10.66,0.0
2024-06-12 01:00:00+00:00,11.64,10.239999999999998,1.0
2024-06-12 02:00:00+00:00,11.2,9.92,0.0
2024-06-12 03:00:00+00:00,10.879999999999999,9.580000000000002,0.0
2024-06-12 04:00:00+00:00,10.48,9.2,0.0
2024-06-12 05:00:00+00:00,10.32,9.120000000000001,0.0
2024-06-12 06:00:00+00:00,11.9,10.92,0.0
2024-06-12 07:00:00+00:00,13.62,12.32,1.0
2024-06-12 08:00:00+00:00,14.88,13.6,1.0
2024-06-12 09:00:00+00:00,16.080000000000002,15.059999999999999,2.0
2024-06-12 10:00:00+00:00,16.98,15.86,2.0
2024-06-12 11:00:00+00:00,17.82,16.94,2.0
2024-06-12 12:00:00+00:00,18.619999999999997,17.68,1.0
2024-06-12 13:00:00+00:00,19.18,18.020000000000003,2.0
2024-06-12 14:00:00+00:00,19.4,17.580000000000002,3.0
2024-06-12 15:00:00+00:00,19.22,16.84,3.0
2024-06-12 16:00:00+00:00,18.86,16.18,2.0
2024-06-12 17:00:00+00:00,18.36,15.5,2.0
2024-06-12 18:00:00+00:00,17.8,15.280000000000001,0.0
2024-06-12 19:00:00+00:00,16.72,14.580000000000002,0.0
2024-06-12 20:00:00+00:00,15.16,13.319999999999999,0.0
2024-06-12 21:00:00+00:00,14.080000000000002,12.620000000000001,0.0
2024-06-12 22:00:00+00:00,13.180000000000001,11.940000000000001,0.0
2024-06-12 23:00:00+00:00,12.4,11.34,0.0
2024-06-13 00:00:00+00:00,11.5,10.48,0.0
2024-06-13 01:00:00+00:00,10.76,9.7,0.0
2024-06-13 02:00:00+00:00,10.120000000000001,9.040000000000001,0.0
2024-06-13 03:00:00+00:00,9.48,8.4,0.0
2024-06-13 04:00:00+00:00,8.8,7.62,0.0
2024-06-13 05:00:00+00:00,8.459999999999999,7.239999999999999,45.0
2024-06-13 06:00:00+00:00,10.3,9.379999999999999,1.0
2024-06-13 07:00:00+00:00,13.5,12.66,1.0
2024-06-13 08:00:00+00:00,15.720000000000002,14.8,1.0
2024-06-13 09:00:00+00:00,17.419999999999998,16.580000000000002,0.0
2024-06-13 10:00:00+00:00,18.759999999999998,18.360000000000003,0.0
2024-06-13 11:00:00+00:00,20.1,20.080000000000002,0.0
2024-06-13 12:00:00+00:00,21.580000000000002,21.9,0.0
2024-06-13 13:00:00+00:00,22.54,22.84,3.0
2024-06-13 14:00:00+00:00,23.14,23.3,1.0
2024-06-13 15:00:00+00:00,23.28,22.240000000000002,3.0
2024-06-13 16:00:00+00:00,23.119999999999997,21.44,3.0
2024-06-13 17:00:00+00:00,22.56,20.78,2.0
2024-06-13 18:00:00+00:00,20.98,19.56,3.0
2024-06-13 19:00:00+00:00,19.240000000000002,17.64,3.0
2024-06-13 20:00:00+00:00,17.96,16.68,3.0
2024-06-13 21:00:00+00:00,17.08,15.88,3.0
2024-06-13 22:00:00+00:00,16.68,15.38,3.0
2024-06-13 23:00:00+00:00,15.86,14.620000000000001,61.0
2024-06-14 00:00:00+00:00,15.919999999999998,15.080000000000002,3.0
2024-06-14 01:00:00+00:00,15.86,15.2,3.0
2024-06-14 02:00:00+00:00,15.7,15.1,3.0
2024-06-14 03:00:00+00:00,15.419999999999998,14.780000000000001,3.0
2024-06-14 04:00:00+00:00,15.16,14.580000000000002,3.0
2024-06-14 05:00:00+00:00,14.9,14.4,3.0
2024-06-14 06:00:00+00:00,15.02,14.680000000000001,3.0
2024-06-14 07:00:00+00:00,16.04,15.62,3.0
2024-06-14 08:00:00+00:00,16.94,16.240000000000002,3.0
2024-06-14 09:00:00+00:00,17.82,17.2,2.0
2024-06-14 10:00:00+00:00,18.48,17.94,3.0
2024-06-14 11:00:00+00:00,19.18,18.740000000000002,3.0
2024-06-14 12:00:00+00:00,20.14,19.78,3.0
2024-06-14 13:00:00+00:00,20.22,19.72,3.0
2024-06-14 14:00:00+00:00,20.119999999999997,19.380000000000003,2.0
2024-06-14 15:00:00+00:00,20.0,19.240000000000002,3.0
2024-06-14 16:00:00+00:00,19.82,19.0,3.0
2024-06-14 17:00:00+00:00,19.240000000000002,18.380000000000003,3.0
2024-06-14 18:00:00+00:00,18.36,17.32,3.0
2024-06-14 19:00:00+00:00,17.380000000000003,16.06,80.0
2024-06-14 20:00:00+00:00,16.6,15.039999999999997,80.0
2024-06-14 21:00:00+00:00,16.259999999999998,14.74,3.0
2024-06-14 22:00:00+00:00,16.02,14.540000000000001,3.0
2024-06-14 23:00:00+00:00,15.76,14.419999999999998,3.0
2024-06-15 00:00:00+00:00,15.040000000000001,13.6,2.0
2024-06-15 01:00:00+00:00,14.819999999999999,13.540000000000001,2.0
2024-06-15 02:00:00+00:00,14.580000000000002,13.4,2.0
2024-06-15 03:00:00+00:00,14.440000000000001,13.3,2.0
2024-06-15 04:00:00+00:00,14.2,13.059999999999999,2.0
2024-06-15 05:00:00+00:00,14.1,13.040000000000001,2.0
2024-06-15 06:00:00+00:00,14.459999999999999,13.26,2.0
2024-06-15 07:00:00+00:00,15.1,13.580000000000002,2.0
2024-06-15 08:00:00+00:00,15.74,13.74,3.0
2024-06-15 09:00:00+00:00,16.16,14.02,3.0
2024-06-15 10:00:00+00:00,16.94,14.74,3.0
2024-06-15 11:00:00+00:00,17.78,15.7,3.0
2024-06-15 12:00:00+00:00,18.04,15.940000000000001,3.0
2024-06-15 13:00:00+00:00,18.52,16.48,3.0
2024-06-15 14:00:00+00:00,18.64,16.44,3.0
2024-06-15 15:00:00+00:00,18.48,16.18,2.0
2024-06-15 16:00:00+00:00,18.18,15.7,2.0
2024-06-15 17:00:00+00:00,17.82,15.440000000000001,2.0
2024-06-15 18:00:00+00:00,17.380000000000003,15.180000000000001,3.0
2024-06-15 19:00:00+00:00,16.44,14.74,3.0
2024-06-15 20:00:00+00:00,15.4,14.36,3.0
2024-06-15 21:00:00+00:00,14.559999999999999,13.62,3.0
2024-06-15 22:00:00+00:00,14.040000000000001,13.2,2.0
2024-06-15 23:00:00+00:00,13.5,12.6,3.0
2024-06-16 00:00:00+00:00,13.180000000000001,12.16,3.0
2024-06-16 01:00:00+00:00,12.919999999999998,11.8,3.0
2024-06-16 02:00:00+00:00,12.74,11.559999999999999,3.0
2024-06-16 03:00:00+00:00,12.540000000000001,11.34,3.0
2024-06-16 04:00:00+00:00,12.48,11.24,61.0
2024-06-16 05:00:00+00:00,12.459999999999999,11.32,61.0
2024-06-16 06:00:00+00:00,13.8,12.86,61.0
2024-06-16 07:00:00+00:00,15.459999999999999,14.660000000000002,61.0
2024-06-16 08:00:00+00:00,16.740000000000002,16.080000000000002,61.0
2024-06-16 09:00:00+00:00,18.06,17.44,61.0
2024-06-16 10:00:00+00:00,18.939999999999998,18.44,3.0
2024-06-16 11:00:00+00:00,19.36,19.0,61.0
2024-06-16 12:00:00+00:00,20.0,19.66,61.0
2024-06-16 13:00:00+00:00,20.54,20.36,2.0
2024-06-16 14:00:00+00:00,20.759999999999998,20.46,3.0
2024-06-16 15:00:00+00:00,20.9,20.5,2.0
2024-06-16 16:00:00+00:00,20.98,20.46,2.0
2024-06-16 17:00:00+00:00,20.740000000000002,20.2,2.0
2024-06-16 18:00:00+00:00,19.72,19.5,3.0
2024-06-16 19:00:00+00:00,18.98,19.16,3.0
2024-06-16 20:00:00+00:00,18.22,18.619999999999997,3.0
2024-06-16 21:00:00+00:00,17.6,18.04,3.0
2024-06-16 22:00:00+00:00,17.14,17.619999999999997,3.0
2024-06-16 23:00:00+00:00,16.919999999999998,17.48,3.0
2024-06-17 00:00:00+00:00,16.619999999999997,17.34,3.0
2024-06-17 01:00:00+00:00,16.4,17.14,2.0
2024-06-17 02:00:00+00:00,16.060000000000002,16.64,80.0
2024-06-17 03:00:00+00:00,15.76,16.3,3.0
2024-06-17 04:00:00+00:00,15.64,16.259999999999998,3.0
2024-06-17 05:00:00+00:00,15.580000000000002,16.2,3.0
2024-06-17 06:00:00+00:00,16.5,17.080000000000002,3.0
2024-06-17 07:00:00+00:00,17.68,18.2,3.0
2024-06-17 08:00:00+00:00,18.86,19.34,3.0
2024-06-17 09:00:00+00:00,19.96,20.68,2.0
2024-06-17 10:00:00+00:00,21.14,22.419999999999998,3.0
2024-06-17 11:00:00+00:00,22.34,24.080000000000002,3.0
2024-06-17 12:00:00+00:00,24.580000000000002,26.82,1.0
2024-06-17 13:00:00+00:00,25.74,28.119999999999997,1.0
2024-06-17 14:00:00+00:00,26.419999999999998,28.76,2.0
2024-06-17 15:00:00+00:00,26.660000000000004,28.4,3.0
2024-06-17 16:00:00+00:00,26.72,27.8,3.0
2024-06-17 17:00:00+00:00,26.46,27.74,2.0
2024-06-17 18:00:00+00:00,25.380000000000003,26.76,1.0
2024-06-17 19:00:00+00:00,23.86,25.52,3.0
2024-06-17 20:00:00+00:00,21.7,23.6,1.0
2024-06-17 21:00:00+00:00,20.0,21.5,2.0
2024-06-17 22:00:00+00:00,19.2,20.3,3.0
2024-06-17 23:00:00+00:00,18.259999999999998,19.04,2.0
2024-06-18 00:00:00+00:00,17.9,18.580000000000002,95.0
2024-06-18 01:00:00+00:00,17.619999999999997,18.52,3.0
2024-06-18 02:00:00+00:00,17.4,18.42,3.0
2024-06-18 03:00:00+00:00,17.2,18.36,3.0
2024-06-18 04:00:00+00:00,16.98,18.259999999999998,3.0
2024-06-18 05:00:00+00:00,16.82,18.119999999999997,3.0
2024-06-18 06:00:00+00:00,17.339999999999996,18.759999999999998,3.0
2024-06-18 07:00:00+00:00,18.779999999999998,20.22,3.0
2024-06-18 08:00:00+00:00,19.740000000000002,20.94,3.0
2024-06-18 09:00:00+00:00,20.98,22.16,3.0
2024-06-18 10:00:00+00:00,22.02,23.419999999999998,3.0
2024-06-18 11:00:00+00:00,22.98,24.64,3.0
2024-06-18 12:00:00+00:00,23.84,25.8,3.0
2024-06-18 13:00:00+00:00,24.12,25.98,3.0
2024-06-18 14:00:00+00:00,23.36,24.98,3.0
2024-06-18 15:00:00+00:00,22.740000000000002,24.14,3.0
2024-06-18 16:00:00+00:00,21.82,23.52,3.0
2024-06-18 17:00:00+00:00,21.1,22.8,3.0
2024-06-18 18:00:00+00:00,19.48,21.259999999999998,80.0
2024-06-18 19:00:00+00:00,19.16,21.16,3.0
2024-06-18 20:00:00+00:00,18.66,20.580000000000002,3.0
2024-06-18 21:00:00+00:00,18.32,20.14,3.0
2024-06-18 22:00:00+00:00,17.9,19.639999999999997,3.0
2024-06-18 23:00:00+00:00,17.740000000000002,19.46,45.0
2024-06-19 00:00:00+00:00,17.2,18.98,2.0
2024-06-19 01:00:00+00:00,16.98,18.54,3.0
2024-06-19 02:00:00+00:00,16.82,18.259999999999998,3.0
2024-06-19 03:00:00+00:00,16.7,18.0,3.0
2024-06-19 04:00:00+00:00,16.6,17.759999999999998,3.0
2024-06-19 05:00:00+00:00,16.7,17.64,3.0
2024-06-19 06:00:00+00:00,17.119999999999997,18.119999999999997,3.0
2024-06-19 07:00:00+00:00,17.759999999999998,18.44,2.0
2024-06-19 08:00:00+00:00,18.5,19.080000000000002,3.0
2024-06-19 09:00:00+00:00,19.04,19.5,2.0
2024-06-19 10:00:00+00:00,19.619999999999997,20.119999999999997,2.0
2024-06-19 11:00:00+00:00,20.22,21.32,2.0
2024-06-19 12:00:00+00:00,21.06,22.52,2.0
2024-06-19 13:00:00+00:00,21.46,23.0,2.0
2024-06-19 14:00:00+00:00,21.74,23.259999999999998,2.0
2024-06-19 15:00:00+00:00,21.66,22.8,2.0
2024-06-19 16:00:00+00:00,21.56,22.28,1.0
2024-06-19 17:00:00+00:00,21.18,21.78,2.0
2024-06-19 18:00:00+00:00,20.380000000000003,21.0,1.0
2024-06-19 19:00:00+00:00,19.68,20.580000000000002,1.0
2024-06-19 20:00:00+00:00,18.52,19.4,2.0
2024-06-19 21:00:00+00:00,17.68,18.580000000000002,3.0
2024-06-19 22:00:00+00:00,16.98,17.740000000000002,3.0
2024-06-19 23:00:00+00:00,16.419999999999998,17.240000000000002,0.0
2024-06-20 00:00:00+00:00,16.32,17.48,2.0
2024-06-20 01:00:00+00:00,16.160000000000004,17.360000000000003,3.0
2024-06-20 02:00:00+00:00,16.04,17.080000000000002,3.0
2024-06-20 03:00:00+00:00,15.8,16.84,3.0
2024-06-20 04:00:00+00:00,15.62,16.58,45.0
2024-06-20 05:00:00+00:00,15.719999999999999,16.7,3.0
2024-06-20 06:00:00+00:00,16.22,17.44,45.0
2024-06-20 07:00:00+00:00,17.02,18.14,3.0
2024-06-20 08:00:00+00:00,17.66,18.580000000000002,3.0
2024-06-20 09:00:00+00:00,18.06,19.32,80.0
2024-06-20 10:00:00+00:00,18.560000000000002,19.68,2.0
2024-06-20 11:00:00+00:00,19.1,20.22,3.0
2024-06-20 12:00:00+00:00,19.44,20.3,80.0
2024-06-20 13:00:00+00:00,19.28,20.06,3.0
2024-06-20 14:00:00+00:00,19.22,19.56,3.0
2024-06-20 15:00:00+00:00,19.02,19.5,3.0
2024-06-20 16:00:00+00:00,18.82,19.18,3.0
2024-06-20 17:00:00+00:00,18.580000000000002,18.98,3.0
2024-06-20 18:00:00+00:00,18.5,18.82,3.0
2024-06-20 19:00:00+00:00,17.919999999999998,18.34,3.0
2024-06-20 20:00:00+00:00,17.22,17.86,3.0
2024-06-20 21:00:00+00:00,16.78,17.380000000000003,3.0
2024-06-20 22:00:00+00:00,16.46,16.98,3.0
2024-06-20 23:00:00+00:00,16.240000000000002,16.5,3.0
2024-06-21 00:00:00+00:00,16.160000000000004,16.56,3.0
2024-06-21 01:00:00+00:00,16.080000000000002,16.52,3.0
2024-06-21 02:00:00+00:00,15.959999999999999,16.42,3.0
2024-06-21 03:00:00+00:00,15.9,16.36,3.0
2024-06-21 04:00:00+00:00,15.780000000000001,16.2,2.0
2024-06-21 05:00:00+00:00,15.940000000000001,16.32,3.0
2024-06-21 06:00:00+00:00,16.419999999999998,16.720000000000002,2.0
2024-06-21 07:00:00+00:00,17.2,17.160000000000004,2.0
2024-06-21 08:00:00+00:00,17.720000000000002,17.28,3.0
2024-06-21 09:00:00+00:00,18.1,17.46,2.0
2024-06-21 10:00:00+00:00,18.64,18.0,2.0
2024-06-21 11:00:00+00:00,19.22,18.54,2.0
2024-06-21 12:00:00+00:00,19.7,19.119999999999997,2.0
2024-06-21 13:00:00+00:00,19.96,19.2,2.0
2024-06-21 14:00:00+00:00,20.2,19.56,2.0
2024-06-21 15:00:00+00:00,20.14,19.4,2.0
2024-06-21 16:00:00+00:00,19.880000000000003,19.04,2.0
2024-06-21 17:00:00+00:00,19.6,18.82,2.0
2024-06-21 18:00:00+00:00,18.98,17.94,1.0
2024-06-21 19:00:00+00:00,17.979999999999997,17.22,1.0
2024-06-21 20:00:00+00:00,17.02,16.639999999999997,3.0
2024-06-21 21:00:00+00:00,16.52,16.259999999999998,3.0
2024-06-21 22:00:00+00:00,16.119999999999997,15.819999999999999,3.0
2024-06-21 23:00:00+00:00,15.7,15.419999999999998,2.0
2024-06-22 00:00:00+00:00,15.3,14.940000000000001,3.0
2024-06-22 01:00:00+00:00,15.059999999999999,14.66,3.0
2024-06-22 02:00:00+00:00,14.919999999999998,14.5,3.0
2024-06-22 03:00:00+00:00,14.98,14.440000000000001,3.0
2024-06-22 04:00:00+00:00,15.080000000000002,14.7,61.0
2024-06-22 05:00:00+00:00,15.060000000000002,14.48,3.0
2024-06-22 06:00:00+00:00,15.719999999999999,15.1,3.0
2024-06-22 07:00:00+00:00,16.619999999999997,15.7,3.0
2024-06-22 08:00:00+00:00,17.14,16.080000000000002,3.0
2024-06-22 09:00:00+00:00,17.48,16.46,3.0
2024-06-22 10:00:00+00:00,17.86,16.86,3.0
2024-06-22 11:00:00+00:00,18.080000000000002,16.979999999999997,3.0
2024-06-22 12:00:00+00:00,18.32,17.32,3.0
2024-06-22 13:00:00+00:00,18.419999999999998,17.36,3.0
2024-06-22 14:00:00+00:00,18.419999999999998,17.28,3.0
2024-06-22 15:00:00+00:00,18.5,17.32,3.0
2024-06-22 16:00:00+00:00,18.24,16.78,3.0
2024-06-22 17:00:00+00:00,18.160000000000004,16.72,3.0
2024-06-22 18:00:00+00:00,17.52,15.8,3.0
2024-06-22 19:00:00+00:00,16.96,15.560000000000002,3.0
2024-06-22 20:00:00+00:00,16.22,15.12,1.0
2024-06-22 21:00:00+00:00,15.559999999999999,14.680000000000001,1.0
2024-06-22 22:00:00+00:00,15.279999999999998,14.559999999999999,3.0
2024-06-22 23:00:00+00:00,15.02,14.5,3.0
2024-06-23 00:00:00+00:00,14.86,14.64,1.0
2024-06-23 01:00:00+00:00,14.559999999999999,14.579999999999998,3.0
2024-06-23 02:00:00+00:00,14.26,14.4,2.0
2024-06-23 03:00:00+00:00,14.040000000000001,14.26,2.0
2024-06-23 04:00:00+00:00,13.8,14.059999999999999,3.0
2024-06-23 05:00:00+00:00,13.680000000000001,14.02,3.0
2024-06-23 06:00:00+00:00,15.320000000000002,16.080000000000002,2.0
2024-06-23 07:00:00+00:00,16.2,17.04,2.0
2024-06-23 08:00:00+00:00,17.119999999999997,18.02,2.0
2024-06-23 09:00:00+00:00,18.240000000000002,19.3,2.0
2024-06-23 10:00:00+00:00,19.36,20.6,2.0
2024-06-23 11:00:00+00:00,20.080000000000002,21.32,1.0
2024-06-23 12:00:00+00:00,20.32,21.32,3.0
2024-06-23 13:00:00+00:00,20.6,21.2,2.0
2024-06-23 14:00:00+00:00,20.96,21.18,3.0
2024-06-23 15:00:00+00:00,21.18,21.16,3.0
2024-06-23 16:00:00+00:00,21.080000000000002,20.9,3.0
2024-06-23 17:00:00+00:00,20.76,20.580000000000002,2.0
2024-06-23 18:00:00+00:00,20.6,20.82,3.0
2024-06-23 19:00:00+00:00,19.84,20.56,2.0
2024-06-23 20:00:00+00:00,18.46,19.44,1.0
2024-06-23 21:00:00+00:00,17.5,18.56,1.0
2024-06-23 22:00:00+00:00,16.880000000000003,17.96,0.0
2024-06-23 23:00:00+00:00,16.119999999999997,16.919999999999998,0.0
2024-06-24 00:00:00+00:00,15.5,16.46,0.0
2024-06-24 01:00:00+00:00,15.12,15.9,0.0
2024-06-24 02:00:00+00:00,14.86,15.48,0.0
2024-06-24 03:00:00+00:00,14.580000000000002,15.080000000000002,0.0
2024-06-24 04:00:00+00:00,14.180000000000001,14.62,0.0
2024-06-24 05:00:00+00:00,14.3,14.64,0.0
2024-06-24 06:00:00+00:00,16.04,16.9,0.0
2024-06-24 07:00:00+00:00,18.119999999999997,18.919999999999998,2.0
2024-06-24 08:00:00+00:00,19.72,20.380000000000003,0.0
2024-06-24 09:00:00+00:00,21.06,22.0,0.0
2024-06-24 10:00:00+00:00,22.259999999999998,23.48,1.0
2024-06-24 11:00:00+00:00,23.22,24.259999999999998,2.0
2024-06-24 12:00:00+00:00,24.04,25.46,2.0
2024-06-24 13:00:00+00:00,24.619999999999997,25.919999999999998,1.0
2024-06-24 14:00:00+00:00,24.919999999999998,25.98,2.0
2024-06-24 15:00:00+00:00,25.1,25.56,2.0
2024-06-24 16:00:00+00:00,25.080000000000002,25.18,2.0
2024-06-24 17:00:00+00:00,24.72,24.94,2.0
2024-06-24 18:00:00+00:00,24.080000000000002,24.82,2.0
2024-06-24 19:00:00+00:00,22.82,24.240000000000002,1.0
2024-06-24 20:00:00+00:00,21.1,22.759999999999998,1.0
2024-06-24 21:00:00+00:00,19.66,21.14,1.0
2024-06-24 22:00:00+00:00,18.44,19.82,0.0
2024-06-24 23:00:00+00:00,17.6,18.8,0.0
2024-06-25 00:00:00+00:00,16.6,17.6,1.0
2024-06-25 01:00:00+00:00,16.14,17.0,0.0
2024-06-25 02:00:00+00:00,15.719999999999999,16.5,0.0
2024-06-25 03:00:00+00:00,15.36,15.959999999999999,0.0
2024-06-25 04:00:00+00:00,15.0,15.540000000000001,1.0
2024-06-25 05:00:00+00:00,15.0,15.540000000000001,1.0
2024-06-25 06:00:00+00:00,16.6,17.56,0.0
2024-06-25 07:00:00+00:00,19.8,21.28,1.0
2024-06-25 08:00:00+00:00,21.66,23.52,0.0
2024-06-25 09:00:00+00:00,23.4,25.919999999999998,0.0
2024-06-25 10:00:00+00:00,24.98,28.560000000000002,0.0
2024-06-25 11:00:00+00:00,26.24,29.96,1.0
2024-06-25 12:00:00+00:00,27.360000000000003,30.7,1.0
2024-06-25 13:00:00+00:00,28.04,30.939999999999998,1.0
2024-06-25 14:00:00+00:00,28.28,30.82,1.0
2024-06-25 15:00:00+00:00,28.2,30.119999999999997,2.0
2024-06-25 16:00:00+00:00,27.860000000000003,29.080000000000002,2.0
2024-06-25 17:00:00+00:00,27.18,28.26,1.0
2024-06-25 18:00:00+00:00,26.919999999999998,28.3,0.0
2024-06-25 19:00:00+00:00,25.240000000000002,26.839999999999996,1.0
2024-06-25 20:00:00+00:00,23.419999999999998,25.380000000000003,1.0
2024-06-25 21:00:00+00:00,22.18,24.22,2.0
2024-06-25 22:00:00+00:00,21.0,22.84,0.0
2024-06-25 23:00:00+00:00,20.36,22.16,2.0
2024-06-26 00:00:00+00:00,19.64,21.56,1.0
2024-06-26 01:00:00+00:00,19.28,21.2,1.0
2024-06-26 02:00:00+00:00,19.02,20.96,2.0
2024-06-26 03:00:00+00:00,18.660000000000004,20.5,2.0
2024-06-26 04:00:00+00:00,18.28,20.0,2.0
2024-06-26 05:00:00+00:00,18.1,19.759999999999998,2.0
2024-06-26 06:00:00+00:00,19.419999999999998,21.7,0.0
2024-06-26 07:00:00+00:00,21.78,24.360000000000003,0.0
2024-06-26 08:00:00+00:00,23.64,26.5,0.0
2024-06-26 09:00:00+00:00,25.14,28.48,1.0
2024-06-26 10:00:00+00:00,26.419999999999998,30.619999999999997,2.0
2024-06-26 11:00:00+00:00,27.54,31.860000000000003,1.0
2024-06-26 12:00:00+00:00,29.139999999999997,33.739999999999995,3.0
2024-06-26 13:00:00+00:00,29.9,34.08,2.0
2024-06-26 14:00:00+00:00,30.02,33.839999999999996,2.0
2024-06-26 15:00:00+00:00,29.580000000000002,32.660000000000004,3.0
2024-06-26 16:00:00+00:00,28.74,31.02,3.0
2024-06-26 17:00:00+00:00,27.860000000000003,29.860000000000003,1.0
2024-06-26 18:00:00+00:00,27.22,29.339999999999996,0.0
2024-06-26 19:00:00+00:00,25.880000000000003,28.360000000000003,1.0
2024-06-26 20:00:00+00:00,24.4,27.0,3.0
2024-06-26 21:00:00+00:00,23.3,25.52,3.0
2024-06-26 22:00:00+00:00,22.02,24.26,3.0
2024-06-26 23:00:00+00:00,21.2,23.419999999999998,3.0
2024-06-27 00:00:00+00:00,20.740000000000002,23.020000000000003,0.0
2024-06-27 01:00:00+00:00,20.139999999999997,22.4,1.0
2024-06-27 02:00:00+00:00,19.54,21.52,2.0
2024-06-27 03:00:00+00:00,19.18,20.98,3.0
2024-06-27 04:00:00+00:00,18.919999999999998,20.580000000000002,3.0
2024-06-27 05:00:00+00:00,18.72,20.5,3.0
2024-06-27 06:00:00+00:00,19.6,21.36,3.0
2024-06-27 07:00:00+00:00,20.740000000000002,22.5,2.0
2024-06-27 08:00:00+00:00,21.86,23.78,3.0
2024-06-27 09:00:00+00:00,22.380000000000003,23.84,3.0
2024-06-27 10:00:00+00:00,22.52,24.259999999999998,3.0
2024-06-27 11:00:00+00:00,22.8,24.68,3.0
2024-06-27 12:00:00+00:00,24.52,26.6,3.0
2024-06-27 13:00:00+00:00,24.580000000000002,26.72,3.0
2024-06-27 14:00:00+00:00,24.44,26.839999999999996,3.0
2024-06-27 15:00:00+00:00,24.740000000000002,26.8,3.0
2024-06-27 16:00:00+00:00,24.619999999999997,26.46,3.0
2024-06-27 17:00:00+00:00,24.3,25.98,3.0
2024-06-27 18:00:00+00:00,23.28,24.580000000000002,2.0
2024-06-27 19:00:00+00:00,22.2,23.54,3.0
2024-06-27 20:00:00+00:00,20.98,22.4,3.0
2024-06-27 21:00:00+00:00,20.04,21.259999999999998,3.0
2024-06-27 22:00:00+00:00,19.46,20.619999999999997,3.0
2024-06-27 23:00:00+00:00,19.0,20.16,3.0
2024-06-28 00:00:00+00:00,19.2,20.419999999999998,3.0
2024-06-28 01:00:00+00:00,18.839999999999996,20.119999999999997,3.0
2024-06-28 02:00:00+00:00,18.52,19.880000000000003,3.0
2024-06-28 03:00:00+00:00,18.32,19.560000000000002,3.0
2024-06-28 04:00:00+00:00,18.1,19.18,3.0
2024-06-28 05:00:00+00:00,17.96,18.9,3.0
2024-06-28 06:00:00+00:00,18.54,19.78,2.0
2024-06-28 07:00:00+00:00,19.34,20.56,3.0
2024-06-28 08:00:00+00:00,20.4,21.580000000000002,3.0
2024-06-28 09:00:00+00:00,21.82,23.1,3.0
2024-06-28 10:00:00+00:00,23.04,24.82,3.0
2024-06-28 11:00:00+00:00,24.119999999999997,26.439999999999998,3.0
2024-06-28 12:00:00+00:00,24.880000000000003,26.78,3.0
2024-06-28 13:00:00+00:00,25.46,27.32,3.0
2024-06-28 14:00:00+00:00,25.580000000000002,26.98,3.0
2024-06-28 15:00:00+00:00,25.639999999999997,26.8,3.0
2024-06-28 16:00:00+00:00,25.419999999999998,26.0,3.0
2024-06-28 17:00:00+00:00,25.22,25.660000000000004,2.0
2024-06-28 18:00:00+00:00,24.94,25.72,2.0
2024-06-28 19:00:00+00:00,23.66,24.2,3.0
2024-06-28 20:00:00+00:00,22.16,22.68,3.0
2024-06-28 21:00:00+00:00,21.119999999999997,21.880000000000003,3.0
2024-06-28 22:00:00+00:00,20.580000000000002,21.240000000000002,3.0
2024-06-28 23:00:00+00:00,20.080000000000002,20.619999999999997,3.0
2024-06-29 00:00:00+00:00,20.3,20.919999999999998,3.0
2024-06-29 01:00:00+00:00,19.98,20.78,3.0
2024-06-29 02:00:00+00:00,19.68,20.32,3.0
2024-06-29 03:00:00+00:00,19.36,20.08,80.0
2024-06-29 04:00:00+00:00,19.16,19.94,3.0
2024-06-29 05:00:00+00:00,19.0,19.72,80.0
2024-06-29 06:00:00+00:00,19.119999999999997,20.0,80.0
2024-06-29 07:00:00+00:00,19.66,20.32,3.0
2024-06-29 08:00:00+00:00,19.68,19.84,2.0
2024-06-29 09:00:00+00:00,19.68,19.78,80.0
2024-06-29 10:00:00+00:00,19.64,19.86,3.0
2024-06-29 11:00:00+00:00,19.919999999999998,19.94,3.0
2024-06-29 12:00:00+00:00,19.3,18.76,3.0
2024-06-29 13:00:00+00:00,19.22,18.56,3.0
2024-06-29 14:00:00+00:00,18.9,18.2,3.0
2024-06-29 15:00:00+00:00,18.259999999999998,17.64,3.0
2024-06-29 16:00:00+00:00,18.04,17.32,80.0
2024-06-29 17:00:00+00:00,17.64,16.64,61.0
2024-06-29 18:00:00+00:00,17.619999999999997,16.78,3.0
2024-06-29 19:00:00+00:00,17.16,16.22,3.0
2024-06-29 20:00:00+00:00,16.919999999999998,16.020000000000003,3.0
2024-06-29 21:00:00+00:00,16.82,16.16,3.0
2024-06-29 22:00:00+00:00,16.82,16.52,3.0
2024-06-29 23:00:00+00:00,16.9,17.04,3.0
2024-06-30 00:00:00+00:00,16.759999999999998,16.419999999999998,3.0
2024-06-30 01:00:00+00:00,16.48,16.28,3.0
2024-06-30 02:00:00+00:00,16.36,16.3,3.0
2024-06-30 03:00:00+00:00,16.080000000000002,16.28,3.0
2024-06-30 04:00:00+00:00,15.86,16.119999999999997,3.0
2024-06-30 05:00:00+00:00,15.74,15.98,3.0
2024-06-30 06:00:00+00:00,16.32,17.04,3.0
2024-06-30 07:00:00+00:00,17.04,17.8,3.0
2024-06-30 08:00:00+00:00,17.94,18.7,3.0
2024-06-30 09:00:00+00:00,18.72,19.3,3.0
2024-06-30 10:00:00+00:00,19.419999999999998,20.04,3.0
2024-06-30 11:00:00+00:00,20.14,20.96,3.0
2024-06-30 12:00:00+00:00,20.580000000000002,21.279999999999998,2.0
2024-06-30 13:00:00+00:00,20.96,21.84,3.0
2024-06-30 14:00:00+00:00,21.18,21.56,3.0
2024-06-30 15:00:00+00:00,21.16,21.16,3.0
2024-06-30 16:00:00+00:00,21.080000000000002,20.759999999999998,3.0
2024-06-30 17:00:00+00:00,20.64,20.32,3.0
2024-06-30 18:00:00+00:00,20.18,19.7,3.0
2024-06-30 19:00:00+00:00,19.32,19.119999999999997,3.0
2024-06-30 20:00:00+00:00,18.240000000000002,18.3,3.0
2024-06-30 21:00:00+00:00,17.46,17.66,3.0
2024-06-30 22:00:00+00:00,17.0,17.06,3.0
2024-06-30 23:00:00+00:00,16.619999999999997,16.560000000000002,3.0
2024-07-01 00:00:00+00:00,16.259999999999998,16.619999999999997,3.0
2024-07-01 01:00:00+00:00,15.940000000000001,16.3,1.0
2024-07-01 02:00:00+00:00,15.84,16.18,3.0
2024-07-01 03:00:00+00:00,15.819999999999999,16.22,2.0
2024-07-01 04:00:00+00:00,15.64,16.04,2.0
2024-07-01 05:00:00+00:00,15.440000000000001,15.84,3.0
2024-07-01 06:00:00+00:00,16.119999999999997,16.82,2.0
2024-07-01 07:00:00+00:00,17.18,17.619999999999997,2.0
2024-07-01 08:00:00+00:00,18.3,18.48,2.0
2024-07-01 09:00:00+00:00,19.18,19.16,3.0
2024-07-01 10:00:00+00:00,19.66,19.52,2.0
2024-07-01 11:00:00+00:00,20.119999999999997,19.94,3.0
2024-07-01 12:00:00+00:00,20.580000000000002,20.52,2.0
2024-07-01 13:00:00+00:00,20.82,20.660000000000004,2.0
2024-07-01 14:00:00+00:00,20.86,20.44,2.0
2024-07-01 15:00:00+00:00,20.42,19.52,3.0
2024-07-01 16:00:00+00:00,20.06,18.880000000000003,2.0
2024-07-01 17:00:00+00:00,19.54,18.36,2.0
2024-07-01 18:00:00+00:00,19.36,18.22,2.0
2024-07-01 19:00:00+00:00,18.48,17.48,2.0
2024-07-01 20:00:00+00:00,17.54,17.02,2.0
2024-07-01 21:00:00+00:00,16.86,16.580000000000002,2.0
2024-07-01 22:00:00+00:00,16.5,16.16,2.0
2024-07-01 23:00:00+00:00,16.32,16.2,3.0
2024-07-02 00:00:00+00:00,16.240000000000002,16.54,3.0
2024-07-02 01:00:00+00:00,16.0,16.32,3.0
2024-07-02 02:00:00+00:00,15.74,16.0,2.0
2024-07-02 03:00:00+00:00,15.580000000000002,15.84,3.0
2024-07-02 04:00:00+00:00,15.6,15.819999999999999,3.0
2024-07-02 05:00:00+00:00,15.680000000000001,15.959999999999999,3.0
2024-07-02 06:00:00+00:00,16.080000000000002,16.3,3.0
2024-07-02 07:00:00+00:00,16.76,16.82,2.0
2024-07-02 08:00:00+00:00,17.5,17.18,3.0
2024-07-02 09:00:00+00:00,18.02,17.4,3.0
2024-07-02 10:00:00+00:00,18.68,17.98,3.0
2024-07-02 11:00:00+00:00,19.74,19.339999999999996,3.0
2024-07-02 12:00:00+00:00,19.880000000000003,19.580000000000002,2.0
2024-07-02 13:00:00+00:00,20.2,19.78,3.0
2024-07-02 14:00:00+00:00,20.44,19.96,2.0
2024-07-02 15:00:00+00:00,20.619999999999997,19.84,3.0
2024-07-02 16:00:00+00:00,20.46,19.5,3.0
2024-07-02 17:00:00+00:00,19.939999999999998,19.0,3.0
2024-07-02 18:00:00+00:00,19.14,18.06,3.0
2024-07-02 19:00:00+00:00,18.2,17.34,3.0
2024-07-02 20:00:00+00:00,17.259999999999998,16.72,3.0
2024-07-02 21:00:00+00:00,16.580000000000002,16.380000000000003,3.0
2024-07-02 22:00:00+00:00,15.98,15.959999999999999,3.0
2024-07-02 23:00:00+00:00,15.580000000000002,15.540000000000001,3.0
2024-07-03 00:00:00+00:00,15.76,16.119999999999997,3.0
2024-07-03 01:00:00+00:00,15.36,15.66,3.0
2024-07-03 02:00:00+00:00,14.98,15.14,3.0
2024-07-03 03:00:00+00:00,14.48,14.419999999999998,3.0
2024-07-03 04:00:00+00:00,14.3,14.180000000000001,3.0
2024-07-03 05:00:00+00:00,14.16,14.1,3.0
2024-07-03 06:00:00+00:00,14.959999999999999,15.180000000000001,3.0
2024-07-03 07:00:00+00:00,16.32,16.56,3.0
2024-07-03 08:00:00+00:00,17.48,17.2,3.0
2024-07-03 09:00:00+00:00,18.44,17.96,2.0
2024-07-03 10:00:00+00:00,19.34,18.94,2.0
2024-07-03 11:00:00+00:00,19.96,19.7,2.0
2024-07-03 12:00:00+00:00,20.7,20.7,2.0
2024-07-03 13:00:00+00:00,21.14,21.14,2.0
2024-07-03 14:00:00+00:00,21.36,21.080000000000002,2.0
2024-07-03 15:00:00+00:00,21.259999999999998,20.54,2.0
2024-07-03 16:00:00+00:00,20.919999999999998,19.76,2.0
2024-07-03 17:00:00+00:00,20.28,18.94,2.0
2024-07-03 18:00:00+00:00,19.48,18.04,2.0
2024-07-03 19:00:00+00:00,18.54,17.66,2.0
2024-07-03 20:00:00+00:00,17.52,16.919999999999998,2.0
2024-07-03 21:00:00+00:00,16.9,16.619999999999997,3.0
2024-07-03 22:00:00+00:00,16.419999999999998,16.259999999999998,2.0
2024-07-03 23:00:00+00:00,16.06,16.06,2.0
2024-07-04 00:00:00+00:00,16.4,16.520000000000003,3.0
2024-07-04 01:00:00+00:00,16.28,16.380000000000003,3.0
2024-07-04 02:00:00+00:00,16.34,16.5,3.0
2024-07-04 03:00:00+00:00,16.259999999999998,16.4,3.0
2024-07-04 04:00:00+00:00,16.22,16.34,3.0
2024-07-04 05:00:00+00:00,16.14,16.2,3.0
2024-07-04 06:00:00+00:00,16.8,17.240000000000002,3.0
2024-07-04 07:00:00+00:00,17.64,18.16,3.0
2024-07-04 08:00:00+00:00,18.26,18.68,3.0
2024-07-04 09:00:00+00:00,19.119999999999997,19.52,3.0
2024-07-04 10:00:00+00:00,19.94,20.419999999999998,3.0
2024-07-04 11:00:00+00:00,20.8,21.52,3.0
2024-07-04 12:00:00+00:00,21.52,22.1,2.0
2024-07-04 13:00:00+00:00,21.94,22.52,1.0
2024-07-04 14:00:00+00:00,22.240000000000002,22.68,2.0
2024-07-04 15:00:00+00:00,22.32,22.5,2.0
2024-07-04 16:00:00+00:00,22.2,22.1,2.0
2024-07-04 17:00:00+00:00,21.8,21.72,1.0
2024-07-04 18:00:00+00:00,21.46,21.58,1.0
2024-07-04 19:00:00+00:00,20.380000000000003,20.9,0.0
2024-07-04 20:00:00+00:00,18.9,19.64,0.0
2024-07-04 21:00:00+00:00,17.96,18.82,0.0
2024-07-04 22:00:00+00:00,17.240000000000002,18.18,0.0
2024-07-04 23:00:00+00:00,16.66,17.48,2.0
2024-07-05 00:00:00+00:00,15.86,16.56,3.0
2024-07-05 01:00:00+00:00,15.420000000000002,16.1,2.0
2024-07-05 02:00:00+00:00,14.959999999999999,15.6,3.0
2024-07-05 03:00:00+00:00,14.36,14.86,3.0
2024-07-05 04:00:00+00:00,13.88,14.280000000000001,3.0
2024-07-05 05:00:00+00:00,13.74,14.0,3.0
2024-07-05 06:00:00+00:00,15.080000000000002,15.7,3.0
2024-07-05 07:00:00+00:00,16.759999999999998,17.419999999999998,3.0
2024-07-05 08:00:00+00:00,18.479999999999997,19.279999999999998,3.0
2024-07-05 09:00:00+00:00,20.14,21.0,3.0
2024-07-05 10:00:00+00:00,21.880000000000003,23.32,1.0
2024-07-05 11:00:00+00:00,23.44,25.5,2.0
2024-07-05 12:00:00+00:00,25.44,28.0,3.0
2024-07-05 13:00:00+00:00,26.7,29.579999999999995,1.0
2024-07-05 14:00:00+00:00,27.7,30.5,0.0
2024-07-05 15:00:00+00:00,28.339999999999996,30.5,0.0
2024-07-05 16:00:00+00:00,28.3,29.880000000000003,1.0
2024-07-05 17:00:00+00:00,27.4,28.78,0.0
2024-07-05 18:00:00+00:00,25.44,26.72,0.0
2024-07-05 19:00:00+00:00,24.259999999999998,25.8,3.0
2024-07-05 20:00:00+00:00,22.64,23.82,3.0
2024-07-05 21:00:00+00:00,21.3,22.54,3.0
2024-07-05 22:00:00+00:00,19.78,20.54,3.0
2024-07-05 23:00:00+00:00,18.919999999999998,19.48,3.0
2024-07-06 00:00:00+00:00,18.04,18.5,3.0
2024-07-06 01:00:00+00:00,18.02,18.48,3.0
2024-07-06 02:00:00+00:00,17.9,18.4,3.0
2024-07-06 03:00:00+00:00,17.759999999999998,18.2,3.0
2024-07-06 04:00:00+00:00,17.54,17.64,3.0
2024-07-06 05:00:00+00:00,17.46,17.5,3.0
2024-07-06 06:00:00+00:00,17.380000000000003,17.240000000000002,3.0
2024-07-06 07:00:00+00:00,17.5,17.36,3.0
2024-07-06 08:00:00+00:00,17.9,17.839999999999996,3.0
2024-07-06 09:00:00+00:00,18.5,18.259999999999998,3.0
2024-07-06 10:00:00+00:00,18.78,18.34,3.0
2024-07-06 11:00:00+00:00,19.020000000000003,18.54,3.0
2024-07-06 12:00:00+00:00,18.380000000000003,18.0,3.0
2024-07-06 13:00:00+00:00,18.080000000000002,17.44,3.0
2024-07-06 14:00:00+00:00,17.88,17.119999999999997,3.0
2024-07-06 15:00:00+00:00,17.86,16.7,3.0
2024-07-06 16:00:00+00:00,17.64,16.3,2.0
2024-07-06 17:00:00+00:00,17.860000000000003,16.4,2.0
2024-07-06 18:00:00+00:00,17.419999999999998,15.719999999999999,3.0
2024-07-06 19:00:00+00:00,16.759999999999998,15.4,3.0
2024-07-06 20:00:00+00:00,15.940000000000001,14.919999999999998,3.0
2024-07-06 21:00:00+00:00,15.4,14.540000000000001,3.0
2024-07-06 22:00:00+00:00,14.9,14.180000000000001,3.0
2024-07-06 23:00:00+00:00,14.440000000000001,13.8,2.0
2024-07-07 00:00:00+00:00,14.180000000000001,13.74,3.0
2024-07-07 01:00:00+00:00,13.86,13.419999999999998,2.0
2024-07-07 02:00:00+00:00,13.26,12.940000000000001,3.0
2024-07-07 03:00:00+00:00,12.98,12.8,3.0
2024-07-07 04:00:00+00:00,12.84,12.68,2.0
2024-07-07 05:00:00+00:00,12.6,12.440000000000001,2.0
2024-07-07 06:00:00+00:00,13.219999999999999,12.959999999999999,2.0
2024-07-07 07:00:00+00:00,15.24,14.940000000000001,2.0
2024-07-07 08:00:00+00:00,16.619999999999997,16.06,2.0
2024-07-07 09:00:00+00:00,17.48,16.64,2.0
2024-07-07 10:00:00+00:00,18.06,17.02,3.0
2024-07-07 11:00:00+00:00,18.98,18.080000000000002,2.0
2024-07-07 12:00:00+00:00,19.7,18.72,2.0
2024-07-07 13:00:00+00:00,20.1,18.919999999999998,2.0
2024-07-07 14:00:00+00:00,20.44,19.44,3.0
2024-07-07 15:00:00+00:00,20.580000000000002,19.419999999999998,3.0
2024-07-07 16:00:00+00:00,20.6,19.02,3.0
2024-07-07 17:00:00+00:00,20.36,18.84,3.0
2024-07-07 18:00:00+00:00,19.56,18.3,1.0
2024-07-07 19:00:00+00:00,18.54,17.94,1.0
2024-07-07 20:00:00+00:00,17.06,16.86,1.0
2024-07-07 21:00:00+00:00,15.86,15.739999999999998,1.0
2024-07-07 22:00:00+00:00,14.86,14.819999999999999,1.0
2024-07-07 23:00:00+00:00,14.2,14.24,1.0
2024-07-08 00:00:00+00:00,13.74,13.76,0.0
2024-07-08 01:00:00+00:00,13.0,12.86,2.0
2024-07-08 02:00:00+00:00,12.540000000000001,12.32,2.0
2024-07-08 03:00:00+00:00,12.34,11.959999999999999,3.0
2024-07-08 04:00:00+00:00,12.379999999999999,11.940000000000001,3.0
2024-07-08 05:00:00+00:00,12.42,11.92,2.0
2024-07-08 06:00:00+00:00,13.62,13.2,1.0
2024-07-08 07:00:00+00:00,16.52,16.119999999999997,0.0
2024-07-08 08:00:00+00:00,18.9,18.66,0.0
2024-07-08 09:00:00+00:00,21.0,21.1,1.0
2024-07-08 10:00:00+00:00,23.080000000000002,24.240000000000002,1.0
2024-07-08 11:00:00+00:00,24.78,26.52,1.0
2024-07-08 12:00:00+00:00,26.080000000000002,28.160000000000004,1.0
2024-07-08 13:00:00+00:00,27.18,29.32,3.0
2024-07-08 14:00:00+00:00,28.0,29.920000000000005,1.0
2024-07-08 15:00:00+00:00,28.48,30.119999999999997,0.0
2024-07-08 16:00:00+00:00,28.52,29.78,0.0
2024-07-08 17:00:00+00:00,28.28,29.419999999999998,3.0
2024-07-08 18:00:00+00:00,25.76,26.74,0.0
2024-07-08 19:00:00+00:00,24.18,25.52,0.0
2024-07-08 20:00:00+00:00,22.48,24.06,0.0
2024-07-08 21:00:00+00:00,20.919999999999998,22.44,0.0
2024-07-08 22:00:00+00:00,19.759999999999998,21.16,2.0
2024-07-08 23:00:00+00:00,19.02,20.06,3.0
2024-07-09 00:00:00+00:00,18.36,19.36,2.0
2024-07-09 01:00:00+00:00,18.0,18.86,3.0
2024-07-09 02:00:00+00:00,17.72,18.54,1.0
2024-07-09 03:00:00+00:00,17.72,18.580000000000002,3.0
2024-07-09 04:00:00+00:00,17.7,18.740000000000002,3.0
2024-07-09 05:00:00+00:00,17.880000000000003,18.9,3.0
2024-07-09 06:00:00+00:00,18.1,19.48,3.0
2024-07-09 07:00:00+00:00,19.84,21.759999999999998,3.0
2024-07-09 08:00:00+00:00,21.759999999999998,23.64,3.0
2024-07-09 09:00:00+00:00,23.259999999999998,25.5,3.0
2024-07-09 10:00:00+00:00,24.82,27.160000000000004,3.0
2024-07-09 11:00:00+00:00,26.160000000000004,28.48,3.0
2024-07-09 12:00:00+00:00,27.560000000000002,29.3,3.0
2024-07-09 13:00:00+00:00,26.82,27.96,3.0
2024-07-09 14:00:00+00:00,25.96,26.560000000000002,3.0
2024-07-09 15:00:00+00:00,25.0,25.68,3.0
2024-07-09 16:00:00+00:00,23.54,24.3,3.0
2024-07-09 17:00:00+00:00,22.34,22.68,3.0
2024-07-09 18:00:00+00:00,21.78,22.66,3.0
2024-07-09 19:00:00+00:00,20.94,22.1,2.0
2024-07-09 20:00:00+00:00,19.94,21.5,3.0
2024-07-09 21:00:00+00:00,19.34,21.2,3.0
2024-07-09 22:00:00+00:00,18.88,20.86,3.0
2024-07-09 23:00:00+00:00,18.54,20.34,3.0
2024-07-10 00:00:00+00:00,17.759999999999998,19.54,2.0
2024-07-10 01:00:00+00:00,17.54,19.32,2.0
2024-07-10 02:00:00+00:00,17.259999999999998,18.98,2.0
2024-07-10 03:00:00+00:00,17.0,18.68,2.0
2024-07-10 04:00:00+00:00,16.78,18.34,2.0
2024-07-10 05:00:00+00:00,16.580000000000002,18.119999999999997,45.0
2024-07-10 06:00:00+00:00,17.8,19.7,45.0
2024-07-10 07:00:00+00:00,19.52,21.36,2.0
2024-07-10 08:00:00+00:00,20.759999999999998,22.44,3.0
2024-07-10 09:00:00+00:00,22.04,23.6,3.0
2024-07-10 10:00:00+00:00,23.259999999999998,25.2,1.0
2024-07-10 11:00:00+00:00,24.380000000000003,26.96,1.0
2024-07-10 12:00:00+00:00,25.68,28.74,3.0
2024-07-10 13:00:00+00:00,26.639999999999997,29.72,3.0
2024-07-10 14:00:00+00:00,27.360000000000003,30.060000000000002,3.0
2024-07-10 15:00:00+00:00,27.9,30.119999999999997,3.0
2024-07-10 16:00:00+00:00,27.919999999999998,29.74,0.0
2024-07-10 17:00:00+00:00,27.580000000000002,29.119999999999997,3.0
2024-07-10 18:00:00+00:00,25.419999999999998,27.119999999999997,1.0
2024-07-10 19:00:00+00:00,23.9,25.96,1.0
2024-07-10 20:00:00+00:00,22.160000000000004,24.419999999999998,2.0
2024-07-10 21:00:00+00:00,20.8,22.9,0.0
2024-07-10 22:00:00+00:00,19.94,22.18,2.0
2024-07-10 23:00:00+00:00,19.22,21.4,2.0
2024-07-11 00:00:00+00:00,18.619999999999997,20.68,1.0
2024-07-11 01:00:00+00:00,18.3,20.259999999999998,45.0
2024-07-11 02:00:00+00:00,18.06,20.0,45.0
2024-07-11 03:00:00+00:00,17.98,19.759999999999998,45.0
2024-07-11 04:00:00+00:00,17.9,19.66,2.0
2024-07-11 05:00:00+00:00,17.8,19.5,2.0
2024-07-11 06:00:00+00:00,18.6,20.34,3.0
2024-07-11 07:00:00+00:00,20.48,22.72,80.0
2024-07-11 08:00:00+00:00,21.56,23.84,80.0
2024-07-11 09:00:00+00:00,22.54,24.919999999999998,80.0
2024-07-11 10:00:00+00:00,23.259999999999998,25.660000000000004,2.0
2024-07-11 11:00:00+00:00,24.06,27.02,2.0
2024-07-11 12:00:00+00:00,23.6,25.939999999999998,3.0
2024-07-11 13:00:00+00:00,24.02,26.439999999999998,2.0
2024-07-11 14:00:00+00:00,24.2,26.3,2.0
2024-07-11 15:00:00+00:00,24.1,25.8,2.0
2024-07-11 16:00:00+00:00,23.880000000000003,25.36,3.0
2024-07-11 17:00:00+00:00,23.5,25.119999999999997,2.0
2024-07-11 18:00:00+00:00,22.119999999999997,23.619999999999997,3.0
2024-07-11 19:00:00+00:00,21.46,23.02,3.0
2024-07-11 20:00:00+00:00,20.56,22.14,3.0
2024-07-11 21:00:00+00:00,20.18,21.6,3.0
2024-07-11 22:00:00+00:00,19.84,20.759999999999998,3.0
2024-07-11 23:00:00+00:00,19.46,19.7,3.0
2024-07-12 00:00:00+00:00,19.2,19.759999999999998,3.0
2024-07-12 01:00:00+00:00,18.759999999999998,18.9,3.0
2024-07-12 02:00:00+00:00,18.259999999999998,17.86,3.0
2024-07-12 03:00:00+00:00,17.82,16.96,3.0
2024-07-12 04:00:00+00:00,17.32,16.32,2.0
2024-07-12 05:00:00+00:00,16.98,16.0,2.0
2024-07-12 06:00:00+00:00,16.8,16.119999999999997,2.0
2024-07-12 07:00:00+00:00,16.72,15.9,2.0
2024-07-12 08:00:00+00:00,16.98,15.88,2.0
2024-07-12 09:00:00+00:00,17.72,16.46,2.0
2024-07-12 10:00:00+00:00,18.22,16.64,2.0
2024-07-12 11:00:00+00:00,18.98,17.72,2.0
2024-07-12 12:00:00+00:00,19.740000000000002,18.16,2.0
2024-07-12 13:00:00+00:00,20.240000000000002,18.6,2.0
2024-07-12 14:00:00+00:00,20.16,18.32,2.0
2024-07-12 15:00:00+00:00,20.22,17.86,2.0
2024-07-12 16:00:00+00:00,19.96,17.28,3.0
2024-07-12 17:00:00+00:00,19.419999999999998,16.72,1.0
2024-07-12 18:00:00+00:00,18.759999999999998,16.3,1.0
2024-07-12 19:00:00+00:00,17.7,15.74,1.0
2024-07-12 20:00:00+00:00,16.46,15.26,1.0
2024-07-12 21:00:00+00:00,15.64,14.819999999999999,3.0
2024-07-12 22:00:00+00:00,14.98,14.280000000000001,0.0
2024-07-12 23:00:00+00:00,14.34,13.8,0.0
2024-07-13 00:00:00+00:00,13.88,13.559999999999999,1.0
2024-07-13 01:00:00+00:00,13.559999999999999,13.280000000000001,3.0
2024-07-13 02:00:00+00:00,13.14,12.88,3.0
2024-07-13 03:00:00+00:00,12.74,12.48,2.0
2024-07-13 04:00:00+00:00,12.379999999999999,12.1,1.0
2024-07-13 05:00:00+00:00,12.18,11.819999999999999,2.0
2024-07-13 06:00:00+00:00,13.580000000000002,13.540000000000001,3.0
2024-07-13 07:00:00+00:00,15.5,15.419999999999998,1.0
2024-07-13 08:00:00+00:00,16.919999999999998,16.74,2.0
2024-07-13 09:00:00+00:00,18.080000000000002,17.8,3.0
2024-07-13 10:00:00+00:00,19.3,19.18,2.0
2024-07-13 11:00:00+00:00,20.44,20.7,2.0
2024-07-13 12:00:00+00:00,21.22,21.5,2.0
2024-07-13 13:00:00+00:00,22.080000000000002,22.48,2.0
2024-07-13 14:00:00+00:00,22.68,22.9,1.0
2024-07-13 15:00:00+00:00,22.94,22.7,2.0
2024-07-13 16:00:00+00:00,22.919999999999998,21.94,3.0
2024-07-13 17:00:00+00:00,22.46,21.1,3.0
2024-07-13 18:00:00+00:00,22.080000000000002,20.86,3.0
2024-07-13 19:00:00+00:00,21.1,20.419999999999998,3.0
2024-07-13 20:00:00+00:00,19.619999999999997,19.3,2.0
2024-07-13 21:00:00+00:00,18.119999999999997,17.96,3.0
2024-07-13 22:00:00+00:00,16.78,16.64,3.0
2024-07-13 23:00:00+00:00,16.0,15.8,2.0
2024-07-14 00:00:00+00:00,15.080000000000002,14.74,0.0
2024-07-14 01:00:00+00:00,14.74,14.38,3.0
2024-07-14 02:00:00+00:00,14.6,14.24,3.0
2024-07-14 03:00:00+00:00,14.440000000000001,14.020000000000001,3.0
2024-07-14 04:00:00+00:00,14.459999999999999,14.040000000000001,3.0
2024-07-14 05:00:00+00:00,14.719999999999999,14.62,3.0
2024-07-14 06:00:00+00:00,15.280000000000001,15.3,3.0
2024-07-14 07:00:00+00:00,16.64,16.8,3.0
2024-07-14 08:00:00+00:00,17.48,17.2,3.0
2024-07-14 09:00:00+00:00,18.68,18.8,3.0
2024-07-14 10:00:00+00:00,20.18,20.58,3.0
2024-07-14 11:00:00+00:00,21.9,22.8,3.0
2024-07-14 12:00:00+00:00,21.119999999999997,22.14,3.0
2024-07-14 13:00:00+00:00,22.6,24.48,3.0
2024-07-14 14:00:00+00:00,23.44,25.28,2.0
2024-07-14 15:00:00+00:00,24.0,25.580000000000002,2.0
2024-07-14 16:00:00+00:00,24.0,24.880000000000003,2.0
2024-07-14 17:00:00+00:00,23.619999999999997,24.46,3.0
2024-07-14 18:00:00+00:00,21.16,22.02,3.0
2024-07-14 19:00:00+00:00,20.52,21.66,1.0
2024-07-14 20:00:00+00:00,19.34,20.68,0.0
2024-07-14 21:00:00+00:00,18.259999999999998,19.660000000000004,0.0
2024-07-14 22:00:00+00:00,17.54,18.96,0.0
2024-07-14 23:00:00+00:00,17.02,18.44,2.0
2024-07-15 00:00:00+00:00,16.64,17.82,2.0
2024-07-15 01:00:00+00:00,16.14,17.259999999999998,2.0
2024-07-15 02:00:00+00:00,15.780000000000001,16.759999999999998,45.0
2024-07-15 03:00:00+00:00,15.62,16.52,45.0
2024-07-15 04:00:00+00:00,15.540000000000001,16.3,45.0
2024-07-15 05:00:00+00:00,15.48,16.22,3.0
2024-07-15 06:00:00+00:00,17.18,18.28,3.0
2024-07-15 07:00:00+00:00,19.48,20.94,3.0
2024-07-15 08:00:00+00:00,21.48,23.18,3.0
2024-07-15 09:00:00+00:00,23.4,25.28,3.0
2024-07-15 10:00:00+00:00,24.759999999999998,26.8,2.0
2024-07-15 11:00:00+00:00,24.16,25.619999999999997,2.0
2024-07-15 12:00:00+00:00,23.14,24.32,2.0
2024-07-15 13:00:00+00:00,23.64,24.8,2.0
2024-07-15 14:00:00+00:00,23.380000000000003,24.22,2.0
2024-07-15 15:00:00+00:00,23.06,23.18,2.0
2024-07-15 16:00:00+00:00,22.5,22.2,2.0
2024-07-15 17:00:00+00:00,21.72,21.119999999999997,3.0
2024-07-15 18:00:00+00:00,20.64,20.56,2.0
2024-07-15 19:00:00+00:00,19.96,20.419999999999998,2.0
2024-07-15 20:00:00+00:00,19.080000000000002,19.880000000000003,2.0
2024-07-15 21:00:00+00:00,18.46,19.1,2.0
2024-07-15 22:00:00+00:00,17.880000000000003,18.46,2.0
2024-07-15 23:00:00+00:00,17.380000000000003,17.880000000000003,2.0
2024-07-16 00:00:00+00:00,16.86,17.240000000000002,2.0
2024-07-16 01:00:00+00:00,16.580000000000002,16.8,3.0
2024-07-16 02:00:00+00:00,16.240000000000002,16.36,2.0
2024-07-16 03:00:00+00:00,15.959999999999999,16.2,2.0
2024-07-16 04:00:00+00:00,15.680000000000001,15.9,1.0
2024-07-16 05:00:00+00:00,15.419999999999998,15.559999999999999,2.0
2024-07-16 06:00:00+00:00,16.619999999999997,16.86,2.0
2024-07-16 07:00:00+00:00,18.48,18.759999999999998,2.0
2024-07-16 08:00:00+00:00,19.66,19.48,2.0
2024-07-16 09:00:00+00:00,20.419999999999998,20.1,2.0
2024-07-16 10:00:00+00:00,21.24,20.880000000000003,2.0
2024-07-16 11:00:00+00:00,22.02,22.0,2.0
2024-07-16 12:00:00+00:00,22.36,22.080000000000002,2.0
2024-07-16 13:00:00+00:00,22.78,22.64,2.0
2024-07-16 14:00:00+00:00,23.139999999999997,23.119999999999997,2.0
2024-07-16 15:00:00+00:00,23.1,22.759999999999998,2.0
2024-07-16 16:00:00+00:00,22.720000000000002,22.06,2.0
2024-07-16 17:00:00+00:00,22.06,21.259999999999998,3.0
2024-07-16 18:00:00+00:00,21.28,20.759999999999998,3.0
2024-07-16 19:00:00+00:00,20.06,20.14,1.0
2024-07-16 20:00:00+00:00,18.660000000000004,19.18,2.0
2024-07-16 21:00:00+00:00,17.6,18.32,1.0
2024-07-16 22:00:00+00:00,16.94,17.880000000000003,1.0
2024-07-16 23:00:00+00:00,16.380000000000003,17.36,1.0
2024-07-17 00:00:00+00:00,16.160000000000004,17.28,0.0
2024-07-17 01:00:00+00:00,15.62,16.72,0.0
2024-07-17 02:00:00+00:00,15.12,16.1,45.0
2024-07-17 03:00:00+00:00,14.7,15.6,45.0
2024-07-17 04:00:00+00:00,14.5,15.4,45.0
2024-07-17 05:00:00+00:00,14.459999999999999,15.319999999999999,45.0
2024-07-17 06:00:00+00:00,14.940000000000001,15.719999999999999,2.0
2024-07-17 07:00:00+00:00,16.84,17.6,1.0
2024-07-17 08:00:00+00:00,18.74,19.4,1.0
2024-07-17 09:00:00+00:00,20.48,21.14,3.0
2024-07-17 10:00:00+00:00,21.919999999999998,23.32,3.0
2024-07-17 11:00:00+00:00,23.34,25.28,3.0
2024-07-17 12:00:00+00:00,24.36,26.439999999999998,3.0
2024-07-17 13:00:00+00:00,25.479999999999997,27.7,3.0
2024-07-17 14:00:00+00:00,26.339999999999996,28.139999999999997,3.0
2024-07-17 15:00:00+00:00,26.880000000000003,27.68,3.0
2024-07-17 16:00:00+00:00,27.04,27.2,1.0
2024-07-17 17:00:00+00:00,26.919999999999998,27.080000000000002,1.0
2024-07-17 18:00:00+00:00,26.54,27.48,0.0
2024-07-17 19:00:00+00:00,25.02,26.619999999999997,1.0
2024-07-17 20:00:00+00:00,22.759999999999998,24.66,2.0
2024-07-17 21:00:00+00:00,21.380000000000003,23.16,3.0
2024-07-17 22:00:00+00:00,20.32,21.919999999999998,2.0
2024-07-17 23:00:00+00:00,19.54,21.02,1.0
2024-07-18 00:00:00+00:00,18.660000000000004,20.0,0.0
2024-07-18 01:00:00+00:00,18.06,19.28,0.0
2024-07-18 02:00:00+00:00,17.64,18.8,1.0
2024-07-18 03:00:00+00:00,17.28,18.339999999999996,1.0
2024-07-18 04:00:00+00:00,17.080000000000002,18.16,2.0
2024-07-18 05:00:00+00:00,16.84,17.86,1.0
2024-07-18 06:00:00+00:00,18.14,19.5,0.0
2024-07-18 07:00:00+00:00,20.7,22.419999999999998,0.0
2024-07-18 08:00:00+00:00,22.72,24.46,0.0
2024-07-18 09:00:00+00:00,24.380000000000003,26.6,1.0
2024-07-18 10:00:00+00:00,25.839999999999996,28.3,2.0
2024-07-18 11:00:00+00:00,27.02,29.8,0.0
2024-07-18 12:00:00+00:00,28.2,31.96,0.0
2024-07-18 13:00:00+00:00,28.82,32.339999999999996,2.0
2024-07-18 14:00:00+00:00,29.080000000000002,32.08,1.0
2024-07-18 15:00:00+00:00,28.98,31.24,1.0
2024-07-18 16:00:00+00:00,28.580000000000002,30.18,1.0
2024-07-18 17:00:00+00:00,27.880000000000003,29.139999999999997,1.0
2024-07-18 18:00:00+00:00,27.7,29.1,0.0
2024-07-18 19:00:00+00:00,25.660000000000004,27.32,0.0
2024-07-18 20:00:00+00:00,23.48,25.04,0.0
2024-07-18 21:00:00+00:00,21.94,23.46,0.0
2024-07-18 22:00:00+00:00,20.98,22.52,0.0
2024-07-18 23:00:00+00:00,20.3,21.880000000000003,0.0
2024-07-19 00:00:00+00:00,19.52,21.16,1.0
2024-07-19 01:00:00+00:00,19.16,20.7,2.0
2024-07-19 02:00:00+00:00,18.84,20.36,2.0
2024-07-19 03:00:00+00:00,18.52,20.04,1.0
2024-07-19 04:00:00+00:00,18.18,19.7,2.0
2024-07-19 05:00:00+00:00,18.080000000000002,19.68,2.0
2024-07-19 06:00:00+00:00,19.28,20.98,3.0
2024-07-19 07:00:00+00:00,21.0,22.66,2.0
2024-07-19 08:00:00+00:00,22.66,24.5,3.0
2024-07-19 09:00:00+00:00,24.3,26.4,3.0
2024-07-19 10:00:00+00:00,25.96,28.5,2.0
2024-07-19 11:00:00+00:00,27.139999999999997,29.919999999999998,3.0
2024-07-19 12:00:00+00:00,27.96,30.839999999999996,1.0
2024-07-19 13:00:00+00:00,28.439999999999998,31.339999999999996,1.0
2024-07-19 14:00:00+00:00,28.439999999999998,30.839999999999996,1.0
2024-07-19 15:00:00+00:00,28.18,29.939999999999998,0.0
2024-07-19 16:00:00+00:00,27.54,28.639999999999997,0.0
2024-07-19 17:00:00+00:00,26.54,27.380000000000003,0.0
2024-07-19 18:00:00+00:00,26.28,27.2,0.0
2024-07-19 19:00:00+00:00,24.72,25.860000000000003,2.0
2024-07-19 20:00:00+00:00,22.740000000000002,23.94,2.0
2024-07-19 21:00:00+00:00,21.28,22.44,2.0
2024-07-19 22:00:00+00:00,20.28,21.46,2.0
2024-07-19 23:00:00+00:00,19.7,20.880000000000003,1.0
2024-07-20 00:00:00+00:00,19.04,20.56,1.0
2024-07-20 01:00:00+00:00,18.580000000000002,20.14,3.0
2024-07-20 02:00:00+00:00,18.259999999999998,19.919999999999998,3.0
2024-07-20 03:00:00+00:00,18.0,19.8,3.0
2024-07-20 04:00:00+00:00,17.740000000000002,19.580000000000002,3.0
2024-07-20 05:00:00+00:00,17.68,19.64,3.0
2024-07-20 06:00:00+00:00,18.34,20.380000000000003,3.0
2024-07-20 07:00:00+00:00,19.9,21.96,3.0
2024-07-20 08:00:00+00:00,21.380000000000003,23.36,3.0
2024-07-20 09:00:00+00:00,22.8,24.48,2.0
2024-07-20 10:00:00+00:00,24.02,25.76,2.0
2024-07-20 11:00:00+00:00,25.119999999999997,27.18,2.0
2024-07-20 12:00:00+00:00,25.54,27.26,1.0
2024-07-20 13:00:00+00:00,25.839999999999996,27.2,1.0
2024-07-20 14:00:00+00:00,25.8,26.48,2.0
2024-07-20 15:00:00+00:00,25.02,25.06,3.0
2024-07-20 16:00:00+00:00,24.3,23.98,2.0
2024-07-20 17:00:00+00:00,23.619999999999997,23.44,2.0
2024-07-20 18:00:00+00:00,22.06,21.94,3.0
2024-07-20 19:00:00+00:00,21.080000000000002,21.36,3.0
2024-07-20 20:00:00+00:00,19.98,20.580000000000002,80.0
2024-07-20 21:00:00+00:00,19.52,19.96,3.0
2024-07-20 22:00:00+00:00,19.2,19.3,80.0
2024-07-20 23:00:00+00:00,18.580000000000002,18.34,3.0
2024-07-21 00:00:00+00:00,18.619999999999997,18.16,61.0
2024-07-21 01:00:00+00:00,18.080000000000002,17.8,2.0
2024-07-21 02:00:00+00:00,17.919999999999998,17.32,2.0
2024-07-21 03:00:00+00:00,17.66,17.020000000000003,2.0
2024-07-21 04:00:00+00:00,17.34,16.72,3.0
2024-07-21 05:00:00+00:00,17.32,16.580000000000002,2.0
2024-07-21 06:00:00+00:00,17.5,16.56,2.0
2024-07-21 07:00:00+00:00,18.1,16.98,3.0
2024-07-21 08:00:00+00:00,18.44,17.259999999999998,3.0
2024-07-21 09:00:00+00:00,18.54,17.4,3.0
2024-07-21 10:00:00+00:00,19.1,17.86,3.0
2024-07-21 11:00:00+00:00,19.880000000000003,18.5,2.0
2024-07-21 12:00:00+00:00,20.34,19.380000000000003,3.0
2024-07-21 13:00:00+00:00,20.660000000000004,19.619999999999997,2.0
2024-07-21 14:00:00+00:00,20.919999999999998,19.560000000000002,2.0
2024-07-21 15:00:00+00:00,20.7,19.1,3.0
2024-07-21 16:00:00+00:00,20.7,19.1,2.0
2024-07-21 17:00:00+00:00,20.36,18.84,2.0
2024-07-21 18:00:00+00:00,19.779999999999998,18.259999999999998,2.0
2024-07-21 19:00:00+00:00,19.04,17.82,2.0
2024-07-21 20:00:00+00:00,17.96,17.080000000000002,2.0
2024-07-21 21:00:00+00:00,17.16,16.580000000000002,2.0
2024-07-21 22:00:00+00:00,16.64,16.34,0.0
2024-07-21 23:00:00+00:00,16.04,15.919999999999998,2.0
2024-07-22 00:00:00+00:00,15.7,15.620000000000001,2.0
2024-07-22 01:00:00+00:00,14.940000000000001,14.959999999999999,1.0
2024-07-22 02:00:00+00:00,14.320000000000002,14.36,1.0
2024-07-22 03:00:00+00:00,14.040000000000001,14.039999999999997,2.0
2024-07-22 04:00:00+00:00,13.860000000000003,13.920000000000002,2.0
2024-07-22 05:00:00+00:00,13.780000000000001,13.88,2.0
2024-07-22 06:00:00+00:00,14.88,15.38,2.0
2024-07-22 07:00:00+00:00,17.28,18.060000000000002,0.0
2024-07-22 08:00:00+00:00,18.96,19.86,2.0
2024-07-22 09:00:00+00:00,20.18,20.880000000000003,1.0
2024-07-22 10:00:00+00:00,21.24,21.9,3.0
2024-07-22 11:00:00+00:00,22.14,23.14,2.0
2024-07-22 12:00:00+00:00,22.880000000000003,24.34,2.0
2024-07-22 13:00:00+00:00,23.6,25.04,2.0
2024-07-22 14:00:00+00:00,24.04,25.26,2.0
2024-07-22 15:00:00+00:00,24.240000000000002,25.04,1.0
2024-07-22 16:00:00+00:00,24.080000000000002,24.34,1.0
2024-07-22 17:00:00+00:00,23.580000000000002,23.68,1.0
2024-07-22 18:00:00+00:00,23.02,23.240000000000002,0.0
2024-07-22 19:00:00+00:00,21.939999999999998,22.54,0.0
2024-07-22 20:00:00+00:00,20.44,21.6,0.0
2024-07-22 21:00:00+00:00,19.5,20.96,0.0
2024-07-22 22:00:00+00:00,18.66,20.119999999999997,0.0
2024-07-22 23:00:00+00:00,17.92,19.48,0.0
2024-07-23 00:00:00+00:00,17.44,18.8,0.0
2024-07-23 01:00:00+00:00,16.96,18.3,0.0
2024-07-23 02:00:00+00:00,16.6,17.94,0.0
2024-07-23 03:00:00+00:00,16.34,17.7,0.0
2024-07-23 04:00:00+00:00,16.18,17.48,0.0
2024-07-23 05:00:00+00:00,15.98,17.18,0.0
2024-07-23 06:00:00+00:00,16.96,18.44,45.0
2024-07-23 07:00:00+00:00,19.3,20.96,0.0
2024-07-23 08:00:00+00:00,21.06,22.66,0.0
2024-07-23 09:00:00+00:00,22.5,24.14,0.0
2024-07-23 10:00:00+00:00,23.740000000000002,25.7,3.0
2024-07-23 11:00:00+00:00,24.94,27.28,2.0
2024-07-23 12:00:00+00:00,25.68,28.28,1.0
2024-07-23 13:00:00+00:00,26.32,28.76,1.0
2024-07-23 14:00:00+00:00,26.74,28.860000000000003,2.0
2024-07-23 15:00:00+00:00,26.68,28.160000000000004,1.0
2024-07-23 16:00:00+00:00,26.18,27.060000000000002,2.0
2024-07-23 17:00:00+00:00,25.5,26.419999999999998,2.0
2024-07-23 18:00:00+00:00,24.2,25.1,2.0
2024-07-23 19:00:00+00:00,22.84,24.32,1.0
2024-07-23 20:00:00+00:00,21.4,23.2,0.0
2024-07-23 21:00:00+00:00,20.520000000000003,22.419999999999998,0.0
2024-07-23 22:00:00+00:00,19.759999999999998,21.76,2.0
2024-07-23 23:00:00+00:00,19.240000000000002,21.18,0.0
2024-07-24 00:00:00+00:00,18.56,20.52,2.0
2024-07-24 01:00:00+00:00,18.32,20.22,2.0
2024-07-24 02:00:00+00:00,17.919999999999998,19.72,2.0
2024-07-24 03:00:00+00:00,17.68,19.46,0.0
2024-07-24 04:00:00+00:00,17.48,19.18,0.0
2024-07-24 05:00:00+00:00,17.22,18.919999999999998,0.0
2024-07-24 06:00:00+00:00,17.2,18.740000000000002,45.0
2024-07-24 07:00:00+00:00,18.78,20.2,0.0
2024-07-24 08:00:00+00:00,20.28,21.7,1.0
2024-07-24 09:00:00+00:00,21.9,23.36,1.0
2024-07-24 10:00:00+00:00,23.3,25.240000000000002,1.0
2024-07-24 11:00:00+00:00,24.580000000000002,26.9,1.0
2024-07-24 12:00:00+00:00,25.82,28.74,2.0
2024-07-24 13:00:00+00:00,26.360000000000003,29.18,1.0
2024-07-24 14:00:00+00:00,26.419999999999998,28.72,1.0
2024-07-24 15:00:00+00:00,26.24,27.8,0.0
2024-07-24 16:00:00+00:00,25.919999999999998,26.72,1.0
2024-07-24 17:00:00+00:00,25.24,25.74,1.0
2024-07-24 18:00:00+00:00,24.22,24.759999999999998,1.0
2024-07-24 19:00:00+00:00,22.880000000000003,23.86,0.0
2024-07-24 20:00:00+00:00,21.32,22.68,0.0
2024-07-24 21:00:00+00:00,20.080000000000002,21.419999999999998,2.0
2024-07-24 22:00:00+00:00,19.32,20.78,0.0
2024-07-24 23:00:00+00:00,18.740000000000002,20.14,0.0
2024-07-25 00:00:00+00:00,18.3,19.619999999999997,0.0
2024-07-25 01:00:00+00:00,18.04,19.419999999999998,0.0
2024-07-25 02:00:00+00:00,17.64,18.94,0.0
2024-07-25 03:00:00+00:00,17.22,18.54,3.0
2024-07-25 04:00:00+00:00,17.02,18.4,3.0
2024-07-25 05:00:00+00:00,16.839999999999996,18.34,3.0
2024-07-25 06:00:00+00:00,17.380000000000003,19.02,2.0
2024-07-25 07:00:00+00:00,19.080000000000002,20.72,0.0
2024-07-25 08:00:00+00:00,20.64,22.28,0.0
2024-07-25 09:00:00+00:00,22.06,23.7,0.0
2024-07-25 10:00:00+00:00,23.44,25.78,1.0
2024-07-25 11:00:00+00:00,24.78,27.46,1.0
2024-07-25 12:00:00+00:00,25.78,28.560000000000002,1.0
2024-07-25 13:00:00+00:00,26.160000000000004,28.580000000000002,2.0
2024-07-25 14:00:00+00:00,26.360000000000003,28.28,1.0
2024-07-25 15:00:00+00:00,26.080000000000002,27.339999999999996,1.0
2024-07-25 16:00:00+00:00,25.54,26.080000000000002,1.0
2024-07-25 17:00:00+00:00,24.86,25.16,1.0
2024-07-25 18:00:00+00:00,24.54,24.86,0.0
2024-07-25 19:00:00+00:00,23.0,23.56,0.0
2024-07-25 20:00:00+00:00,21.04,21.740000000000002,0.0
2024-07-25 21:00:00+00:00,20.18,21.2,1.0
2024-07-25 22:00:00+00:00,19.46,20.58,1.0
2024-07-25 23:00:00+00:00,18.880000000000003,19.919999999999998,2.0
2024-07-26 00:00:00+00:00,18.32,19.6,2.0
2024-07-26 01:00:00+00:00,18.04,19.52,1.0
2024-07-26 02:00:00+00:00,17.82,19.419999999999998,3.0
2024-07-26 03:00:00+00:00,17.740000000000002,19.380000000000003,3.0
2024-07-26 04:00:00+00:00,17.740000000000002,19.36,3.0
2024-07-26 05:00:00+00:00,17.8,19.36,3.0
2024-07-26 06:00:00+00:00,18.28,20.1,3.0
2024-07-26 07:00:00+00:00,19.44,21.3,3.0
2024-07-26 08:00:00+00:00,20.54,22.259999999999998,3.0
2024-07-26 09:00:00+00:00,21.6,23.18,2.0
2024-07-26 10:00:00+00:00,22.740000000000002,24.1,3.0
2024-07-26 11:00:00+00:00,23.82,25.72,1.0
2024-07-26 12:00:00+00:00,24.68,26.5,3.0
2024-07-26 13:00:00+00:00,25.34,26.939999999999998,2.0
2024-07-26 14:00:00+00:00,25.68,27.02,2.0
2024-07-26 15:00:00+00:00,25.82,26.860000000000003,2.0
2024-07-26 16:00:00+00:00,25.639999999999997,26.52,2.0
2024-07-26 17:00:00+00:00,25.119999999999997,26.02,1.0
2024-07-26 18:00:00+00:00,24.18,25.3,2.0
2024-07-26 19:00:00+00:00,23.02,24.52,3.0
2024-07-26 20:00:00+00:00,21.6,23.02,3.0
2024-07-26 21:00:00+00:00,20.4,21.96,3.0
2024-07-26 22:00:00+00:00,19.82,21.68,3.0
2024-07-26 23:00:00+00:00,19.36,21.080000000000002,3.0
2024-07-27 00:00:00+00:00,19.419999999999998,21.380000000000003,3.0
2024-07-27 01:00:00+00:00,19.14,21.14,3.0
2024-07-27 02:00:00+00:00,18.9,20.9,3.0
2024-07-27 03:00:00+00:00,18.8,20.68,3.0
2024-07-27 04:00:00+00:00,18.74,20.78,3.0
2024-07-27 05:00:00+00:00,18.66,20.8,3.0
2024-07-27 06:00:00+00:00,19.4,21.82,3.0
2024-07-27 07:00:00+00:00,20.22,22.8,3.0
2024-07-27 08:00:00+00:00,20.98,23.5,3.0
2024-07-27 09:00:00+00:00,21.9,24.3,3.0
2024-07-27 10:00:00+00:00,22.64,24.96,3.0
2024-07-27 11:00:00+00:00,23.14,25.36,3.0
2024-07-27 12:00:00+00:00,23.619999999999997,25.72,3.0
2024-07-27 13:00:00+00:00,24.18,26.119999999999997,3.0
2024-07-27 14:00:00+00:00,24.5,26.380000000000003,3.0
2024-07-27 15:00:00+00:00,24.46,26.0,3.0
2024-07-27 16:00:00+00:00,24.4,25.8,2.0
2024-07-27 17:00:00+00:00,24.119999999999997,25.44,2.0
2024-07-27 18:00:00+00:00,23.919999999999998,25.22,3.0
2024-07-27 19:00:00+00:00,23.119999999999997,24.619999999999997,3.0
2024-07-27 20:00:00+00:00,22.02,23.46,3.0
2024-07-27 21:00:00+00:00,21.04,22.36,3.0
2024-07-27 22:00:00+00:00,20.46,21.96,3.0
2024-07-27 23:00:00+00:00,19.9,21.5,2.0
2024-07-28 00:00:00+00:00,19.759999999999998,21.32,3.0
2024-07-28 01:00:00+00:00,19.419999999999998,20.9,2.0
2024-07-28 02:00:00+00:00,19.220000000000002,20.7,2.0
2024-07-28 03:00:00+00:00,18.919999999999998,20.28,2.0
2024-07-28 04:00:00+00:00,18.68,20.1,2.0
2024-07-28 05:00:00+00:00,18.6,20.020000000000003,2.0
2024-07-28 06:00:00+00:00,18.86,19.880000000000003,1.0
2024-07-28 07:00:00+00:00,20.46,21.46,2.0
2024-07-28 08:00:00+00:00,22.3,23.6,3.0
2024-07-28 09:00:00+00:00,24.28,25.860000000000003,2.0
2024-07-28 10:00:00+00:00,26.32,28.9,1.0
2024-07-28 11:00:00+00:00,28.360000000000003,31.76,1.0
2024-07-28 12:00:00+00:00,30.080000000000002,33.78,1.0
2024-07-28 13:00:00+00:00,31.46,34.82,0.0
2024-07-28 14:00:00+00:00,32.44,35.46,2.0
2024-07-28 15:00:00+00:00,32.96,35.339999999999996,2.0
2024-07-28 16:00:00+00:00,33.14,34.8,3.0
2024-07-28 17:00:00+00:00,32.82,34.4,0.0
2024-07-28 18:00:00+00:00,32.2,33.9,0.0
2024-07-28 19:00:00+00:00,30.439999999999998,32.839999999999996,1.0
2024-07-28 20:00:00+00:00,28.439999999999998,31.0,0.0
2024-07-28 21:00:00+00:00,26.880000000000003,29.54,1.0
2024-07-28 22:00:00+00:00,25.619999999999997,28.26,0.0
2024-07-28 23:00:00+00:00,24.5,27.080000000000002,0.0
2024-07-29 00:00:00+00:00,23.44,25.880000000000003,0.0
2024-07-29 01:00:00+00:00,22.48,24.78,0.0
2024-07-29 02:00:00+00:00,21.8,24.02,1.0
2024-07-29 03:00:00+00:00,21.380000000000003,23.54,1.0
2024-07-29 04:00:00+00:00,20.96,22.98,0.0
2024-07-29 05:00:00+00:00,20.580000000000002,22.4,2.0
2024-07-29 06:00:00+00:00,21.16,23.22,0.0
2024-07-29 07:00:00+00:00,23.72,26.359999999999996,0.0
2024-07-29 08:00:00+00:00,27.139999999999997,30.32,0.0
2024-07-29 09:00:00+00:00,29.619999999999997,32.660000000000004,0.0
2024-07-29 10:00:00+00:00,32.0,35.67999999999999,1.0
2024-07-29 11:00:00+00:00,34.160000000000004,38.14,0.0
2024-07-29 12:00:00+00:00,35.36,39.4,0.0
2024-07-29 13:00:00+00:00,36.519999999999996,40.239999999999995,0.0
2024-07-29 14:00:00+00:00,36.94,40.08,0.0
2024-07-29 15:00:00+00:00,36.88,39.3,0.0
2024-07-29 16:00:00+00:00,36.739999999999995,38.28,3.0
2024-07-29 17:00:00+00:00,36.18,37.519999999999996,3.0
2024-07-29 18:00:00+00:00,34.9,36.92,0.0
2024-07-29 19:00:00+00:00,30.4,32.64,0.0
2024-07-29 20:00:00+00:00,27.560000000000002,30.04,0.0
2024-07-29 21:00:00+00:00,25.82,28.439999999999998,3.0
2024-07-29 22:00:00+00:00,24.9,27.6,3.0
2024-07-29 23:00:00+00:00,24.14,26.939999999999998,3.0
2024-07-30 00:00:00+00:00,22.78,25.660000000000004,3.0
2024-07-30 01:00:00+00:00,22.34,25.22,3.0
2024-07-30 02:00:00+00:00,21.82,24.52,3.0
2024-07-30 03:00:00+00:00,21.46,23.96,3.0
2024-07-30 04:00:00+00:00,21.34,23.759999999999998,3.0
2024-07-30 05:00:00+00:00,21.02,23.380000000000003,3.0
2024-07-30 06:00:00+00:00,21.78,24.56,3.0
2024-07-30 07:00:00+00:00,24.16,27.660000000000004,3.0
2024-07-30 08:00:00+00:00,27.139999999999997,31.439999999999998,3.0
2024-07-30 09:00:00+00:00,29.2,32.739999999999995,3.0
2024-07-30 10:00:00+00:00,30.839999999999996,33.94,3.0
2024-07-30 11:00:00+00:00,31.179999999999996,34.2,3.0
2024-07-30 12:00:00+00:00,31.360000000000003,35.22,3.0
2024-07-30 13:00:00+00:00,32.96,37.22,3.0
2024-07-30 14:00:00+00:00,33.519999999999996,37.44,3.0
2024-07-30 15:00:00+00:00,33.519999999999996,36.68,3.0
2024-07-30 16:00:00+00:00,33.52,36.58,3.0
2024-07-30 17:00:00+00:00,33.3,36.64,3.0
2024-07-30 18:00:00+00:00,33.2,36.7,3.0
2024-07-30 19:00:00+00:00,31.28,35.44,1.0
2024-07-30 20:00:00+00:00,28.839999999999996,32.64,2.0
2024-07-30 21:00:00+00:00,27.360000000000003,30.919999999999998,1.0
2024-07-30 22:00:00+00:00,25.98,29.119999999999997,2.0
2024-07-30 23:00:00+00:00,25.14,27.96,1.0
2024-07-31 00:00:00+00:00,24.259999999999998,27.28,2.0
2024-07-31 01:00:00+00:00,23.8,26.660000000000004,2.0
2024-07-31 02:00:00+00:00,23.64,26.380000000000003,2.0
2024-07-31 03:00:00+00:00,23.14,25.5,2.0
2024-07-31 04:00:00+00:00,22.759999999999998,24.88,1.0
2024-07-31 05:00:00+00:00,22.48,24.52,1.0
2024-07-31 06:00:00+00:00,23.2,25.72,2.0
2024-07-31 07:00:00+00:00,25.14,27.919999999999998,2.0
2024-07-31 08:00:00+00:00,26.7,29.580000000000002,2.0
2024-07-31 09:00:00+00:00,28.26,31.060000000000002,2.0
2024-07-31 10:00:00+00:00,29.380000000000003,32.22,2.0
2024-07-31 11:00:00+00:00,30.26,33.64,2.0
2024-07-31 12:00:00+00:00,29.660000000000004,33.14,2.0
2024-07-31 13:00:00+00:00,30.380000000000003,33.739999999999995,2.0
2024-07-31 14:00:00+00:00,30.439999999999998,33.239999999999995,1.0
2024-07-31 15:00:00+00:00,29.860000000000003,31.98,1.0
2024-07-31 16:00:00+00:00,28.98,30.48,0.0
2024-07-31 17:00:00+00:00,27.639999999999997,29.080000000000002,0.0
2024-07-31 18:00:00+00:00,26.139999999999997,28.0,0.0
2024-07-31 19:00:00+00:00,24.46,26.6,0.0
2024-07-31 20:00:00+00:00,22.98,25.439999999999998,2.0
2024-07-31 21:00:00+00:00,22.22,24.580000000000002,2.0
2024-07-31 22:00:00+00:00,21.8,23.86,2.0
2024-07-31 23:00:00+00:00,21.4,23.48,2.0
2024-08-01 00:00:00+00:00,21.02,23.3,2.0
2024-08-01 01:00:00+00:00,20.8,22.98,2.0
2024-08-01 02:00:00+00:00,20.68,22.9,2.0
2024-08-01 03:00:00+00:00,20.66,22.9,3.0
2024-08-01 04:00:00+00:00,20.619999999999997,22.939999999999998,2.0
2024-08-01 05:00:00+00:00,20.6,22.94,3.0
2024-08-01 06:00:00+00:00,20.9,23.52,2.0
2024-08-01 07:00:00+00:00,21.7,23.9,2.0
2024-08-01 08:00:00+00:00,22.64,24.759999999999998,3.0
2024-08-01 09:00:00+00:00,23.64,25.580000000000002,1.0
2024-08-01 10:00:00+00:00,24.66,26.639999999999997,1.0
2024-08-01 11:00:00+00:00,25.5,27.7,2.0
2024-08-01 12:00:00+00:00,25.82,27.72,2.0
2024-08-01 13:00:00+00:00,26.26,28.02,1.0
2024-08-01 14:00:00+00:00,26.52,28.0,2.0
2024-08-01 15:00:00+00:00,26.24,27.160000000000004,2.0
2024-08-01 16:00:00+00:00,25.76,26.28,2.0
2024-08-01 17:00:00+00:00,24.72,25.28,3.0
2024-08-01 18:00:00+00:00,24.18,24.98,2.0
2024-08-01 19:00:00+00:00,22.94,24.0,2.0
2024-08-01 20:00:00+00:00,21.860000000000003,23.240000000000002,2.0
2024-08-01 21:00:00+00:00,21.02,22.380000000000003,1.0
2024-08-01 22:00:00+00:00,20.36,21.619999999999997,1.0
2024-08-01 23:00:00+00:00,19.8,21.16,1.0
2024-08-02 00:00:00+00:00,20.5,22.32,3.0
2024-08-02 01:00:00+00:00,20.32,22.119999999999997,2.0
2024-08-02 02:00:00+00:00,20.119999999999997,22.14,2.0
2024-08-02 03:00:00+00:00,19.86,21.98,2.0
2024-08-02 04:00:00+00:00,19.54,21.619999999999997,2.0
2024-08-02 05:00:00+00:00,19.16,21.119999999999997,3.0
2024-08-02 06:00:00+00:00,19.16,21.240000000000002,3.0
2024-08-02 07:00:00+00:00,20.2,22.06,1.0
2024-08-02 08:00:00+00:00,21.06,22.82,1.0
2024-08-02 09:00:00+00:00,22.06,23.68,1.0
2024-08-02 10:00:00+00:00,22.96,24.86,1.0
2024-08-02 11:00:00+00:00,23.740000000000002,25.74,1.0
2024-08-02 12:00:00+00:00,24.26,25.9,2.0
2024-08-02 13:00:00+00:00,24.740000000000002,26.0,3.0
2024-08-02 14:00:00+00:00,24.64,25.36,2.0
2024-08-02 15:00:00+00:00,24.380000000000003,24.7,2.0
2024-08-02 16:00:00+00:00,24.06,23.98,2.0
2024-08-02 17:00:00+00:00,23.28,23.02,1.0
2024-08-02 18:00:00+00:00,22.240000000000002,22.259999999999998,2.0
2024-08-02 19:00:00+00:00,21.28,21.56,2.0
2024-08-02 20:00:00+00:00,20.44,21.02,1.0
2024-08-02 21:00:00+00:00,19.9,20.619999999999997,2.0
2024-08-02 22:00:00+00:00,19.34,20.060000000000002,1.0
2024-08-02 23:00:00+00:00,18.740000000000002,19.64,1.0
2024-08-03 00:00:00+00:00,18.78,19.94,1.0
2024-08-03 01:00:00+00:00,18.4,19.68,1.0
2024-08-03 02:00:00+00:00,18.240000000000002,19.580000000000002,2.0
2024-08-03 03:00:00+00:00,17.98,19.28,1.0
2024-08-03 04:00:00+00:00,17.56,18.9,1.0
2024-08-03 05:00:00+00:00,17.16,18.52,2.0
2024-08-03 06:00:00+00:00,17.18,18.6,45.0
2024-08-03 07:00:00+00:00,18.8,20.3,1.0
2024-08-03 08:00:00+00:00,20.080000000000002,21.54,2.0
2024-08-03 09:00:00+00:00,21.419999999999998,22.48,2.0
2024-08-03 10:00:00+00:00,22.54,23.44,2.0
2024-08-03 11:00:00+00:00,23.56,24.72,2.0
2024-08-03 12:00:00+00:00,24.2,25.72,1.0
2024-08-03 13:00:00+00:00,24.78,26.060000000000002,1.0
2024-08-03 14:00:00+00:00,25.1,25.9,1.0
2024-08-03 15:00:00+00:00,25.1,25.44,1.0
2024-08-03 16:00:00+00:00,24.740000000000002,24.56,1.0
2024-08-03 17:00:00+00:00,24.240000000000002,24.18,1.0
2024-08-03 18:00:00+00:00,23.580000000000002,23.8,2.0
2024-08-03 19:00:00+00:00,22.24,23.14,2.0
2024-08-03 20:00:00+00:00,20.919999999999998,22.080000000000002,0.0
2024-08-03 21:00:00+00:00,19.96,21.240000000000002,0.0
2024-08-03 22:00:00+00:00,19.46,20.98,0.0
2024-08-03 23:00:00+00:00,19.0,20.66,0.0
2024-08-04 00:00:00+00:00,18.2,19.94,1.0
2024-08-04 01:00:00+00:00,17.86,19.7,2.0
2024-08-04 02:00:00+00:00,17.56,19.380000000000003,2.0
2024-08-04 03:00:00+00:00,17.28,19.16,45.0
2024-08-04 04:00:00+00:00,17.18,19.04,45.0
2024-08-04 05:00:00+00:00,17.06,18.9,45.0
2024-08-04 06:00:00+00:00,17.4,19.240000000000002,45.0
2024-08-04 07:00:00+00:00,19.48,21.68,2.0
2024-08-04 08:00:00+00:00,21.080000000000002,23.220000000000002,1.0
2024-08-04 09:00:00+00:00,22.4,24.22,2.0
2024-08-04 10:00:00+00:00,23.46,25.0,3.0
2024-08-04 11:00:00+00:00,24.3,25.919999999999998,3.0
2024-08-04 12:00:00+00:00,25.639999999999997,27.54,1.0
2024-08-04 13:00:00+00:00,26.339999999999996,28.419999999999998,1.0
2024-08-04 14:00:00+00:00,26.72,28.68,1.0
2024-08-04 15:00:00+00:00,26.68,28.18,1.0
2024-08-04 16:00:00+00:00,26.380000000000003,27.3,1.0
2024-08-04 17:00:00+00:00,25.96,26.78,1.0
2024-08-04 18:00:00+00:00,25.580000000000002,26.660000000000004,1.0
2024-08-04 19:00:00+00:00,24.0,25.54,0.0
2024-08-04 20:00:00+00:00,22.06,23.98,0.0
2024-08-04 21:00:00+00:00,20.84,22.880000000000003,0.0
2024-08-04 22:00:00+00:00,19.84,21.78,0.0
2024-08-04 23:00:00+00:00,18.98,20.86,0.0
2024-08-05 00:00:00+00:00,18.2,19.94,0.0
2024-08-05 01:00:00+00:00,17.7,19.36,45.0
2024-08-05 02:00:00+00:00,17.44,19.06,0.0
2024-08-05 03:00:00+00:00,17.240000000000002,18.84,45.0
2024-08-05 04:00:00+00:00,17.0,18.560000000000002,1.0
2024-08-05 05:00:00+00:00,16.8,18.32,1.0
2024-08-05 06:00:00+00:00,17.479999999999997,19.14,0.0
2024-08-05 07:00:00+00:00,19.86,21.98,0.0
2024-08-05 08:00:00+00:00,22.119999999999997,24.439999999999998,0.0
2024-08-05 09:00:00+00:00,24.06,26.46,0.0
2024-08-05 10:00:00+00:00,25.639999999999997,28.7,0.0
2024-08-05 11:00:00+00:00,26.860000000000003,30.3,1.0
2024-08-05 12:00:00+00:00,27.7,31.5,1.0
2024-08-05 13:00:00+00:00,28.139999999999997,31.68,1.0
2024-08-05 14:00:00+00:00,28.380000000000003,31.439999999999998,1.0
2024-08-05 15:00:00+00:00,28.339999999999996,30.68,1.0
2024-08-05 16:00:00+00:00,28.080000000000002,29.619999999999997,1.0
2024-08-05 17:00:00+00:00,27.5,28.860000000000003,1.0
2024-08-05 18:00:00+00:00,26.7,28.28,0.0
2024-08-05 19:00:00+00:00,24.86,26.7,1.0
2024-08-05 20:00:00+00:00,23.0,24.759999999999998,0.0
2024-08-05 21:00:00+00:00,21.740000000000002,23.54,0.0
2024-08-05 22:00:00+00:00,21.020000000000003,22.9,0.0
2024-08-05 23:00:00+00:00,20.48,22.44,2.0
2024-08-06 00:00:00+00:00,19.64,21.52,0.0
2024-08-06 01:00:00+00:00,19.34,21.22,1.0
2024-08-06 02:00:00+00:00,19.1,20.98,3.0
2024-08-06 03:00:00+00:00,18.84,20.86,3.0
2024-08-06 04:00:00+00:00,18.619999999999997,20.72,2.0
2024-08-06 05:00:00+00:00,18.380000000000003,20.48,2.0
2024-08-06 06:00:00+00:00,18.919999999999998,21.36,3.0
2024-08-06 07:00:00+00:00,20.54,23.060000000000002,3.0
2024-08-06 08:00:00+00:00,21.919999999999998,24.259999999999998,3.0
2024-08-06 09:00:00+00:00,23.06,25.119999999999997,3.0
2024-08-06 10:00:00+00:00,23.880000000000003,26.04,3.0
2024-08-06 11:00:00+00:00,24.54,26.639999999999997,3.0
2024-08-06 12:00:00+00:00,25.419999999999998,27.160000000000004,3.0
2024-08-06 13:00:00+00:00,25.880000000000003,27.4,3.0
2024-08-06 14:00:00+00:00,25.860000000000003,27.18,3.0
2024-08-06 15:00:00+00:00,25.640000000000004,26.54,3.0
2024-08-06 16:00:00+00:00,25.259999999999998,26.160000000000004,3.0
2024-08-06 17:00:00+00:00,24.639999999999997,25.52,3.0
2024-08-06 18:00:00+00:00,24.2,25.4,3.0
2024-08-06 19:00:00+00:00,22.82,24.240000000000002,3.0
2024-08-06 20:00:00+00:00,21.54,22.96,3.0
2024-08-06 21:00:00+00:00,20.86,22.380000000000003,3.0
2024-08-06 22:00:00+00:00,20.36,21.82,3.0
2024-08-06 23:00:00+00:00,20.02,21.56,3.0
2024-08-07 00:00:00+00:00,19.880000000000003,21.759999999999998,3.0
2024-08-07 01:00:00+00:00,19.52,21.48,3.0
2024-08-07 02:00:00+00:00,19.22,21.4,3.0
2024-08-07 03:00:00+00:00,19.04,20.94,3.0
2024-08-07 04:00:00+00:00,18.78,20.68,3.0
2024-08-07 05:00:00+00:00,18.56,20.4,3.0
2024-08-07 06:00:00+00:00,18.7,20.54,3.0
2024-08-07 07:00:00+00:00,19.68,21.22,2.0
2024-08-07 08:00:00+00:00,20.78,22.18,2.0
2024-08-07 09:00:00+00:00,21.98,23.3,3.0
2024-08-07 10:00:00+00:00,23.32,24.8,3.0
2024-08-07 11:00:00+00:00,24.479999999999997,26.46,3.0
2024-08-07 12:00:00+00:00,25.3,27.139999999999997,3.0
2024-08-07 13:00:00+00:00,25.68,27.439999999999998,3.0
2024-08-07 14:00:00+00:00,26.22,27.880000000000003,3.0
2024-08-07 15:00:00+00:00,26.139999999999997,27.22,3.0
2024-08-07 16:00:00+00:00,25.880000000000003,26.26,1.0
2024-08-07 17:00:00+00:00,25.36,25.54,3.0
2024-08-07 18:00:00+00:00,24.5,25.0,0.0
2024-08-07 19:00:00+00:00,23.080000000000002,23.8,0.0
2024-08-07 20:00:00+00:00,21.7,22.54,2.0
2024-08-07 21:00:00+00:00,20.639999999999997,21.64,2.0
2024-08-07 22:00:00+00:00,19.82,20.96,1.0
2024-08-07 23:00:00+00:00,19.16,20.32,2.0
2024-08-08 00:00:00+00:00,18.119999999999997,18.92,3.0
2024-08-08 01:00:00+00:00,17.759999999999998,18.580000000000002,3.0
2024-08-08 02:00:00+00:00,17.46,18.36,3.0
2024-08-08 03:00:00+00:00,17.14,17.939999999999998,3.0
2024-08-08 04:00:00+00:00,16.72,17.46,3.0
2024-08-08 05:00:00+00:00,16.259999999999998,16.98,3.0
2024-08-08 06:00:00+00:00,16.14,17.0,2.0
2024-08-08 07:00:00+00:00,18.080000000000002,18.8,2.0
2024-08-08 08:00:00+00:00,20.04,20.9,0.0
2024-08-08 09:00:00+00:00,22.04,22.98,0.0
2024-08-08 10:00:00+00:00,23.78,25.419999999999998,0.0
2024-08-08 11:00:00+00:00,25.16,27.22,0.0
2024-08-08 12:00:00+00:00,25.78,27.880000000000003,1.0
2024-08-08 13:00:00+00:00,26.339999999999996,28.160000000000004,0.0
2024-08-08 14:00:00+00:00,26.560000000000002,27.839999999999996,0.0
2024-08-08 15:00:00+00:00,26.580000000000002,27.160000000000004,0.0
2024-08-08 16:00:00+00:00,26.419999999999998,26.22,0.0
2024-08-08 17:00:00+00:00,25.82,25.72,0.0
2024-08-08 18:00:00+00:00,24.619999999999997,24.759999999999998,0.0
2024-08-08 19:00:00+00:00,22.94,23.64,0.0
2024-08-08 20:00:00+00:00,21.3,22.14,0.0
2024-08-08 21:00:00+00:00,20.22,20.94,0.0
2024-08-08 22:00:00+00:00,19.46,20.4,0.0
2024-08-08 23:00:00+00:00,18.759999999999998,19.9,0.0
2024-08-09 00:00:00+00:00,18.12,19.259999999999998,0.0
2024-08-09 01:00:00+00:00,17.78,18.94,0.0
2024-08-09 02:00:00+00:00,17.52,18.86,0.0
2024-08-09 03:00:00+00:00,17.42,18.82,0.0
2024-08-09 04:00:00+00:00,17.28,18.759999999999998,1.0
2024-08-09 05:00:00+00:00,17.0,18.46,0.0
2024-08-09 06:00:00+00:00,17.6,19.44,3.0
2024-08-09 07:00:00+00:00,19.56,21.5,0.0
2024-08-09 08:00:00+00:00,21.36,23.14,2.0
2024-08-09 09:00:00+00:00,22.78,24.240000000000002,2.0
2024-08-09 10:00:00+00:00,23.880000000000003,25.48,1.0
2024-08-09 11:00:00+00:00,25.02,26.98,1.0
2024-08-09 12:00:00+00:00,25.96,28.18,1.0
2024-08-09 13:00:00+00:00,26.68,28.839999999999996,1.0
2024-08-09 14:00:00+00:00,27.04,28.839999999999996,0.0
2024-08-09 15:00:00+00:00,27.119999999999997,28.3,1.0
2024-08-09 16:00:00+00:00,26.860000000000003,27.419999999999998,0.0
2024-08-09 17:00:00+00:00,26.380000000000003,27.02,1.0
2024-08-09 18:00:00+00:00,25.839999999999996,26.660000000000004,0.0
2024-08-09 19:00:00+00:00,24.02,25.580000000000002,0.0
2024-08-09 20:00:00+00:00,22.419999999999998,24.44,0.0
2024-08-09 21:00:00+00:00,21.18,23.16,0.0
2024-08-09 22:00:00+00:00,20.1,22.02,0.0
2024-08-09 23:00:00+00:00,19.4,21.380000000000003,0.0
2024-08-10 00:00:00+00:00,18.5,20.380000000000003,1.0
2024-08-10 01:00:00+00:00,18.060000000000002,19.86,1.0
2024-08-10 02:00:00+00:00,17.72,19.5,1.0
2024-08-10 03:00:00+00:00,17.36,19.1,45.0
2024-08-10 04:00:00+00:00,17.04,18.7,45.0
2024-08-10 05:00:00+00:00,16.8,18.34,0.0
2024-08-10 06:00:00+00:00,17.32,18.96,45.0
2024-08-10 07:00:00+00:00,20.18,22.54,0.0
2024-08-10 08:00:00+00:00,22.740000000000002,25.119999999999997,0.0
2024-08-10 09:00:00+00:00,25.06,27.48,0.0
2024-08-10 10:00:00+00:00,27.24,30.339999999999996,0.0
2024-08-10 11:00:00+00:00,29.119999999999997,32.44,0.0
2024-08-10 12:00:00+00:00,30.48,33.8,0.0
2024-08-10 13:00:00+00:00,31.640000000000004,34.7,0.0
2024-08-10 14:00:00+00:00,32.480000000000004,35.06,0.0
2024-08-10 15:00:00+00:00,32.78,34.4,0.0
2024-08-10 16:00:00+00:00,32.42,33.32,0.0
2024-08-10 17:00:00+00:00,31.919999999999998,32.88,0.0
2024-08-10 18:00:00+00:00,31.419999999999998,32.88,0.0
2024-08-10 19:00:00+00:00,29.2,31.2,0.0
2024-08-10 20:00:00+00:00,27.04,29.160000000000004,0.0
2024-08-10 21:00:00+00:00,25.56,27.52,3.0
2024-08-10 22:00:00+00:00,24.4,26.18,0.0
2024-08-10 23:00:00+00:00,23.619999999999997,25.32,0.0
2024-08-11 00:00:00+00:00,22.56,24.380000000000003,2.0
2024-08-11 01:00:00+00:00,21.82,23.56,0.0
2024-08-11 02:00:00+00:00,21.080000000000002,22.7,0.0
2024-08-11 03:00:00+00:00,20.619999999999997,22.06,0.0
2024-08-11 04:00:00+00:00,20.26,21.619999999999997,0.0
2024-08-11 05:00:00+00:00,20.02,21.22,0.0
2024-08-11 06:00:00+00:00,20.6,21.919999999999998,1.0
2024-08-11 07:00:00+00:00,23.580000000000002,25.48,1.0
2024-08-11 08:00:00+00:00,27.119999999999997,29.620000000000005,1.0
2024-08-11 09:00:00+00:00,30.02,32.019999999999996,1.0
2024-08-11 10:00:00+00:00,32.4,34.78,1.0
2024-08-11 11:00:00+00:00,34.660000000000004,37.160000000000004,2.0
2024-08-11 12:00:00+00:00,36.160000000000004,38.739999999999995,0.0
2024-08-11 13:00:00+00:00,37.44,39.739999999999995,0.0
2024-08-11 14:00:00+00:00,38.28,39.92,0.0
2024-08-11 15:00:00+00:00,38.660000000000004,39.239999999999995,0.0
2024-08-11 16:00:00+00:00,38.64,38.260000000000005,0.0
2024-08-11 17:00:00+00:00,37.58,37.239999999999995,0.0
2024-08-11 18:00:00+00:00,35.260000000000005,35.72,0.0
2024-08-11 19:00:00+00:00,32.0,33.08,0.0
2024-08-11 20:00:00+00:00,29.2,30.28,0.0
2024-08-11 21:00:00+00:00,27.1,28.1,0.0
2024-08-11 22:00:00+00:00,25.860000000000003,26.8,0.0
2024-08-11 23:00:00+00:00,25.0,25.82,0.0
2024-08-12 00:00:00+00:00,24.78,25.119999999999997,0.0
2024-08-12 01:00:00+00:00,24.2,25.06,0.0
2024-08-12 02:00:00+00:00,23.259999999999998,24.34,0.0
2024-08-12 03:00:00+00:00,22.52,23.66,0.0
2024-08-12 04:00:00+00:00,22.1,23.54,0.0
2024-08-12 05:00:00+00:00,21.740000000000002,23.6,0.0
2024-08-12 06:00:00+00:00,22.1,24.2,3.0
2024-08-12 07:00:00+00:00,23.44,25.419999999999998,3.0
2024-08-12 08:00:00+00:00,24.619999999999997,26.3,0.0
2024-08-12 09:00:00+00:00,25.52,27.119999999999997,3.0
2024-08-12 10:00:00+00:00,26.360000000000003,28.119999999999997,2.0
2024-08-12 11:00:00+00:00,27.139999999999997,29.0,2.0
2024-08-12 12:00:00+00:00,27.139999999999997,29.139999999999997,3.0
2024-08-12 13:00:00+00:00,27.5,29.7,3.0
2024-08-12 14:00:00+00:00,27.54,29.72,2.0
2024-08-12 15:00:00+00:00,27.2,29.1,3.0
2024-08-12 16:00:00+00:00,26.78,28.560000000000002,3.0
2024-08-12 17:00:00+00:00,26.4,28.28,3.0
2024-08-12 18:00:00+00:00,26.119999999999997,28.3,1.0
2024-08-12 19:00:00+00:00,24.419999999999998,26.72,1.0
2024-08-12 20:00:00+00:00,23.06,25.3,2.0
2024-08-12 21:00:00+00:00,22.240000000000002,24.28,2.0
2024-08-12 22:00:00+00:00,21.64,24.16,3.0
2024-08-12 23:00:00+00:00,21.240000000000002,24.080000000000002,3.0
2024-08-13 00:00:00+00:00,20.839999999999996,23.5,3.0
2024-08-13 01:00:00+00:00,20.5,23.16,3.0
2024-08-13 02:00:00+00:00,20.3,22.880000000000003,3.0
2024-08-13 03:00:00+00:00,20.0,22.58,3.0
2024-08-13 04:00:00+00:00,19.839999999999996,22.16,3.0
2024-08-13 05:00:00+00:00,19.740000000000002,22.32,3.0
2024-08-13 06:00:00+00:00,19.84,22.339999999999996,3.0
2024-08-13 07:00:00+00:00,20.5,23.1,3.0
2024-08-13 08:00:00+00:00,21.380000000000003,24.1,3.0
2024-08-13 09:00:00+00:00,22.58,25.3,3.0
2024-08-13 10:00:00+00:00,23.78,26.4,3.0
2024-08-13 11:00:00+00:00,24.740000000000002,27.18,3.0
2024-08-13 12:00:00+00:00,24.919999999999998,26.76,3.0
2024-08-13 13:00:00+00:00,25.1,26.839999999999996,3.0
2024-08-13 14:00:00+00:00,24.4,26.160000000000004,3.0
2024-08-13 15:00:00+00:00,24.380000000000003,26.32,3.0
2024-08-13 16:00:00+00:00,23.96,25.6,3.0
2024-08-13 17:00:00+00:00,23.64,25.54,3.0
2024-08-13 18:00:00+00:00,22.66,24.560000000000002,80.0
2024-08-13 19:00:00+00:00,21.84,24.1,3.0
2024-08-13 20:00:00+00:00,21.1,23.78,80.0
2024-08-13 21:00:00+00:00,20.8,23.54,3.0
2024-08-13 22:00:00+00:00,20.64,23.2,80.0
2024-08-13 23:00:00+00:00,20.439999999999998,22.560000000000002,3.0
2024-08-14 00:00:00+00:00,19.880000000000003,21.619999999999997,80.0
2024-08-14 01:00:00+00:00,19.7,21.520000000000003,3.0
2024-08-14 02:00:00+00:00,19.52,21.48,3.0
2024-08-14 03:00:00+00:00,19.259999999999998,21.02,80.0
2024-08-14 04:00:00+00:00,19.14,20.740000000000002,80.0
2024-08-14 05:00:00+00:00,19.080000000000002,20.72,3.0
2024-08-14 06:00:00+00:00,19.22,21.02,3.0
2024-08-14 07:00:00+00:00,19.52,20.96,3.0
2024-08-14 08:00:00+00:00,19.8,21.02,3.0
2024-08-14 09:00:00+00:00,20.52,21.6,3.0
2024-08-14 10:00:00+00:00,20.979999999999997,21.44,3.0
2024-08-14 11:00:00+00:00,21.48,21.939999999999998,3.0
2024-08-14 12:00:00+00:00,21.14,21.46,3.0
2024-08-14 13:00:00+00:00,21.14,21.419999999999998,3.0
2024-08-14 14:00:00+00:00,21.48,21.6,3.0
2024-08-14 15:00:00+00:00,21.36,21.2,3.0
2024-08-14 16:00:00+00:00,21.18,21.16,3.0
2024-08-14 17:00:00+00:00,20.96,21.2,3.0
2024-08-14 18:00:00+00:00,20.04,20.5,2.0
2024-08-14 19:00:00+00:00,19.4,20.28,3.0
2024-08-14 20:00:00+00:00,18.86,19.9,2.0
2024-08-14 21:00:00+00:00,18.52,19.64,3.0
2024-08-14 22:00:00+00:00,18.28,19.36,2.0
2024-08-14 23:00:00+00:00,17.98,18.919999999999998,2.0
2024-08-15 00:00:00+00:00,17.919999999999998,18.64,2.0
2024-08-15 01:00:00+00:00,17.66,18.46,2.0
2024-08-15 02:00:00+00:00,17.3,18.22,2.0
2024-08-15 03:00:00+00:00,16.92,17.880000000000003,2.0
2024-08-15 04:00:00+00:00,16.62,17.64,2.0
2024-08-15 05:00:00+00:00,16.46,17.419999999999998,2.0
2024-08-15 06:00:00+00:00,16.0,16.84,45.0
2024-08-15 07:00:00+00:00,17.56,18.6,45.0
2024-08-15 08:00:00+00:00,19.02,20.14,1.0
2024-08-15 09:00:00+00:00,20.32,21.32,2.0
2024-08-15 10:00:00+00:00,21.36,22.18,2.0
2024-08-15 11:00:00+00:00,22.28,23.28,2.0
2024-08-15 12:00:00+00:00,22.48,23.46,2.0
2024-08-15 13:00:00+00:00,23.1,23.94,2.0
2024-08-15 14:00:00+00:00,23.580000000000002,24.36,2.0
2024-08-15 15:00:00+00:00,23.580000000000002,23.82,2.0
2024-08-15 16:00:00+00:00,23.4,23.259999999999998,3.0
2024-08-15 17:00:00+00:00,23.02,22.880000000000003,1.0
2024-08-15 18:00:00+00:00,22.18,22.18,0.0
2024-08-15 19:00:00+00:00,20.72,21.14,0.0
2024-08-15 20:00:00+00:00,19.6,20.34,0.0
2024-08-15 21:00:00+00:00,18.66,19.5,0.0
2024-08-15 22:00:00+00:00,17.78,18.76,0.0
2024-08-15 23:00:00+00:00,17.14,18.259999999999998,0.0
2024-08-16 00:00:00+00:00,16.9,17.98,0.0
2024-08-16 01:00:00+00:00,16.5,17.66,0.0
2024-08-16 02:00:00+00:00,16.080000000000002,17.240000000000002,0.0
2024-08-16 03:00:00+00:00,15.7,16.86,0.0
2024-08-16 04:00:00+00:00,15.319999999999999,16.38,0.0
2024-08-16 05:00:00+00:00,14.98,15.86,45.0
2024-08-16 06:00:00+00:00,15.4,16.4,0.0
2024-08-16 07:00:00+00:00,17.7,19.18,0.0
2024-08-16 08:00:00+00:00,19.72,21.16,0.0
2024-08-16 09:00:00+00:00,21.3,22.64,0.0
2024-08-16 10:00:00+00:00,22.580000000000002,24.06,0.0
2024-08-16 11:00:00+00:00,23.419999999999998,25.2,1.0
2024-08-16 12:00:00+00:00,23.54,25.16,3.0
2024-08-16 13:00:00+00:00,24.020000000000003,25.6,3.0
2024-08-16 14:00:00+00:00,24.240000000000002,25.4,2.0
2024-08-16 15:00:00+00:00,24.2,25.04,2.0
2024-08-16 16:00:00+00:00,24.16,24.580000000000002,1.0
2024-08-16 17:00:00+00:00,23.580000000000002,24.080000000000002,1.0
2024-08-16 18:00:00+00:00,23.56,24.419999999999998,0.0
2024-08-16 19:00:00+00:00,22.0,23.28,0.0
2024-08-16 20:00:00+00:00,20.98,22.52,0.0
2024-08-16 21:00:00+00:00,20.02,21.740000000000002,1.0
2024-08-16 22:00:00+00:00,19.28,21.0,1.0
2024-08-16 23:00:00+00:00,18.880000000000003,20.7,2.0
2024-08-17 00:00:00+00:00,18.78,20.560000000000002,3.0
2024-08-17 01:00:00+00:00,18.380000000000003,20.380000000000003,3.0
2024-08-17 02:00:00+00:00,18.16,20.14,3.0
2024-08-17 03:00:00+00:00,18.139999999999997,20.14,3.0
2024-08-17 04:00:00+00:00,17.96,19.88,3.0
2024-08-17 05:00:00+00:00,18.0,19.919999999999998,3.0
2024-08-17 06:00:00+00:00,18.04,19.82,3.0
2024-08-17 07:00:00+00:00,19.16,21.14,3.0
2024-08-17 08:00:00+00:00,20.14,21.880000000000003,3.0
2024-08-17 09:00:00+00:00,20.54,22.240000000000002,3.0
2024-08-17 10:00:00+00:00,20.86,22.52,3.0
2024-08-17 11:00:00+00:00,21.22,22.8,3.0
2024-08-17 12:00:00+00:00,22.06,23.4,3.0
2024-08-17 13:00:00+00:00,22.5,23.82,3.0
2024-08-17 14:00:00+00:00,23.02,24.32,2.0
2024-08-17 15:00:00+00:00,22.759999999999998,23.919999999999998,3.0
2024-08-17 16:00:00+00:00,22.4,23.32,3.0
2024-08-17 17:00:00+00:00,21.82,22.98,3.0
2024-08-17 18:00:00+00:00,21.880000000000003,23.3,2.0
2024-08-17 19:00:00+00:00,20.9,22.66,2.0
2024-08-17 20:00:00+00:00,20.22,22.240000000000002,3.0
2024-08-17 21:00:00+00:00,19.82,21.8,3.0
2024-08-17 22:00:00+00:00,19.6,21.580000000000002,3.0
2024-08-17 23:00:00+00:00,19.36,21.2,3.0
2024-08-18 00:00:00+00:00,19.240000000000002,20.72,3.0
2024-08-18 01:00:00+00:00,18.96,20.36,3.0
2024-08-18 02:00:00+00:00,18.580000000000002,20.0,1.0
2024-08-18 03:00:00+00:00,18.2,19.66,0.0
2024-08-18 04:00:00+00:00,17.86,19.34,2.0
2024-08-18 05:00:00+00:00,17.560000000000002,18.880000000000003,1.0
2024-08-18 06:00:00+00:00,17.34,18.580000000000002,2.0
2024-08-18 07:00:00+00:00,18.0,19.080000000000002,2.0
2024-08-18 08:00:00+00:00,18.880000000000003,19.7,2.0
2024-08-18 09:00:00+00:00,19.759999999999998,20.54,2.0
2024-08-18 10:00:00+00:00,20.56,21.0,1.0
2024-08-18 11:00:00+00:00,21.22,21.56,1.0
2024-08-18 12:00:00+00:00,21.919999999999998,22.54,1.0
2024-08-18 13:00:00+00:00,22.259999999999998,22.5,1.0
2024-08-18 14:00:00+00:00,22.56,22.380000000000003,2.0
2024-08-18 15:00:00+00:00,22.3,21.54,2.0
2024-08-18 16:00:00+00:00,21.86,20.96,2.0
2024-08-18 17:00:00+00:00,21.5,20.419999999999998,2.0
2024-08-18 18:00:00+00:00,20.9,19.94,1.0
2024-08-18 19:00:00+00:00,19.52,19.139999999999997,1.0
2024-08-18 20:00:00+00:00,18.32,18.28,0.0
2024-08-18 21:00:00+00:00,17.48,17.7,1.0
2024-08-18 22:00:00+00:00,16.78,17.16,1.0
2024-08-18 23:00:00+00:00,16.080000000000002,16.52,1.0
2024-08-19 00:00:00+00:00,15.580000000000002,16.06,0.0
2024-08-19 01:00:00+00:00,15.14,15.6,0.0
2024-08-19 02:00:00+00:00,14.6,15.059999999999999,0.0
2024-08-19 03:00:00+00:00,14.26,14.74,0.0
2024-08-19 04:00:00+00:00,13.919999999999998,14.36,0.0
2024-08-19 05:00:00+00:00,13.36,13.680000000000001,0.0
2024-08-19 06:00:00+00:00,13.6,13.919999999999998,0.0
2024-08-19 07:00:00+00:00,15.920000000000002,16.66,0.0
2024-08-19 08:00:00+00:00,18.259999999999998,18.82,0.0
2024-08-19 09:00:00+00:00,20.16,20.619999999999997,0.0
2024-08-19 10:00:00+00:00,21.8,22.48,0.0
2024-08-19 11:00:00+00:00,23.16,24.240000000000002,0.0
2024-08-19 12:00:00+00:00,23.82,25.22,1.0
2024-08-19 13:00:00+00:00,24.580000000000002,26.060000000000002,1.0
2024-08-19 14:00:00+00:00,24.94,26.02,1.0
2024-08-19 15:00:00+00:00,24.86,25.3,1.0
2024-08-19 16:00:00+00:00,24.48,24.119999999999997,1.0
2024-08-19 17:00:00+00:00,23.860000000000003,23.580000000000002,1.0
2024-08-19 18:00:00+00:00,22.619999999999997,22.84,1.0
2024-08-19 19:00:00+00:00,20.880000000000003,21.4,1.0
2024-08-19 20:00:00+00:00,19.34,20.02,1.0
2024-08-19 21:00:00+00:00,18.28,19.139999999999997,0.0
2024-08-19 22:00:00+00:00,17.18,18.06,0.0
2024-08-19 23:00:00+00:00,16.28,17.18,0.0
2024-08-20 00:00:00+00:00,15.24,16.080000000000002,0.0
2024-08-20 01:00:00+00:00,14.8,15.559999999999999,0.0
2024-08-20 02:00:00+00:00,14.5,15.14,0.0
2024-08-20 03:00:00+00:00,14.2,14.720000000000002,0.0
2024-08-20 04:00:00+00:00,13.940000000000001,14.3,45.0
2024-08-20 05:00:00+00:00,13.780000000000001,14.059999999999999,45.0
2024-08-20 06:00:00+00:00,14.66,15.059999999999999,2.0
2024-08-20 07:00:00+00:00,17.04,17.919999999999998,1.0
2024-08-20 08:00:00+00:00,19.6,20.64,2.0
2024-08-20 09:00:00+00:00,21.240000000000002,21.9,2.0
2024-08-20 10:00:00+00:00,22.0,22.66,2.0
2024-08-20 11:00:00+00:00,22.6,23.419999999999998,2.0
2024-08-20 12:00:00+00:00,23.240000000000002,24.1,2.0
2024-08-20 13:00:00+00:00,23.76,24.759999999999998,2.0
2024-08-20 14:00:00+00:00,23.96,24.7,3.0
2024-08-20 15:00:00+00:00,23.96,24.52,1.0
2024-08-20 16:00:00+00:00,23.6,23.8,1.0
2024-08-20 17:00:00+00:00,22.8,23.1,1.0
2024-08-20 18:00:00+00:00,21.759999999999998,22.580000000000002,2.0
2024-08-20 19:00:00+00:00,20.64,21.52,2.0
2024-08-20 20:00:00+00:00,19.9,20.880000000000003,2.0
2024-08-20 21:00:00+00:00,19.22,20.259999999999998,2.0
2024-08-20 22:00:00+00:00,18.580000000000002,19.66,2.0
2024-08-20 23:00:00+00:00,18.1,19.1,3.0
2024-08-21 00:00:00+00:00,17.2,18.1,0.0
2024-08-21 01:00:00+00:00,16.68,17.419999999999998,1.0
2024-08-21 02:00:00+00:00,16.18,16.9,2.0
2024-08-21 03:00:00+00:00,15.919999999999998,16.7,2.0
2024-08-21 04:00:00+00:00,15.680000000000001,16.44,2.0
2024-08-21 05:00:00+00:00,15.419999999999998,16.14,2.0
2024-08-21 06:00:00+00:00,15.319999999999999,15.719999999999999,2.0
2024-08-21 07:00:00+00:00,16.36,16.6,2.0
2024-08-21 08:00:00+00:00,17.419999999999998,17.34,2.0
2024-08-21 09:00:00+00:00,18.619999999999997,18.5,1.0
2024-08-21 10:00:00+00:00,19.86,19.96,1.0
2024-08-21 11:00:00+00:00,21.080000000000002,21.619999999999997,1.0
2024-08-21 12:00:00+00:00,22.46,23.7,2.0
2024-08-21 13:00:00+00:00,23.02,24.119999999999997,1.0
2024-08-21 14:00:00+00:00,23.240000000000002,23.919999999999998,2.0
2024-08-21 15:00:00+00:00,23.380000000000003,23.54,2.0
2024-08-21 16:00:00+00:00,23.22,22.8,0.0
2024-08-21 17:00:00+00:00,22.76,22.4,0.0
2024-08-21 18:00:00+00:00,21.759999999999998,21.34,0.0
2024-08-21 19:00:00+00:00,20.04,20.0,0.0
2024-08-21 20:00:00+00:00,18.48,18.64,0.0
2024-08-21 21:00:00+00:00,17.34,17.560000000000002,0.0
2024-08-21 22:00:00+00:00,16.3,16.54,0.0
2024-08-21 23:00:00+00:00,15.319999999999999,15.440000000000001,0.0
2024-08-22 00:00:00+00:00,13.98,13.9,0.0
2024-08-22 01:00:00+00:00,13.280000000000001,13.040000000000001,0.0
2024-08-22 02:00:00+00:00,12.680000000000001,12.32,45.0
2024-08-22 03:00:00+00:00,12.280000000000001,11.86,45.0
2024-08-22 04:00:00+00:00,12.08,11.58,45.0
2024-08-22 05:00:00+00:00,11.860000000000001,11.28,45.0
2024-08-22 06:00:00+00:00,11.7,11.16,45.0
2024-08-22 07:00:00+00:00,14.62,14.64,0.0
2024-08-22 08:00:00+00:00,18.259999999999998,18.62,0.0
2024-08-22 09:00:00+00:00,21.04,21.68,0.0
2024-08-22 10:00:00+00:00,23.28,24.759999999999998,0.0
2024-08-22 11:00:00+00:00,24.86,26.9,0.0
2024-08-22 12:00:00+00:00,24.96,26.860000000000003,0.0
2024-08-22 13:00:00+00:00,25.54,27.139999999999997,0.0
2024-08-22 14:00:00+00:00,25.8,27.0,0.0
2024-08-22 15:00:00+00:00,25.759999999999998,26.139999999999997,0.0
2024-08-22 16:00:00+00:00,25.28,25.0,0.0
2024-08-22 17:00:00+00:00,24.419999999999998,24.080000000000002,0.0
2024-08-22 18:00:00+00:00,23.160000000000004,23.44,0.0
2024-08-22 19:00:00+00:00,21.14,21.839999999999996,1.0
2024-08-22 20:00:00+00:00,19.740000000000002,20.74,1.0
2024-08-22 21:00:00+00:00,18.44,19.419999999999998,0.0
2024-08-22 22:00:00+00:00,17.52,18.68,1.0
2024-08-22 23:00:00+00:00,17.02,18.240000000000002,2.0
2024-08-23 00:00:00+00:00,16.64,17.78,1.0
2024-08-23 01:00:00+00:00,16.419999999999998,17.48,2.0
2024-08-23 02:00:00+00:00,16.259999999999998,17.28,3.0
2024-08-23 03:00:00+00:00,16.240000000000002,17.14,3.0
2024-08-23 04:00:00+00:00,16.119999999999997,17.02,3.0
2024-08-23 05:00:00+00:00,16.0,16.78,3.0
2024-08-23 06:00:00+00:00,15.440000000000001,15.959999999999999,2.0
2024-08-23 07:00:00+00:00,17.64,18.52,1.0
2024-08-23 08:00:00+00:00,20.22,21.240000000000002,2.0
2024-08-23 09:00:00+00:00,22.04,23.1,3.0
2024-08-23 10:00:00+00:00,23.2,24.6,1.0
2024-08-23 11:00:00+00:00,24.240000000000002,25.860000000000003,3.0
2024-08-23 12:00:00+00:00,25.240000000000002,26.939999999999998,2.0
2024-08-23 13:00:00+00:00,26.04,27.880000000000003,3.0
2024-08-23 14:00:00+00:00,26.439999999999998,28.080000000000002,2.0
2024-08-23 15:00:00+00:00,26.72,28.22,1.0
2024-08-23 16:00:00+00:00,26.660000000000004,27.860000000000003,1.0
2024-08-23 17:00:00+00:00,26.080000000000002,27.4,1.0
2024-08-23 18:00:00+00:00,24.939999999999998,26.639999999999997,0.0
2024-08-23 19:00:00+00:00,23.119999999999997,25.240000000000002,0.0
2024-08-23 20:00:00+00:00,21.54,23.8,1.0
2024-08-23 21:00:00+00:00,20.44,22.84,0.0
2024-08-23 22:00:00+00:00,19.68,22.02,0.0
2024-08-23 23:00:00+00:00,19.18,21.48,1.0
2024-08-24 00:00:00+00:00,18.44,20.66,0.0
2024-08-24 01:00:00+00:00,18.1,20.18,45.0
2024-08-24 02:00:00+00:00,17.880000000000003,19.880000000000003,45.0
2024-08-24 03:00:00+00:00,17.72,19.66,45.0
2024-08-24 04:00:00+00:00,17.64,19.5,45.0
2024-08-24 05:00:00+00:00,17.54,19.36,2.0
2024-08-24 06:00:00+00:00,17.54,19.16,45.0
2024-08-24 07:00:00+00:00,20.0,22.14,0.0
2024-08-24 08:00:00+00:00,23.64,26.139999999999997,0.0
2024-08-24 09:00:00+00:00,25.9,27.74,1.0
2024-08-24 10:00:00+00:00,27.0,28.619999999999997,0.0
2024-08-24 11:00:00+00:00,27.580000000000002,28.619999999999997,2.0
2024-08-24 12:00:00+00:00,28.160000000000004,29.22,3.0
2024-08-24 13:00:00+00:00,26.560000000000002,26.98,1.0
2024-08-24 14:00:00+00:00,25.419999999999998,25.1,2.0
2024-08-24 15:00:00+00:00,24.04,23.740000000000002,2.0
2024-08-24 16:00:00+00:00,23.06,22.86,3.0
2024-08-24 17:00:00+00:00,22.119999999999997,21.8,3.0
2024-08-24 18:00:00+00:00,21.4,21.240000000000002,3.0
2024-08-24 19:00:00+00:00,20.4,20.259999999999998,3.0
2024-08-24 20:00:00+00:00,19.619999999999997,19.080000000000002,3.0
2024-08-24 21:00:00+00:00,19.139999999999997,18.839999999999996,3.0
2024-08-24 22:00:00+00:00,18.68,18.380000000000003,3.0
2024-08-24 23:00:00+00:00,18.259999999999998,17.8,3.0
2024-08-25 00:00:00+00:00,18.04,17.46,3.0
2024-08-25 01:00:00+00:00,17.3,16.82,2.0
2024-08-25 02:00:00+00:00,16.64,16.419999999999998,3.0
2024-08-25 03:00:00+00:00,16.06,16.22,0.0
2024-08-25 04:00:00+00:00,15.52,15.7,0.0
2024-08-25 05:00:00+00:00,15.040000000000001,15.34,0.0
2024-08-25 06:00:00+00:00,14.52,14.6,0.0
2024-08-25 07:00:00+00:00,15.540000000000001,15.540000000000001,0.0
2024-08-25 08:00:00+00:00,16.84,16.34,0.0
2024-08-25 09:00:00+00:00,17.919999999999998,17.22,1.0
2024-08-25 10:00:00+00:00,18.740000000000002,18.160000000000004,1.0
2024-08-25 11:00:00+00:00,19.66,19.14,1.0
2024-08-25 12:00:00+00:00,20.22,20.259999999999998,3.0
2024-08-25 13:00:00+00:00,20.66,20.56,3.0
2024-08-25 14:00:00+00:00,20.919999999999998,20.66,3.0
2024-08-25 15:00:00+00:00,20.96,20.3,1.0
2024-08-25 16:00:00+00:00,20.6,19.54,3.0
2024-08-25 17:00:00+00:00,20.240000000000002,19.119999999999997,1.0
2024-08-25 18:00:00+00:00,19.580000000000002,18.380000000000003,0.0
2024-08-25 19:00:00+00:00,18.240000000000002,17.419999999999998,0.0
2024-08-25 20:00:00+00:00,17.14,16.48,2.0
2024-08-25 21:00:00+00:00,16.380000000000003,15.88,3.0
2024-08-25 22:00:00+00:00,15.8,15.339999999999998,2.0
2024-08-25 23:00:00+00:00,15.26,14.9,3.0
2024-08-26 00:00:00+00:00,15.38,15.080000000000002,3.0
2024-08-26 01:00:00+00:00,14.719999999999999,14.38,2.0
2024-08-26 02:00:00+00:00,14.12,13.780000000000001,2.0
2024-08-26 03:00:00+00:00,13.680000000000001,13.3,3.0
2024-08-26 04:00:00+00:00,13.26,12.84,2.0
2024-08-26 05:00:00+00:00,12.8,12.38,2.0
2024-08-26 06:00:00+00:00,12.959999999999999,12.7,1.0
2024-08-26 07:00:00+00:00,14.86,14.86,1.0
2024-08-26 08:00:00+00:00,17.259999999999998,16.96,0.0
2024-08-26 09:00:00+00:00,19.18,18.72,0.0
2024-08-26 10:00:00+00:00,20.880000000000003,20.56,0.0
2024-08-26 11:00:00+00:00,22.3,22.259999999999998,0.0
2024-08-26 12:00:00+00:00,23.44,23.4,0.0
2024-08-26 13:00:00+00:00,24.240000000000002,24.2,0.0
2024-08-26 14:00:00+00:00,24.759999999999998,24.28,0.0
2024-08-26 15:00:00+00:00,24.919999999999998,23.880000000000003,1.0
2024-08-26 16:00:00+00:00,24.68,23.1,0.0
2024-08-26 17:00:00+00:00,24.06,22.619999999999997,0.0
2024-08-26 18:00:00+00:00,22.64,21.82,1.0
2024-08-26 19:00:00+00:00,20.36,20.080000000000002,0.0
2024-08-26 20:00:00+00:00,18.759999999999998,18.419999999999998,1.0
2024-08-26 21:00:00+00:00,17.240000000000002,16.68,0.0
2024-08-26 22:00:00+00:00,15.940000000000001,15.34,0.0
2024-08-26 23:00:00+00:00,15.080000000000002,14.36,0.0
2024-08-27 00:00:00+00:00,14.16,13.419999999999998,0.0
2024-08-27 01:00:00+00:00,13.6,12.72,0.0
2024-08-27 02:00:00+00:00,13.14,12.22,0.0
2024-08-27 03:00:00+00:00,12.62,11.7,0.0
2024-08-27 04:00:00+00:00,12.18,11.239999999999998,0.0
2024-08-27 05:00:00+00:00,11.86,10.84,0.0
2024-08-27 06:00:00+00:00,11.7,10.6,0.0
2024-08-27 07:00:00+00:00,14.540000000000001,13.98,0.0
2024-08-27 08:00:00+00:00,18.66,18.119999999999997,0.0
2024-08-27 09:00:00+00:00,21.380000000000003,21.06,0.0
2024-08-27 10:00:00+00:00,23.7,24.16,0.0
2024-08-27 11:00:00+00:00,25.9,27.060000000000002,3.0
2024-08-27 12:00:00+00:00,28.32,29.74,0.0
2024-08-27 13:00:00+00:00,29.6,31.060000000000002,0.0
2024-08-27 14:00:00+00:00,30.419999999999998,31.619999999999997,0.0
2024-08-27 15:00:00+00:00,30.6,31.139999999999997,0.0
2024-08-27 16:00:00+00:00,29.660000000000004,29.660000000000004,1.0
2024-08-27 17:00:00+00:00,28.139999999999997,28.26,0.0
2024-08-27 18:00:00+00:00,26.3,27.1,1.0
2024-08-27 19:00:00+00:00,24.02,24.94,1.0
2024-08-27 20:00:00+00:00,22.34,23.2,0.0
2024-08-27 21:00:00+00:00,20.66,21.32,0.0
2024-08-27 22:00:00+00:00,19.34,20.080000000000002,0.0
2024-08-27 23:00:00+00:00,18.34,19.0,0.0
2024-08-28 00:00:00+00:00,17.32,18.4,1.0
2024-08-28 01:00:00+00:00,16.880000000000003,17.919999999999998,1.0
2024-08-28 02:00:00+00:00,16.3,17.16,1.0
2024-08-28 03:00:00+00:00,15.74,16.5,0.0
2024-08-28 04:00:00+00:00,15.3,16.0,0.0
2024-08-28 05:00:00+00:00,15.080000000000002,15.780000000000001,0.0
2024-08-28 06:00:00+00:00,16.2,17.259999999999998,45.0
2024-08-28 07:00:00+00:00,18.46,19.919999999999998,2.0
2024-08-28 08:00:00+00:00,21.080000000000002,22.52,2.0
2024-08-28 09:00:00+00:00,22.580000000000002,24.16,2.0
2024-08-28 10:00:00+00:00,24.119999999999997,25.74,2.0
2024-08-28 11:00:00+00:00,25.4,27.52,1.0
2024-08-28 12:00:00+00:00,27.76,30.339999999999996,0.0
2024-08-28 13:00:00+00:00,28.639999999999997,31.28,1.0
2024-08-28 14:00:00+00:00,28.839999999999996,31.220000000000006,0.0
2024-08-28 15:00:00+00:00,28.74,30.48,1.0
2024-08-28 16:00:00+00:00,28.26,29.48,1.0
2024-08-28 17:00:00+00:00,27.160000000000004,28.439999999999998,3.0
2024-08-28 18:00:00+00:00,25.380000000000003,26.939999999999998,3.0
2024-08-28 19:00:00+00:00,23.36,25.0,3.0
2024-08-28 20:00:00+00:00,21.880000000000003,23.3,2.0
2024-08-28 21:00:00+00:00,20.98,22.5,2.0
2024-08-28 22:00:00+00:00,20.26,21.880000000000003,1.0
2024-08-28 23:00:00+00:00,19.54,21.34,3.0
2024-08-29 00:00:00+00:00,19.1,20.939999999999998,3.0
2024-08-29 01:00:00+00:00,18.66,20.44,3.0
2024-08-29 02:00:00+00:00,18.220000000000002,20.18,3.0
2024-08-29 03:00:00+00:00,18.06,19.98,3.0
2024-08-29 04:00:00+00:00,18.1,19.98,3.0
2024-08-29 05:00:00+00:00,18.060000000000002,20.02,3.0
2024-08-29 06:00:00+00:00,17.96,19.759999999999998,3.0
2024-08-29 07:00:00+00:00,18.759999999999998,20.68,3.0
2024-08-29 08:00:00+00:00,19.860000000000003,21.78,3.0
2024-08-29 09:00:00+00:00,21.1,23.22,3.0
2024-08-29 10:00:00+00:00,22.28,24.56,3.0
2024-08-29 11:00:00+00:00,23.32,25.619999999999997,3.0
2024-08-29 12:00:00+00:00,22.880000000000003,24.9,3.0
2024-08-29 13:00:00+00:00,23.5,25.6,3.0
2024-08-29 14:00:00+00:00,23.84,25.68,3.0
2024-08-29 15:00:00+00:00,24.2,26.080000000000002,3.0
2024-08-29 16:00:00+00:00,23.880000000000003,25.880000000000003,3.0
2024-08-29 17:00:00+00:00,23.380000000000003,25.54,3.0
2024-08-29 18:00:00+00:00,21.02,23.4,80.0
2024-08-29 19:00:00+00:00,20.48,22.78,3.0
2024-08-29 20:00:00+00:00,20.080000000000002,22.36,80.0
2024-08-29 21:00:00+00:00,19.84,22.02,3.0
2024-08-29 22:00:00+00:00,19.64,21.86,61.0
2024-08-29 23:00:00+00:00,19.52,21.82,95.0
2024-08-30 00:00:00+00:00,19.759999999999998,21.740000000000002,80.0
2024-08-30 01:00:00+00:00,19.580000000000002,21.5,3.0
2024-08-30 02:00:00+00:00,19.3,21.18,3.0
2024-08-30 03:00:00+00:00,19.0,20.96,3.0
2024-08-30 04:00:00+00:00,18.72,20.64,3.0
2024-08-30 05:00:00+00:00,18.56,20.54,45.0
2024-08-30 06:00:00+00:00,18.44,20.54,45.0
2024-08-30 07:00:00+00:00,19.080000000000002,21.419999999999998,45.0
2024-08-30 08:00:00+00:00,20.04,22.6,3.0
2024-08-30 09:00:00+00:00,21.1,23.64,3.0
2024-08-30 10:00:00+00:00,21.96,24.28,3.0
2024-08-30 11:00:00+00:00,22.34,24.72,80.0
2024-08-30 12:00:00+00:00,23.1,25.3,3.0
2024-08-30 13:00:00+00:00,23.4,25.6,3.0
2024-08-30 14:00:00+00:00,23.580000000000002,25.78,3.0
2024-08-30 15:00:00+00:00,23.56,25.939999999999998,3.0
2024-08-30 16:00:00+00:00,23.4,25.9,3.0
2024-08-30 17:00:00+00:00,22.78,25.18,3.0
2024-08-30 18:00:00+00:00,22.28,24.82,2.0
2024-08-30 19:00:00+00:00,21.2,23.919999999999998,2.0
2024-08-30 20:00:00+00:00,20.54,23.419999999999998,2.0
2024-08-30 21:00:00+00:00,20.080000000000002,22.94,3.0
2024-08-30 22:00:00+00:00,19.56,22.380000000000003,2.0
2024-08-30 23:00:00+00:00,19.14,21.919999999999998,45.0
2024-08-31 00:00:00+00:00,19.240000000000002,22.240000000000002,45.0
2024-08-31 01:00:00+00:00,19.0,21.919999999999998,45.0
2024-08-31 02:00:00+00:00,18.720000000000002,21.5,45.0
2024-08-31 03:00:00+00:00,18.580000000000002,21.34,45.0
2024-08-31 04:00:00+00:00,18.380000000000003,21.06,45.0
2024-08-31 05:00:00+00:00,18.18,20.74,45.0
2024-08-31 06:00:00+00:00,17.740000000000002,20.080000000000002,45.0
2024-08-31 07:00:00+00:00,18.8,21.34,45.0
2024-08-31 08:00:00+00:00,21.02,23.94,3.0
2024-08-31 09:00:00+00:00,23.2,26.3,1.0
2024-08-31 10:00:00+00:00,25.240000000000002,28.660000000000004,3.0
2024-08-31 11:00:00+00:00,26.74,30.540000000000003,3.0
2024-08-31 12:00:00+00:00,26.360000000000003,30.3,3.0
2024-08-31 13:00:00+00:00,27.04,30.639999999999997,3.0
2024-08-31 14:00:00+00:00,27.28,30.48,3.0
2024-08-31 15:00:00+00:00,26.380000000000003,29.68,80.0
2024-08-31 16:00:00+00:00,25.56,29.0,3.0
2024-08-31 17:00:00+00:00,25.04,28.139999999999997,3.0
2024-08-31 18:00:00+00:00,24.82,28.98,3.0
2024-08-31 19:00:00+00:00,23.48,27.4,3.0
2024-08-31 20:00:00+00:00,22.28,25.939999999999998,3.0
2024-08-31 21:00:00+00:00,21.64,25.28,3.0
2024-08-31 22:00:00+00:00,21.34,24.8,3.0
2024-08-31 23:00:00+00:00,21.119999999999997,24.66,3.0
2024-09-01 00:00:00+00:00,20.5,23.7,45.0
2024-09-01 01:00:00+00:00,20.259999999999998,23.68,45.0
2024-09-01 02:00:00+00:00,20.02,23.259999999999998,45.0
2024-09-01 03:00:00+00:00,19.78,22.8,45.0
2024-09-01 04:00:00+00:00,19.68,22.7,45.0
2024-09-01 05:00:00+00:00,19.5,22.54,45.0
2024-09-01 06:00:00+00:00,19.54,22.36,80.0
2024-09-01 07:00:00+00:00,19.919999999999998,22.82,80.0
2024-09-01 08:00:00+00:00,20.759999999999998,23.66,80.0
2024-09-01 09:00:00+00:00,21.419999999999998,24.259999999999998,3.0
2024-09-01 10:00:00+00:00,22.119999999999997,24.84,80.0
2024-09-01 11:00:00+00:00,22.3,25.16,3.0
2024-09-01 12:00:00+00:00,23.18,25.98,2.0
2024-09-01 13:00:00+00:00,23.56,26.22,3.0
2024-09-01 14:00:00+00:00,23.48,26.1,2.0
2024-09-01 15:00:00+00:00,23.06,25.56,2.0
2024-09-01 16:00:00+00:00,22.759999999999998,25.259999999999998,2.0
2024-09-01 17:00:00+00:00,22.28,24.72,3.0
2024-09-01 18:00:00+00:00,21.240000000000002,23.54,2.0
2024-09-01 19:00:00+00:00,20.4,22.919999999999998,2.0
2024-09-01 20:00:00+00:00,19.78,22.36,2.0
2024-09-01 21:00:00+00:00,19.34,22.0,1.0
2024-09-01 22:00:00+00:00,19.02,21.66,3.0
2024-09-01 23:00:00+00:00,18.8,21.4,45.0
2024-09-02 00:00:00+00:00,18.48,21.04,45.0
2024-09-02 01:00:00+00:00,18.3,20.78,45.0
2024-09-02 02:00:00+00:00,18.2,20.54,45.0
2024-09-02 03:00:00+00:00,18.0,20.259999999999998,45.0
2024-09-02 04:00:00+00:00,17.86,20.1,45.0
2024-09-02 05:00:00+00:00,17.740000000000002,19.92,45.0
2024-09-02 06:00:00+00:00,17.36,19.18,45.0
2024-09-02 07:00:00+00:00,18.24,20.22,3.0
2024-09-02 08:00:00+00:00,19.76,21.5,2.0
2024-09-02 09:00:00+00:00,20.84,22.64,3.0
2024-09-02 10:00:00+00:00,21.740000000000002,23.44,2.0
2024-09-02 11:00:00+00:00,22.28,23.8,3.0
2024-09-02 12:00:00+00:00,23.380000000000003,25.2,2.0
2024-09-02 13:00:00+00:00,23.6,25.119999999999997,3.0
2024-09-02 14:00:00+00:00,23.48,24.5,3.0
2024-09-02 15:00:00+00:00,22.96,23.8,2.0
2024-09-02 16:00:00+00:00,22.259999999999998,23.1,3.0
2024-09-02 17:00:00+00:00,21.54,22.7,3.0
2024-09-02 18:00:00+00:00,19.4,19.94,3.0
2024-09-02 19:00:00+00:00,18.740000000000002,19.6,3.0
2024-09-02 20:00:00+00:00,18.54,19.740000000000002,61.0
2024-09-02 21:00:00+00:00,18.5,19.84,80.0
2024-09-02 22:00:00+00:00,18.44,19.64,3.0
2024-09-02 23:00:00+00:00,18.240000000000002,19.419999999999998,3.0
2024-09-03 00:00:00+00:00,18.64,19.78,3.0
2024-09-03 01:00:00+00:00,18.4,19.759999999999998,3.0
2024-09-03 02:00:00+00:00,18.240000000000002,19.740000000000002,3.0
2024-09-03 03:00:00+00:00,18.02,19.54,3.0
2024-09-03 04:00:00+00:00,17.9,19.58,3.0
2024-09-03 05:00:00+00:00,17.759999999999998,19.48,80.0
2024-09-03 06:00:00+00:00,17.36,18.94,3.0
2024-09-03 07:00:00+00:00,17.4,18.880000000000003,3.0
2024-09-03 08:00:00+00:00,17.580000000000002,18.9,3.0
2024-09-03 09:00:00+00:00,17.98,19.32,3.0
2024-09-03 10:00:00+00:00,18.34,19.7,3.0
2024-09-03 11:00:00+00:00,18.759999999999998,20.02,3.0
2024-09-03 12:00:00+00:00,19.419999999999998,20.3,3.0
2024-09-03 13:00:00+00:00,19.54,20.34,3.0
2024-09-03 14:00:00+00:00,19.68,20.5,3.0
2024-09-03 15:00:00+00:00,19.44,20.46,3.0
2024-09-03 16:00:00+00:00,19.46,20.5,3.0
2024-09-03 17:00:00+00:00,19.4,20.48,3.0
2024-09-03 18:00:00+00:00,18.880000000000003,19.84,3.0
2024-09-03 19:00:00+00:00,18.5,19.68,3.0
2024-09-03 20:00:00+00:00,18.18,19.46,3.0
2024-09-03 21:00:00+00:00,17.919999999999998,19.22,3.0
2024-09-03 22:00:00+00:00,17.7,18.96,3.0
2024-09-03 23:00:00+00:00,17.48,18.759999999999998,3.0
2024-09-04 00:00:00+00:00,17.1,18.1,3.0
2024-09-04 01:00:00+00:00,16.94,18.02,3.0
2024-09-04 02:00:00+00:00,16.740000000000002,17.919999999999998,2.0
2024-09-04 03:00:00+00:00,16.5,17.759999999999998,2.0
2024-09-04 04:00:00+00:00,16.28,17.44,0.0
2024-09-04 05:00:00+00:00,16.16,17.259999999999998,3.0
2024-09-04 06:00:00+00:00,16.14,17.1,0.0
2024-09-04 07:00:00+00:00,16.580000000000002,17.46,1.0
2024-09-04 08:00:00+00:00,17.36,17.96,2.0
2024-09-04 09:00:00+00:00,18.240000000000002,18.619999999999997,1.0
2024-09-04 10:00:00+00:00,19.04,19.44,2.0
2024-09-04 11:00:00+00:00,19.98,20.18,3.0
2024-09-04 12:00:00+00:00,19.64,19.880000000000003,3.0
2024-09-04 13:00:00+00:00,20.02,20.16,3.0
2024-09-04 14:00:00+00:00,20.080000000000002,19.94,3.0
2024-09-04 15:00:00+00:00,20.18,19.56,3.0
2024-09-04 16:00:00+00:00,19.84,19.02,3.0
2024-09-04 17:00:00+00:00,19.48,18.8,3.0
2024-09-04 18:00:00+00:00,18.4,18.34,2.0
2024-09-04 19:00:00+00:00,17.54,17.6,2.0
2024-09-04 20:00:00+00:00,16.98,17.2,2.0
2024-09-04 21:00:00+00:00,16.6,16.84,80.0
2024-09-04 22:00:00+00:00,16.139999999999997,16.240000000000002,80.0
2024-09-04 23:00:00+00:00,15.7,15.639999999999997,2.0
2024-09-05 00:00:00+00:00,15.16,15.4,2.0
2024-09-05 01:00:00+00:00,14.98,14.919999999999998,2.0
2024-09-05 02:00:00+00:00,14.720000000000002,14.379999999999999,2.0
2024-09-05 03:00:00+00:00,14.440000000000001,14.02,2.0
2024-09-05 04:00:00+00:00,14.319999999999999,14.0,2.0
2024-09-05 05:00:00+00:00,14.14,13.86,3.0
2024-09-05 06:00:00+00:00,13.719999999999999,13.48,2.0
2024-09-05 07:00:00+00:00,14.7,14.780000000000001,3.0
2024-09-05 08:00:00+00:00,15.62,15.26,3.0
2024-09-05 09:00:00+00:00,16.36,15.959999999999999,2.0
2024-09-05 10:00:00+00:00,17.2,16.8,2.0
2024-09-05 11:00:00+00:00,17.8,17.419999999999998,2.0
2024-09-05 12:00:00+00:00,17.7,16.56,3.0
2024-09-05 13:00:00+00:00,18.04,16.740000000000002,3.0
2024-09-05 14:00:00+00:00,18.0,16.68,3.0
2024-09-05 15:00:00+00:00,17.94,16.68,3.0
2024-09-05 16:00:00+00:00,17.66,16.52,3.0
2024-09-05 17:00:00+00:00,17.14,16.259999999999998,3.0
2024-09-05 18:00:00+00:00,16.54,16.04,3.0
2024-09-05 19:00:00+00:00,15.64,15.540000000000001,3.0
2024-09-05 20:00:00+00:00,14.959999999999999,15.02,3.0
2024-09-05 21:00:00+00:00,14.459999999999999,14.540000000000001,3.0
2024-09-05 22:00:00+00:00,13.86,13.76,3.0
2024-09-05 23:00:00+00:00,13.5,13.3,3.0
2024-09-06 00:00:00+00:00,13.76,13.6,3.0
2024-09-06 01:00:00+00:00,13.48,13.280000000000001,3.0
2024-09-06 02:00:00+00:00,13.38,13.24,3.0
2024-09-06 03:00:00+00:00,13.38,13.219999999999999,3.0
2024-09-06 04:00:00+00:00,13.34,13.0,61.0
2024-09-06 05:00:00+00:00,13.16,12.919999999999998,3.0
2024-09-06 06:00:00+00:00,12.919999999999998,12.74,3.0
2024-09-06 07:00:00+00:00,13.36,13.180000000000001,61.0
2024-09-06 08:00:00+00:00,14.1,13.84,61.0
2024-09-06 09:00:00+00:00,14.74,14.52,3.0
2024-09-06 10:00:00+00:00,15.540000000000001,15.419999999999998,3.0
2024-09-06 11:00:00+00:00,16.2,16.28,3.0
2024-09-06 12:00:00+00:00,17.419999999999998,17.46,3.0
2024-09-06 13:00:00+00:00,17.660000000000004,17.919999999999998,3.0
2024-09-06 14:00:00+00:00,17.84,18.34,3.0
2024-09-06 15:00:00+00:00,17.84,18.46,3.0
2024-09-06 16:00:00+00:00,17.5,18.34,3.0
2024-09-06 17:00:00+00:00,17.380000000000003,18.28,1.0
2024-09-06 18:00:00+00:00,17.419999999999998,18.380000000000003,0.0
2024-09-06 19:00:00+00:00,16.580000000000002,17.68,0.0
2024-09-06 20:00:00+00:00,16.1,17.139999999999997,0.0
2024-09-06 21:00:00+00:00,15.8,16.64,0.0
2024-09-06 22:00:00+00:00,15.5,16.06,1.0
2024-09-06 23:00:00+00:00,15.319999999999999,16.02,95.0
2024-09-07 00:00:00+00:00,15.24,15.76,3.0
2024-09-07 01:00:00+00:00,15.040000000000001,15.5,3.0
2024-09-07 02:00:00+00:00,14.919999999999998,15.3,3.0
2024-09-07 03:00:00+00:00,14.919999999999998,15.26,3.0
2024-09-07 04:00:00+00:00,15.0,15.280000000000001,3.0
2024-09-07 05:00:00+00:00,15.02,15.3,95.0
2024-09-07 06:00:00+00:00,15.2,15.9,45.0
2024-09-07 07:00:00+00:00,16.18,17.28,2.0
2024-09-07 08:00:00+00:00,17.880000000000003,18.96,3.0
2024-09-07 09:00:00+00:00,18.6,18.759999999999998,0.0
2024-09-07 10:00:00+00:00,19.86,19.419999999999998,3.0
2024-09-07 11:00:00+00:00,20.919999999999998,20.18,2.0
2024-09-07 12:00:00+00:00,20.9,19.98,1.0
2024-09-07 13:00:00+00:00,21.080000000000002,20.119999999999997,1.0
2024-09-07 14:00:00+00:00,21.080000000000002,19.72,2.0
2024-09-07 15:00:00+00:00,20.82,19.0,2.0
2024-09-07 16:00:00+00:00,19.96,18.240000000000002,3.0
2024-09-07 17:00:00+00:00,19.1,17.759999999999998,2.0
2024-09-07 18:00:00+00:00,17.9,16.98,1.0
2024-09-07 19:00:00+00:00,16.96,16.4,2.0
2024-09-07 20:00:00+00:00,16.28,15.8,2.0
2024-09-07 21:00:00+00:00,15.819999999999999,15.4,2.0
2024-09-07 22:00:00+00:00,15.3,14.919999999999998,1.0
2024-09-07 23:00:00+00:00,14.76,14.16,2.0
2024-09-08 00:00:00+00:00,14.059999999999999,13.36,2.0
2024-09-08 01:00:00+00:00,13.76,12.98,2.0
2024-09-08 02:00:00+00:00,13.559999999999999,12.680000000000001,2.0
2024-09-08 03:00:00+00:00,13.280000000000001,12.52,2.0
2024-09-08 04:00:00+00:00,13.540000000000001,12.8,2.0
2024-09-08 05:00:00+00:00,13.76,13.12,3.0
2024-09-08 06:00:00+00:00,14.38,13.88,2.0
2024-09-08 07:00:00+00:00,15.2,14.86,3.0
2024-09-08 08:00:00+00:00,16.419999999999998,16.14,2.0
2024-09-08 09:00:00+00:00,17.56,17.36,2.0
2024-09-08 10:00:00+00:00,18.56,17.98,2.0
2024-09-08 11:00:00+00:00,19.240000000000002,18.5,3.0
2024-09-08 12:00:00+00:00,19.46,19.54,80.0
2024-09-08 13:00:00+00:00,19.68,19.36,2.0
2024-09-08 14:00:00+00:00,19.6,19.04,2.0
2024-09-08 15:00:00+00:00,19.56,18.86,2.0
2024-09-08 16:00:00+00:00,19.06,18.32,1.0
2024-09-08 17:00:00+00:00,18.64,18.1,2.0
2024-09-08 18:00:00+00:00,17.7,17.48,1.0
2024-09-08 19:00:00+00:00,17.04,17.119999999999997,1.0
2024-09-08 20:00:00+00:00,16.740000000000002,16.72,2.0
2024-09-08 21:00:00+00:00,16.46,16.28,3.0
2024-09-08 22:00:00+00:00,16.32,16.02,3.0
2024-09-08 23:00:00+00:00,16.3,15.879999999999999,3.0
2024-09-09 00:00:00+00:00,15.579999999999998,15.059999999999999,3.0
2024-09-09 01:00:00+00:00,15.719999999999999,15.1,2.0
2024-09-09 02:00:00+00:00,16.04,15.419999999999998,3.0
2024-09-09 03:00:00+00:00,16.240000000000002,15.66,3.0
2024-09-09 04:00:00+00:00,16.419999999999998,16.04,2.0
2024-09-09 05:00:00+00:00,16.5,16.2,2.0
2024-09-09 06:00:00+00:00,16.48,16.580000000000002,3.0
2024-09-09 07:00:00+00:00,16.98,17.119999999999997,2.0
2024-09-09 08:00:00+00:00,17.66,17.6,2.0
2024-09-09 09:00:00+00:00,18.34,18.04,2.0
2024-09-09 10:00:00+00:00,18.96,18.28,2.0
2024-09-09 11:00:00+00:00,19.4,18.619999999999997,2.0
2024-09-09 12:00:00+00:00,19.98,19.160000000000004,2.0
2024-09-09 13:00:00+00:00,20.34,19.46,2.0
2024-09-09 14:00:00+00:00,20.3,19.080000000000002,2.0
2024-09-09 15:00:00+00:00,20.16,18.759999999999998,2.0
2024-09-09 16:00:00+00:00,19.46,18.06,2.0
2024-09-09 17:00:00+00:00,18.84,17.68,2.0
2024-09-09 18:00:00+00:00,18.28,17.580000000000002,2.0
2024-09-09 19:00:00+00:00,17.6,17.28,2.0
2024-09-09 20:00:00+00:00,17.14,16.78,2.0
2024-09-09 21:00:00+00:00,16.580000000000002,16.259999999999998,2.0
2024-09-09 22:00:00+00:00,16.119999999999997,15.9,2.0
2024-09-09 23:00:00+00:00,15.819999999999999,15.64,2.0
2024-09-10 00:00:00+00:00,15.419999999999998,15.12,2.0
2024-09-10 01:00:00+00:00,15.02,14.8,2.0
2024-09-10 02:00:00+00:00,14.52,14.5,2.0
2024-09-10 03:00:00+00:00,14.279999999999998,14.3,1.0
2024-09-10 04:00:00+00:00,14.02,14.02,2.0
2024-09-10 05:00:00+00:00,13.819999999999999,13.74,2.0
2024-09-10 06:00:00+00:00,12.819999999999999,12.74,1.0
2024-09-10 07:00:00+00:00,13.819999999999999,14.0,2.0
2024-09-10 08:00:00+00:00,15.919999999999998,16.28,2.0
2024-09-10 09:00:00+00:00,17.2,16.98,2.0
2024-09-10 10:00:00+00:00,18.2,17.28,2.0
2024-09-10 11:00:00+00:00,18.96,17.98,2.0
2024-09-10 12:00:00+00:00,19.32,18.48,2.0
2024-09-10 13:00:00+00:00,19.78,18.82,2.0
2024-09-10 14:00:00+00:00,19.78,18.44,2.0
2024-09-10 15:00:00+00:00,19.580000000000002,17.880000000000003,2.0
2024-09-10 16:00:00+00:00,19.16,17.48,2.0
2024-09-10 17:00:00+00:00,18.68,17.36,3.0
2024-09-10 18:00:00+00:00,17.66,16.68,2.0
2024-09-10 19:00:00+00:00,16.64,15.959999999999999,2.0
2024-09-10 20:00:00+00:00,15.919999999999998,15.38,2.0
2024-09-10 21:00:00+00:00,15.559999999999999,15.040000000000001,2.0
2024-09-10 22:00:00+00:00,15.239999999999998,14.8,3.0
2024-09-10 23:00:00+00:00,15.080000000000002,14.540000000000001,2.0
2024-09-11 00:00:00+00:00,15.62,14.919999999999998,3.0
2024-09-11 01:00:00+00:00,15.8,15.059999999999999,3.0
2024-09-11 02:00:00+00:00,15.8,14.959999999999999,3.0
2024-09-11 03:00:00+00:00,15.879999999999999,15.02,3.0
2024-09-11 04:00:00+00:00,15.8,14.919999999999998,3.0
2024-09-11 05:00:00+00:00,16.0,15.1,3.0
2024-09-11 06:00:00+00:00,16.0,15.1,3.0
2024-09-11 07:00:00+00:00,16.32,15.3,3.0
2024-09-11 08:00:00+00:00,16.86,15.98,3.0
2024-09-11 09:00:00+00:00,17.18,16.44,3.0
2024-09-11 10:00:00+00:00,17.2,16.240000000000002,61.0
2024-09-11 11:00:00+00:00,17.2,16.240000000000002,61.0
2024-09-11 12:00:00+00:00,17.36,16.68,61.0
2024-09-11 13:00:00+00:00,17.240000000000002,16.619999999999997,61.0
2024-09-11 14:00:00+00:00,16.84,15.860000000000003,61.0
2024-09-11 15:00:00+00:00,16.46,15.62,61.0
2024-09-11 16:00:00+00:00,16.34,15.419999999999998,61.0
2024-09-11 17:00:00+00:00,16.16,15.24,61.0
2024-09-11 18:00:00+00:00,15.919999999999998,14.84,3.0
2024-09-11 19:00:00+00:00,15.38,14.520000000000001,3.0
2024-09-11 20:00:00+00:00,15.1,14.339999999999998,3.0
2024-09-11 21:00:00+00:00,14.819999999999999,14.180000000000001,3.0
2024-09-11 22:00:00+00:00,14.52,14.040000000000001,3.0
2024-09-11 23:00:00+00:00,14.16,13.8,3.0
2024-09-12 00:00:00+00:00,14.4,14.040000000000001,3.0
2024-09-12 01:00:00+00:00,14.1,13.8,3.0
2024-09-12 02:00:00+00:00,13.8,13.52,3.0
2024-09-12 03:00:00+00:00,13.66,13.34,3.0
2024-09-12 04:00:00+00:00,13.52,13.1,3.0
2024-09-12 05:00:00+00:00,13.14,12.5,3.0
2024-09-12 06:00:00+00:00,11.879999999999999,11.459999999999999,3.0
2024-09-12 07:00:00+00:00,12.280000000000001,12.0,3.0
2024-09-12 08:00:00+00:00,13.3,12.88,3.0
2024-09-12 09:00:00+00:00,14.319999999999999,13.6,2.0
2024-09-12 10:00:00+00:00,15.2,14.059999999999999,3.0
2024-09-12 11:00:00+00:00,15.9,14.7,1.0
2024-09-12 12:00:00+00:00,16.08,14.580000000000002,2.0
2024-09-12 13:00:00+00:00,16.6,14.5,2.0
2024-09-12 14:00:00+00:00,16.82,14.34,2.0
2024-09-12 15:00:00+00:00,16.62,13.8,2.0
2024-09-12 16:00:00+00:00,16.160000000000004,13.26,2.0
2024-09-12 17:00:00+00:00,15.459999999999999,12.68,2.0
2024-09-12 18:00:00+00:00,14.540000000000001,12.4,1.0
2024-09-12 19:00:00+00:00,13.6,11.879999999999999,2.0
2024-09-12 20:00:00+00:00,12.88,11.440000000000001,1.0
2024-09-12 21:00:00+00:00,12.22,10.76,0.0
2024-09-12 22:00:00+00:00,11.68,10.2,0.0
2024-09-12 23:00:00+00:00,11.24,9.78,1.0
2024-09-13 00:00:00+00:00,11.459999999999999,10.080000000000002,1.0
2024-09-13 01:00:00+00:00,11.18,9.8,0.0
2024-09-13 02:00:00+00:00,10.86,9.42,2.0
2024-09-13 03:00:00+00:00,10.459999999999999,9.08,0.0
2024-09-13 04:00:00+00:00,10.14,8.86,1.0
2024-09-13 05:00:00+00:00,9.8,8.5,3.0
2024-09-13 06:00:00+00:00,9.6,8.3,0.0
2024-09-13 07:00:00+00:00,10.16,8.78,2.0
2024-09-13 08:00:00+00:00,11.120000000000001,9.34,2.0
2024-09-13 09:00:00+00:00,12.22,10.3,2.0
2024-09-13 10:00:00+00:00,13.440000000000001,11.4,2.0
2024-09-13 11:00:00+00:00,14.66,13.12,1.0
2024-09-13 12:00:00+00:00,15.8,14.38,1.0
2024-09-13 13:00:00+00:00,16.380000000000003,14.720000000000002,2.0
2024-09-13 14:00:00+00:00,16.72,14.62,2.0
2024-09-13 15:00:00+00:00,16.7,14.059999999999999,2.0
2024-09-13 16:00:00+00:00,16.419999999999998,13.780000000000001,1.0
2024-09-13 17:00:00+00:00,15.940000000000001,13.5,2.0
2024-09-13 18:00:00+00:00,14.719999999999999,12.78,0.0
2024-09-13 19:00:00+00:00,13.319999999999999,11.7,0.0
2024-09-13 20:00:00+00:00,12.36,10.78,0.0
2024-09-13 21:00:00+00:00,11.64,10.02,0.0
2024-09-13 22:00:00+00:00,10.940000000000001,9.28,0.0
2024-09-13 23:00:00+00:00,10.36,8.68,0.0
2024-09-14 00:00:00+00:00,9.84,8.26,0.0
2024-09-14 01:00:00+00:00,9.360000000000001,7.720000000000001,0.0
2024-09-14 02:00:00+00:00,8.9,7.1800000000000015,0.0
2024-09-14 03:00:00+00:00,8.52,6.719999999999999,0.0
2024-09-14 04:00:00+00:00,8.16,6.3,0.0
2024-09-14 05:00:00+00:00,7.779999999999999,5.880000000000001,0.0
2024-09-14 06:00:00+00:00,7.42,5.52,0.0
2024-09-14 07:00:00+00:00,8.72,7.08,0.0
2024-09-14 08:00:00+00:00,11.379999999999999,9.559999999999999,0.0
2024-09-14 09:00:00+00:00,13.2,11.52,0.0
2024-09-14 10:00:00+00:00,14.819999999999999,13.180000000000001,0.0
2024-09-14 11:00:00+00:00,16.119999999999997,14.86,1.0
2024-09-14 12:00:00+00:00,17.36,16.18,1.0
2024-09-14 13:00:00+00:00,18.02,16.580000000000002,1.0
2024-09-14 14:00:00+00:00,18.32,16.54,0.0
2024-09-14 15:00:00+00:00,18.46,16.080000000000002,1.0
2024-09-14 16:00:00+00:00,18.16,15.6,0.0
2024-09-14 17:00:00+00:00,17.3,14.919999999999998,0.0
2024-09-14 18:00:00+00:00,15.86,14.02,0.0
2024-09-14 19:00:00+00:00,14.2,12.42,0.0
2024-09-14 20:00:00+00:00,12.940000000000001,11.14,0.0
2024-09-14 21:00:00+00:00,11.92,10.14,0.0
2024-09-14 22:00:00+00:00,11.14,9.4,0.0
2024-09-14 23:00:00+00:00,10.559999999999999,8.78,0.0
2024-09-15 00:00:00+00:00,9.84,8.26,0.0
2024-09-15 01:00:00+00:00,9.379999999999999,7.780000000000001,0.0
2024-09-15 02:00:00+00:00,8.940000000000001,7.24,0.0
2024-09-15 03:00:00+00:00,8.5,6.76,0.0
2024-09-15 04:00:00+00:00,8.16,6.32,0.0
2024-09-15 05:00:00+00:00,7.82,5.9,0.0
2024-09-15 06:00:00+00:00,7.5200000000000005,5.66,0.0
2024-09-15 07:00:00+00:00,8.8,6.9799999999999995,0.0
2024-09-15 08:00:00+00:00,11.36,9.440000000000001,0.0
2024-09-15 09:00:00+00:00,13.26,11.36,0.0
2024-09-15 10:00:00+00:00,14.959999999999999,13.280000000000001,0.0
2024-09-15 11:00:00+00:00,16.28,14.86,1.0
2024-09-15 12:00:00+00:00,17.78,16.42,0.0
2024-09-15 13:00:00+00:00,18.44,16.9,0.0
2024-09-15 14:00:00+00:00,18.82,16.94,0.0
2024-09-15 15:00:00+00:00,18.86,16.5,0.0
2024-09-15 16:00:00+00:00,18.52,16.18,0.0
2024-09-15 17:00:00+00:00,17.880000000000003,15.84,0.0
2024-09-15 18:00:00+00:00,16.44,14.940000000000001,0.0
2024-09-15 19:00:00+00:00,14.940000000000001,13.559999999999999,0.0
2024-09-15 20:00:00+00:00,13.680000000000001,12.34,0.0
2024-09-15 21:00:00+00:00,12.819999999999999,11.52,0.0
2024-09-15 22:00:00+00:00,12.080000000000002,10.86,0.0
2024-09-15 23:00:00+00:00,11.379999999999999,10.120000000000001,0.0
2024-09-16 00:00:00+00:00,10.08,8.760000000000002,0.0
2024-09-16 01:00:00+00:00,9.54,8.18,1.0
2024-09-16 02:00:00+00:00,9.2,7.860000000000001,1.0
2024-09-16 03:00:00+00:00,8.9,7.4799999999999995,0.0
2024-09-16 04:00:00+00:00,8.64,7.18,2.0
2024-09-16 05:00:00+00:00,8.379999999999999,6.840000000000001,2.0
2024-09-16 06:00:00+00:00,8.6,7.139999999999999,2.0
2024-09-16 07:00:00+00:00,10.040000000000001,8.78,2.0
2024-09-16 08:00:00+00:00,12.64,11.52,3.0
2024-09-16 09:00:00+00:00,14.879999999999999,13.88,3.0
2024-09-16 10:00:00+00:00,16.66,15.62,2.0
2024-09-16 11:00:00+00:00,17.8,16.759999999999998,3.0
2024-09-16 12:00:00+00:00,19.16,18.18,1.0
2024-09-16 13:00:00+00:00,19.86,18.6,2.0
2024-09-16 14:00:00+00:00,20.22,18.56,1.0
2024-09-16 15:00:00+00:00,20.32,17.98,1.0
2024-09-16 16:00:00+00:00,19.98,17.74,2.0
2024-09-16 17:00:00+00:00,19.36,17.7,1.0
2024-09-16 18:00:00+00:00,18.02,16.94,0.0
2024-09-16 19:00:00+00:00,16.36,15.580000000000002,0.0
2024-09-16 20:00:00+00:00,15.3,14.719999999999999,1.0
2024-09-16 21:00:00+00:00,14.540000000000001,13.959999999999999,1.0
2024-09-16 22:00:00+00:00,13.86,13.26,0.0
2024-09-16 23:00:00+00:00,13.3,12.559999999999999,1.0
2024-09-17 00:00:00+00:00,13.219999999999999,12.36,2.0
2024-09-17 01:00:00+00:00,12.9,12.059999999999999,2.0
2024-09-17 02:00:00+00:00,12.540000000000001,11.440000000000001,2.0
2024-09-17 03:00:00+00:00,12.080000000000002,11.02,0.0
2024-09-17 04:00:00+00:00,11.8,10.6,1.0
2024-09-17 05:00:00+00:00,11.64,10.36,1.0
2024-09-17 06:00:00+00:00,10.86,9.440000000000001,2.0
2024-09-17 07:00:00+00:00,11.7,10.24,2.0
2024-09-17 08:00:00+00:00,13.66,12.16,1.0
2024-09-17 09:00:00+00:00,15.16,13.580000000000002,2.0
2024-09-17 10:00:00+00:00,16.619999999999997,14.919999999999998,2.0
2024-09-17 11:00:00+00:00,17.84,16.380000000000003,1.0
2024-09-17 12:00:00+00:00,19.32,17.68,2.0
2024-09-17 13:00:00+00:00,20.119999999999997,18.119999999999997,2.0
2024-09-17 14:00:00+00:00,20.32,18.32,2.0
2024-09-17 15:00:00+00:00,20.44,18.6,2.0
2024-09-17 16:00:00+00:00,20.119999999999997,18.419999999999998,2.0
2024-09-17 17:00:00+00:00,19.619999999999997,18.26,2.0
2024-09-17 18:00:00+00:00,18.7,17.860000000000003,1.0
2024-09-17 19:00:00+00:00,17.36,16.84,1.0
2024-09-17 20:00:00+00:00,16.3,15.719999999999999,1.0
2024-09-17 21:00:00+00:00,15.280000000000001,14.559999999999999,2.0
2024-09-17 22:00:00+00:00,14.520000000000001,13.7,1.0
2024-09-17 23:00:00+00:00,13.819999999999999,12.959999999999999,1.0
2024-09-18 00:00:00+00:00,13.76,12.919999999999998,1.0
2024-09-18 01:00:00+00:00,13.2,12.4,0.0
2024-09-18 02:00:00+00:00,12.780000000000001,11.959999999999999,0.0
2024-09-18 03:00:00+00:00,12.540000000000001,11.72,0.0
2024-09-18 04:00:00+00:00,12.379999999999999,11.48,1.0
2024-09-18 05:00:00+00:00,12.2,11.32,1.0
2024-09-18 06:00:00+00:00,11.360000000000001,10.3,1.0
2024-09-18 07:00:00+00:00,12.42,11.48,1.0
2024-09-18 08:00:00+00:00,15.4,14.419999999999998,3.0
2024-09-18 09:00:00+00:00,17.28,16.22,2.0
2024-09-18 10:00:00+00:00,18.619999999999997,17.520000000000003,1.0
2024-09-18 11:00:00+00:00,19.759999999999998,18.8,2.0
2024-09-18 12:00:00+00:00,20.64,19.7,2.0
2024-09-18 13:00:00+00:00,21.240000000000002,20.119999999999997,2.0
2024-09-18 14:00:00+00:00,21.5,20.360000000000003,2.0
2024-09-18 15:00:00+00:00,21.52,20.36,2.0
2024-09-18 16:00:00+00:00,21.1,19.94,2.0
2024-09-18 17:00:00+00:00,20.36,19.48,1.0
2024-09-18 18:00:00+00:00,19.419999999999998,19.06,1.0
2024-09-18 19:00:00+00:00,18.02,17.759999999999998,1.0
2024-09-18 20:00:00+00:00,16.86,16.66,0.0
2024-09-18 21:00:00+00:00,15.98,15.780000000000001,0.0
2024-09-18 22:00:00+00:00,15.040000000000001,14.819999999999999,0.0
2024-09-18 23:00:00+00:00,14.26,13.959999999999999,0.0
2024-09-19 00:00:00+00:00,14.1,13.839999999999998,0.0
2024-09-19 01:00:00+00:00,13.5,13.14,0.0
2024-09-19 02:00:00+00:00,13.040000000000001,12.64,0.0
2024-09-19 03:00:00+00:00,12.68,12.2,0.0
2024-09-19 04:00:00+00:00,12.42,11.879999999999999,0.0
2024-09-19 05:00:00+00:00,12.24,11.68,0.0
2024-09-19 06:00:00+00:00,12.040000000000001,11.440000000000001,0.0
2024-09-19 07:00:00+00:00,13.080000000000002,12.66,0.0
2024-09-19 08:00:00+00:00,16.119999999999997,16.14,0.0
2024-09-19 09:00:00+00:00,18.68,18.66,0.0
2024-09-19 10:00:00+00:00,20.78,21.06,0.0
2024-09-19 11:00:00+00:00,22.54,23.380000000000003,0.0
2024-09-19 12:00:00+00:00,23.3,24.240000000000002,1.0
2024-09-19 13:00:00+00:00,24.0,24.7,1.0
2024-09-19 14:00:00+00:00,24.2,24.52,2.0
2024-09-19 15:00:00+00:00,24.14,24.119999999999997,2.0
2024-09-19 16:00:00+00:00,23.84,23.619999999999997,2.0
2024-09-19 17:00:00+00:00,22.96,23.04,2.0
2024-09-19 18:00:00+00:00,21.080000000000002,21.6,1.0
2024-09-19 19:00:00+00:00,19.02,19.419999999999998,1.0
2024-09-19 20:00:00+00:00,17.86,18.0,2.0
2024-09-19 21:00:00+00:00,16.98,17.02,2.0
2024-09-19 22:00:00+00:00,16.259999999999998,16.240000000000002,2.0
2024-09-19 23:00:00+00:00,15.559999999999999,15.459999999999999,2.0
2024-09-20 00:00:00+00:00,14.74,14.5,1.0
2024-09-20 01:00:00+00:00,14.12,13.720000000000002,1.0
2024-09-20 02:00:00+00:00,13.64,13.14,2.0
2024-09-20 03:00:00+00:00,13.34,12.760000000000002,1.0
2024-09-20 04:00:00+00:00,13.080000000000002,12.52,1.0
2024-09-20 05:00:00+00:00,12.819999999999999,12.28,2.0
2024-09-20 06:00:00+00:00,13.0,12.5,2.0
2024-09-20 07:00:00+00:00,14.080000000000002,13.8,2.0
2024-09-20 08:00:00+00:00,16.860000000000003,17.119999999999997,2.0
2024-09-20 09:00:00+00:00,19.22,19.5,2.0
2024-09-20 10:00:00+00:00,20.82,21.18,2.0
2024-09-20 11:00:00+00:00,21.740000000000002,22.34,2.0
2024-09-20 12:00:00+00:00,22.78,23.52,1.0
2024-09-20 13:00:00+00:00,22.96,23.759999999999998,3.0
2024-09-20 14:00:00+00:00,22.88,23.5,3.0
2024-09-20 15:00:00+00:00,22.64,23.2,3.0
2024-09-20 16:00:00+00:00,22.14,22.880000000000003,3.0
2024-09-20 17:00:00+00:00,21.22,22.28,3.0
2024-09-20 18:00:00+00:00,19.8,21.14,3.0
2024-09-20 19:00:00+00:00,18.64,19.64,3.0
2024-09-20 20:00:00+00:00,17.880000000000003,18.56,3.0
2024-09-20 21:00:00+00:00,17.419999999999998,18.02,3.0
2024-09-20 22:00:00+00:00,17.080000000000002,17.72,3.0
2024-09-20 23:00:00+00:00,16.64,17.36,3.0
2024-09-21 00:00:00+00:00,16.020000000000003,16.5,3.0
2024-09-21 01:00:00+00:00,15.819999999999999,16.18,3.0
2024-09-21 02:00:00+00:00,15.5,15.819999999999999,3.0
2024-09-21 03:00:00+00:00,15.179999999999998,15.3,3.0
2024-09-21 04:00:00+00:00,14.88,14.86,3.0
2024-09-21 05:00:00+00:00,14.66,14.459999999999999,3.0
2024-09-21 06:00:00+00:00,14.48,14.24,2.0
2024-09-21 07:00:00+00:00,15.16,15.12,2.0
2024-09-21 08:00:00+00:00,17.12,17.44,2.0
2024-09-21 09:00:00+00:00,18.3,18.639999999999997,3.0
2024-09-21 10:00:00+00:00,19.16,19.82,61.0
2024-09-21 11:00:00+00:00,20.14,20.84,80.0
2024-09-21 12:00:00+00:00,21.7,22.66,3.0
2024-09-21 13:00:00+00:00,22.419999999999998,23.34,3.0
2024-09-21 14:00:00+00:00,22.240000000000002,23.119999999999997,3.0
2024-09-21 15:00:00+00:00,21.880000000000003,22.8,3.0
2024-09-21 16:00:00+00:00,20.84,22.02,80.0
2024-09-21 17:00:00+00:00,20.14,21.86,80.0
2024-09-21 18:00:00+00:00,19.16,20.8,3.0
2024-09-21 19:00:00+00:00,18.419999999999998,19.82,3.0
2024-09-21 20:00:00+00:00,17.96,19.16,3.0
2024-09-21 21:00:00+00:00,17.48,18.5,80.0
2024-09-21 22:00:00+00:00,17.22,18.24,95.0
2024-09-21 23:00:00+00:00,17.080000000000002,18.080000000000002,80.0
2024-09-22 00:00:00+00:00,17.2,18.1,3.0
2024-09-22 01:00:00+00:00,17.1,17.9,3.0
2024-09-22 02:00:00+00:00,16.919999999999998,17.8,95.0
2024-09-22 03:00:00+00:00,16.78,17.78,3.0
2024-09-22 04:00:00+00:00,16.8,17.759999999999998,3.0
2024-09-22 05:00:00+00:00,16.8,17.64,3.0
2024-09-22 06:00:00+00:00,16.619999999999997,17.240000000000002,3.0
2024-09-22 07:00:00+00:00,16.8,17.44,95.0
2024-09-22 08:00:00+00:00,17.2,17.72,80.0
2024-09-22 09:00:00+00:00,17.740000000000002,17.880000000000003,80.0
2024-09-22 10:00:00+00:00,18.02,17.82,3.0
2024-09-22 11:00:00+00:00,18.46,18.04,80.0
2024-09-22 12:00:00+00:00,19.06,18.72,80.0
2024-09-22 13:00:00+00:00,18.919999999999998,18.48,80.0
2024-09-22 14:00:00+00:00,18.880000000000003,18.2,2.0
2024-09-22 15:00:00+00:00,18.580000000000002,17.96,80.0
2024-09-22 16:00:00+00:00,18.240000000000002,17.78,2.0
2024-09-22 17:00:00+00:00,17.82,17.52,2.0
2024-09-22 18:00:00+00:00,16.84,16.96,2.0
2024-09-22 19:00:00+00:00,16.2,16.580000000000002,2.0
2024-09-22 20:00:00+00:00,15.920000000000002,16.36,2.0
2024-09-22 21:00:00+00:00,15.62,15.979999999999999,2.0
2024-09-22 22:00:00+00:00,15.3,15.5,2.0
2024-09-22 23:00:00+00:00,14.959999999999999,14.98,2.0
2024-09-23 00:00:00+00:00,14.88,14.7,2.0
2024-09-23 01:00:00+00:00,14.680000000000001,14.34,2.0
2024-09-23 02:00:00+00:00,14.540000000000001,14.02,2.0
2024-09-23 03:00:00+00:00,14.419999999999998,13.76,2.0
2024-09-23 04:00:00+00:00,14.24,13.559999999999999,2.0
2024-09-23 05:00:00+00:00,14.14,13.34,3.0
2024-09-23 06:00:00+00:00,13.98,13.180000000000001,3.0
2024-09-23 07:00:00+00:00,14.52,13.6,2.0
2024-09-23 08:00:00+00:00,15.76,14.8,3.0
2024-09-23 09:00:00+00:00,16.56,15.14,80.0
2024-09-23 10:00:00+00:00,16.9,15.26,80.0
2024-09-23 11:00:00+00:00,17.22,15.4,80.0
2024-09-23 12:00:00+00:00,17.4,15.559999999999999,80.0
2024-09-23 13:00:00+00:00,17.619999999999997,15.88,80.0
2024-09-23 14:00:00+00:00,17.619999999999997,15.819999999999999,80.0
2024-09-23 15:00:00+00:00,17.4,15.459999999999999,80.0
2024-09-23 16:00:00+00:00,16.94,15.319999999999999,2.0
2024-09-23 17:00:00+00:00,16.5,15.2,1.0
2024-09-23 18:00:00+00:00,15.919999999999998,14.979999999999999,3.0
2024-09-23 19:00:00+00:00,15.459999999999999,14.8,3.0
2024-09-23 20:00:00+00:00,15.1,14.459999999999999,3.0
2024-09-23 21:00:00+00:00,14.66,13.919999999999998,3.0
2024-09-23 22:00:00+00:00,14.459999999999999,13.86,3.0
2024-09-23 23:00:00+00:00,14.3,13.7,3.0
2024-09-24 00:00:00+00:00,13.98,13.14,3.0
2024-09-24 01:00:00+00:00,13.919999999999998,13.12,3.0
2024-09-24 02:00:00+00:00,13.580000000000002,12.86,2.0
2024-09-24 03:00:00+00:00,13.5,12.76,3.0
2024-09-24 04:00:00+00:00,13.34,12.540000000000001,3.0
2024-09-24 05:00:00+00:00,13.3,12.48,3.0
2024-09-24 06:00:00+00:00,13.76,13.26,2.0
2024-09-24 07:00:00+00:00,14.040000000000001,13.6,3.0
2024-09-24 08:00:00+00:00,15.719999999999999,15.419999999999998,3.0
2024-09-24 09:00:00+00:00,17.12,16.580000000000002,1.0
2024-09-24 10:00:00+00:00,18.0,17.380000000000003,1.0
2024-09-24 11:00:00+00:00,18.64,18.080000000000002,80.0
2024-09-24 12:00:00+00:00,18.98,18.44,2.0
2024-09-24 13:00:00+00:00,19.34,18.64,3.0
2024-09-24 14:00:00+00:00,19.339999999999996,18.66,2.0
2024-09-24 15:00:00+00:00,19.08,18.52,3.0
2024-09-24 16:00:00+00:00,18.68,18.46,3.0
2024-09-24 17:00:00+00:00,18.18,18.44,3.0
2024-09-24 18:00:00+00:00,16.98,17.380000000000003,2.0
2024-09-24 19:00:00+00:00,16.16,16.64,2.0
2024-09-24 20:00:00+00:00,15.680000000000001,16.02,2.0
2024-09-24 21:00:00+00:00,15.040000000000001,15.16,1.0
2024-09-24 22:00:00+00:00,14.5,14.5,2.0
2024-09-24 23:00:00+00:00,14.16,14.040000000000001,3.0
2024-09-25 00:00:00+00:00,15.4,15.74,3.0
2024-09-25 01:00:00+00:00,15.2,15.5,3.0
2024-09-25 02:00:00+00:00,14.9,15.16,3.0
2024-09-25 03:00:00+00:00,14.680000000000001,14.819999999999999,3.0
2024-09-25 04:00:00+00:00,14.66,14.76,3.0
2024-09-25 05:00:00+00:00,14.780000000000001,14.88,3.0
2024-09-25 06:00:00+00:00,13.66,13.16,3.0
2024-09-25 07:00:00+00:00,14.36,13.919999999999998,3.0
2024-09-25 08:00:00+00:00,16.080000000000002,15.9,3.0
2024-09-25 09:00:00+00:00,17.919999999999998,17.66,3.0
2024-09-25 10:00:00+00:00,18.72,18.259999999999998,3.0
2024-09-25 11:00:00+00:00,18.98,18.54,61.0
2024-09-25 12:00:00+00:00,20.02,19.4,3.0
2024-09-25 13:00:00+00:00,20.160000000000004,19.580000000000002,3.0
2024-09-25 14:00:00+00:00,19.8,19.419999999999998,61.0
2024-09-25 15:00:00+00:00,19.44,18.98,61.0
2024-09-25 16:00:00+00:00,19.28,19.119999999999997,61.0
2024-09-25 17:00:00+00:00,19.04,19.380000000000003,3.0
2024-09-25 18:00:00+00:00,18.94,18.919999999999998,61.0
2024-09-25 19:00:00+00:00,18.84,18.9,61.0
2024-09-25 20:00:00+00:00,18.5,18.380000000000003,61.0
2024-09-25 21:00:00+00:00,18.259999999999998,18.32,61.0
2024-09-25 22:00:00+00:00,18.419999999999998,18.52,61.0
2024-09-25 23:00:00+00:00,18.7,19.18,3.0
2024-09-26 00:00:00+00:00,19.06,19.66,3.0
2024-09-26 01:00:00+00:00,19.14,19.9,3.0
2024-09-26 02:00:00+00:00,19.16,20.020000000000003,3.0
2024-09-26 03:00:00+00:00,19.04,19.919999999999998,61.0
2024-09-26 04:00:00+00:00,18.86,19.76,61.0
2024-09-26 05:00:00+00:00,18.46,19.1,61.0
2024-09-26 06:00:00+00:00,19.06,19.619999999999997,61.0
2024-09-26 07:00:00+00:00,19.18,19.4,3.0
2024-09-26 08:00:00+00:00,19.44,19.52,3.0
2024-09-26 09:00:00+00:00,19.54,19.76,61.0
2024-09-26 10:00:00+00:00,19.78,19.759999999999998,61.0
2024-09-26 11:00:00+00:00,19.259999999999998,18.759999999999998,61.0
2024-09-26 12:00:00+00:00,18.240000000000002,17.68,61.0
2024-09-26 13:00:00+00:00,18.48,17.78,61.0
2024-09-26 14:00:00+00:00,18.9,17.66,2.0
2024-09-26 15:00:00+00:00,18.880000000000003,17.78,2.0
2024-09-26 16:00:00+00:00,18.68,17.060000000000002,2.0
2024-09-26 17:00:00+00:00,17.98,15.7,2.0
2024-09-26 18:00:00+00:00,17.58,16.619999999999997,3.0
2024-09-26 19:00:00+00:00,17.119999999999997,15.959999999999999,3.0
2024-09-26 20:00:00+00:00,16.5,15.4,2.0
2024-09-26 21:00:00+00:00,16.16,15.3,3.0
2024-09-26 22:00:00+00:00,15.940000000000001,15.180000000000001,3.0
2024-09-26 23:00:00+00:00,15.8,15.059999999999999,3.0
2024-09-27 00:00:00+00:00,15.219999999999999,14.2,2.0
2024-09-27 01:00:00+00:00,14.959999999999999,13.76,2.0
2024-09-27 02:00:00+00:00,14.76,13.48,2.0
2024-09-27 03:00:00+00:00,14.52,13.0,2.0
2024-09-27 04:00:00+00:00,14.319999999999999,12.66,2.0
2024-09-27 05:00:00+00:00,14.14,12.02,80.0
2024-09-27 06:00:00+00:00,13.8,11.6,80.0
2024-09-27 07:00:00+00:00,13.76,11.32,80.0
2024-09-27 08:00:00+00:00,14.219999999999999,11.28,80.0
2024-09-27 09:00:00+00:00,14.4,11.36,2.0
2024-09-27 10:00:00+00:00,14.86,11.68,80.0
2024-09-27 11:00:00+00:00,15.2,11.52,3.0
2024-09-27 12:00:00+00:00,15.48,11.74,2.0
2024-09-27 13:00:00+00:00,15.940000000000001,11.940000000000001,2.0
2024-09-27 14:00:00+00:00,16.04,11.940000000000001,80.0
2024-09-27 15:00:00+00:00,15.64,11.379999999999999,2.0
2024-09-27 16:00:00+00:00,15.26,11.24,1.0
2024-09-27 17:00:00+00:00,14.819999999999999,11.34,80.0
2024-09-27 18:00:00+00:00,13.919999999999998,10.98,2.0
2024-09-27 19:00:00+00:00,13.62,11.040000000000001,2.0
2024-09-27 20:00:00+00:00,13.280000000000001,10.879999999999999,80.0
2024-09-27 21:00:00+00:00,12.9,10.84,80.0
2024-09-27 22:00:00+00:00,12.66,10.66,0.0
2024-09-27 23:00:00+00:00,12.219999999999999,10.459999999999999,80.0
2024-09-28 00:00:00+00:00,11.86,10.24,80.0
2024-09-28 01:00:00+00:00,11.68,10.12,2.0
2024-09-28 02:00:00+00:00,11.379999999999999,10.02,1.0
2024-09-28 03:00:00+00:00,11.14,9.86,1.0
2024-09-28 04:00:00+00:00,10.9,9.64,1.0
2024-09-28 05:00:00+00:00,10.64,9.42,80.0
2024-09-28 06:00:00+00:00,10.24,9.1,80.0
2024-09-28 07:00:00+00:00,10.52,9.36,2.0
2024-09-28 08:00:00+00:00,11.74,10.58,1.0
2024-09-28 09:00:00+00:00,12.52,11.059999999999999,2.0
2024-09-28 10:00:00+00:00,13.36,11.84,2.0
2024-09-28 11:00:00+00:00,14.12,12.66,2.0
2024-09-28 12:00:00+00:00,14.38,12.780000000000001,2.0
2024-09-28 13:00:00+00:00,14.84,13.219999999999999,2.0
2024-09-28 14:00:00+00:00,14.98,13.12,2.0
2024-09-28 15:00:00+00:00,14.920000000000002,13.080000000000002,2.0
2024-09-28 16:00:00+00:00,14.559999999999999,12.919999999999998,1.0
2024-09-28 17:00:00+00:00,13.86,12.68,1.0
2024-09-28 18:00:00+00:00,13.080000000000002,12.440000000000001,2.0
2024-09-28 19:00:00+00:00,12.02,11.24,0.0
2024-09-28 20:00:00+00:00,11.040000000000001,10.2,1.0
2024-09-28 21:00:00+00:00,10.280000000000001,9.3,2.0
2024-09-28 22:00:00+00:00,9.4,8.3,2.0
2024-09-28 23:00:00+00:00,8.76,7.4,45.0
2024-09-29 00:00:00+00:00,9.16,7.76,3.0
2024-09-29 01:00:00+00:00,8.76,7.3,3.0
2024-09-29 02:00:00+00:00,8.620000000000001,7.12,3.0
2024-09-29 03:00:00+00:00,8.559999999999999,6.959999999999999,3.0
2024-09-29 04:00:00+00:00,8.5,6.82,2.0
2024-09-29 05:00:00+00:00,8.459999999999999,6.74,3.0
2024-09-29 06:00:00+00:00,8.42,6.5200000000000005,3.0
2024-09-29 07:00:00+00:00,9.260000000000002,7.5,2.0
2024-09-29 08:00:00+00:00,11.22,9.66,2.0
2024-09-29 09:00:00+00:00,12.919999999999998,11.419999999999998,2.0
2024-09-29 10:00:00+00:00,14.36,13.0,2.0
2024-09-29 11:00:00+00:00,15.62,14.14,3.0
2024-09-29 12:00:00+00:00,16.080000000000002,14.8,3.0
2024-09-29 13:00:00+00:00,16.82,15.7,3.0
2024-09-29 14:00:00+00:00,17.4,16.32,3.0
2024-09-29 15:00:00+00:00,17.46,16.5,2.0
2024-09-29 16:00:00+00:00,17.259999999999998,16.52,2.0
2024-09-29 17:00:00+00:00,16.74,16.240000000000002,2.0
2024-09-29 18:00:00+00:00,15.540000000000001,14.48,1.0
2024-09-29 19:00:00+00:00,14.64,13.4,61.0
2024-09-29 20:00:00+00:00,14.180000000000001,12.9,3.0
2024-09-29 21:00:00+00:00,14.36,13.180000000000001,2.0
2024-09-29 22:00:00+00:00,14.7,13.559999999999999,3.0
2024-09-29 23:00:00+00:00,14.819999999999999,13.64,2.0
2024-09-30 00:00:00+00:00,14.180000000000001,13.1,3.0
2024-09-30 01:00:00+00:00,14.26,13.040000000000001,3.0
2024-09-30 02:00:00+00:00,14.38,13.26,3.0
2024-09-30 03:00:00+00:00,14.5,13.419999999999998,2.0
2024-09-30 04:00:00+00:00,14.38,13.3,2.0
2024-09-30 05:00:00+00:00,14.3,13.3,2.0
2024-09-30 06:00:00+00:00,14.6,13.819999999999999,2.0
2024-09-30 07:00:00+00:00,15.26,14.540000000000001,2.0
2024-09-30 08:00:00+00:00,16.64,16.240000000000002,3.0
2024-09-30 09:00:00+00:00,18.16,17.259999999999998,3.0
2024-09-30 10:00:00+00:00,18.740000000000002,17.66,3.0
2024-09-30 11:00:00+00:00,19.2,18.1,2.0
2024-09-30 12:00:00+00:00,20.26,19.4,2.0
2024-09-30 13:00:00+00:00,20.64,19.84,2.0
2024-09-30 14:00:00+00:00,20.68,19.919999999999998,2.0
2024-09-30 15:00:00+00:00,20.44,20.04,2.0
2024-09-30 16:00:00+00:00,20.04,19.86,2.0
2024-09-30 17:00:00+00:00,19.16,19.46,3.0
2024-09-30 18:00:00+00:00,17.78,18.44,0.0
2024-09-30 19:00:00+00:00,16.740000000000002,17.4,3.0
2024-09-30 20:00:00+00:00,16.0,16.78,3.0
2024-09-30 21:00:00+00:00,15.64,16.32,3.0
2024-09-30 22:00:00+00:00,15.219999999999999,16.02,3.0
2024-09-30 23:00:00+00:00,14.819999999999999,15.52,2.0
2024-10-01 00:00:00+00:00,14.059999999999999,14.539999999999997,45.0
2024-10-01 01:00:00+00:00,13.8,14.280000000000001,45.0
2024-10-01 02:00:00+00:00,13.64,14.1,61.0
2024-10-01 03:00:00+00:00,13.52,13.9,61.0
2024-10-01 04:00:00+00:00,13.440000000000001,13.680000000000001,45.0
2024-10-01 05:00:00+00:00,13.3,13.419999999999998,45.0
2024-10-01 06:00:00+00:00,13.6,13.780000000000001,61.0
2024-10-01 07:00:00+00:00,13.819999999999999,13.919999999999998,61.0
2024-10-01 08:00:00+00:00,14.66,14.940000000000001,61.0
2024-10-01 09:00:00+00:00,15.64,16.18,61.0
2024-10-01 10:00:00+00:00,16.32,16.7,61.0
2024-10-01 11:00:00+00:00,16.64,17.0,61.0
2024-10-01 12:00:00+00:00,17.3,17.880000000000003,61.0
2024-10-01 13:00:00+00:00,17.360000000000003,18.1,61.0
2024-10-01 14:00:00+00:00,17.16,17.46,61.0
2024-10-01 15:00:00+00:00,16.759999999999998,17.16,61.0
2024-10-01 16:00:00+00:00,16.86,17.2,61.0
2024-10-01 17:00:00+00:00,16.880000000000003,16.98,61.0
2024-10-01 18:00:00+00:00,16.860000000000003,16.98,3.0
2024-10-01 19:00:00+00:00,16.880000000000003,16.96,3.0
2024-10-01 20:00:00+00:00,16.76,16.72,3.0
2024-10-01 21:00:00+00:00,16.279999999999998,15.919999999999998,3.0
2024-10-01 22:00:00+00:00,16.04,15.48,3.0
2024-10-01 23:00:00+00:00,15.580000000000002,14.88,3.0
2024-10-02 00:00:00+00:00,12.8,12.4,2.0
2024-10-02 01:00:00+00:00,12.34,12.059999999999999,3.0
2024-10-02 02:00:00+00:00,11.940000000000001,11.620000000000001,3.0
2024-10-02 03:00:00+00:00,11.540000000000001,11.16,45.0
2024-10-02 04:00:00+00:00,11.24,10.92,45.0
2024-10-02 05:00:00+00:00,10.879999999999999,10.540000000000001,45.0
2024-10-02 06:00:00+00:00,11.459999999999999,11.26,45.0
2024-10-02 07:00:00+00:00,11.84,11.7,45.0
2024-10-02 08:00:00+00:00,13.5,13.52,2.0
2024-10-02 09:00:00+00:00,14.819999999999999,14.86,3.0
2024-10-02 10:00:00+00:00,15.86,15.839999999999998,3.0
2024-10-02 11:00:00+00:00,16.64,16.52,3.0
2024-10-02 12:00:00+00:00,15.940000000000001,15.8,3.0
2024-10-02 13:00:00+00:00,16.2,15.940000000000001,2.0
2024-10-02 14:00:00+00:00,16.28,15.959999999999999,2.0
2024-10-02 15:00:00+00:00,16.1,15.62,61.0
2024-10-02 16:00:00+00:00,15.719999999999999,15.2,3.0
2024-10-02 17:00:00+00:00,15.060000000000002,14.48,2.0
2024-10-02 18:00:00+00:00,14.4,13.819999999999999,3.0
2024-10-02 19:00:00+00:00,13.86,13.12,3.0
2024-10-02 20:00:00+00:00,13.459999999999999,12.819999999999999,3.0
2024-10-02 21:00:00+00:00,12.98,12.459999999999999,1.0
2024-10-02 22:00:00+00:00,12.48,12.040000000000001,1.0
2024-10-02 23:00:00+00:00,12.1,11.6,0.0
2024-10-03 00:00:00+00:00,11.559999999999999,11.14,1.0
2024-10-03 01:00:00+00:00,11.14,10.68,1.0
2024-10-03 02:00:00+00:00,10.92,10.36,1.0
2024-10-03 03:00:00+00:00,10.9,10.36,1.0
2024-10-03 04:00:00+00:00,10.559999999999999,9.86,1.0
2024-10-03 05:00:00+00:00,10.28,9.58,2.0
2024-10-03 06:00:00+00:00,10.4,9.74,45.0
2024-10-03 07:00:00+00:00,10.8,10.2,45.0
2024-10-03 08:00:00+00:00,12.24,11.76,1.0
2024-10-03 09:00:00+00:00,13.940000000000001,13.319999999999999,2.0
2024-10-03 10:00:00+00:00,15.16,14.48,1.0
2024-10-03 11:00:00+00:00,16.119999999999997,15.34,2.0
2024-10-03 12:00:00+00:00,16.02,14.279999999999998,2.0
2024-10-03 13:00:00+00:00,16.619999999999997,14.780000000000001,2.0
2024-10-03 14:00:00+00:00,16.44,14.540000000000001,3.0
2024-10-03 15:00:00+00:00,16.3,14.459999999999999,2.0
2024-10-03 16:00:00+00:00,15.940000000000001,14.2,2.0
2024-10-03 17:00:00+00:00,15.040000000000001,13.76,1.0
2024-10-03 18:00:00+00:00,13.780000000000001,13.0,2.0
2024-10-03 19:00:00+00:00,12.919999999999998,12.26,0.0
2024-10-03 20:00:00+00:00,12.4,11.82,2.0
2024-10-03 21:00:00+00:00,11.940000000000001,11.3,2.0
2024-10-03 22:00:00+00:00,11.32,10.620000000000001,2.0
2024-10-03 23:00:00+00:00,10.76,9.98,0.0
2024-10-04 00:00:00+00:00,10.34,9.48,0.0
2024-10-04 01:00:00+00:00,9.879999999999999,8.940000000000001,0.0
2024-10-04 02:00:00+00:00,9.52,8.540000000000001,45.0
2024-10-04 03:00:00+00:00,9.08,8.08,45.0
2024-10-04 04:00:00+00:00,8.76,7.62,45.0
2024-10-04 05:00:00+00:00,8.459999999999999,7.26,45.0
2024-10-04 06:00:00+00:00,7.840000000000001,6.42,45.0
2024-10-04 07:00:00+00:00,8.1,6.720000000000001,45.0
2024-10-04 08:00:00+00:00,10.26,9.040000000000001,1.0
2024-10-04 09:00:00+00:00,11.940000000000001,10.7,2.0
2024-10-04 10:00:00+00:00,13.419999999999998,12.22,1.0
2024-10-04 11:00:00+00:00,14.62,13.419999999999998,2.0
2024-10-04 12:00:00+00:00,15.719999999999999,14.64,1.0
2024-10-04 13:00:00+00:00,16.28,15.059999999999999,2.0
2024-10-04 14:00:00+00:00,16.52,14.98,3.0
2024-10-04 15:00:00+00:00,16.4,14.88,3.0
2024-10-04 16:00:00+00:00,15.88,14.440000000000001,3.0
2024-10-04 17:00:00+00:00,14.8,13.779999999999998,1.0
2024-10-04 18:00:00+00:00,12.84,11.940000000000001,0.0
2024-10-04 19:00:00+00:00,11.58,10.64,1.0
2024-10-04 20:00:00+00:00,10.58,9.5,3.0
2024-10-04 21:00:00+00:00,9.86,8.64,3.0
2024-10-04 22:00:00+00:00,9.16,7.840000000000001,3.0
2024-10-04 23:00:00+00:00,8.540000000000001,7.0600000000000005,3.0
2024-10-05 00:00:00+00:00,8.16,6.8,1.0
2024-10-05 01:00:00+00:00,7.68,6.3,45.0
2024-10-05 02:00:00+00:00,7.159999999999999,5.58,45.0
2024-10-05 03:00:00+00:00,6.720000000000001,4.9399999999999995,45.0
2024-10-05 04:00:00+00:00,6.3,4.5,45.0
2024-10-05 05:00:00+00:00,5.9399999999999995,3.9,45.0
2024-10-05 06:00:00+00:00,6.7,4.74,45.0
2024-10-05 07:00:00+00:00,7.159999999999999,5.2,45.0
2024-10-05 08:00:00+00:00,10.1,8.559999999999999,3.0
2024-10-05 09:00:00+00:00,12.58,10.9,1.0
2024-10-05 10:00:00+00:00,14.459999999999999,12.9,2.0
2024-10-05 11:00:00+00:00,16.080000000000002,14.780000000000001,2.0
2024-10-05 12:00:00+00:00,17.28,16.220000000000002,3.0
2024-10-05 13:00:00+00:00,18.16,16.98,2.0
2024-10-05 14:00:00+00:00,18.380000000000003,17.16,3.0
2024-10-05 15:00:00+00:00,18.119999999999997,17.080000000000002,3.0
2024-10-05 16:00:00+00:00,17.580000000000002,17.1,3.0
2024-10-05 17:00:00+00:00,16.639999999999997,16.52,3.0
2024-10-05 18:00:00+00:00,15.580000000000002,15.139999999999997,3.0
2024-10-05 19:00:00+00:00,15.0,14.5,61.0
2024-10-05 20:00:00+00:00,14.64,14.16,61.0
2024-10-05 21:00:00+00:00,14.580000000000002,14.16,61.0
2024-10-05 22:00:00+00:00,14.719999999999999,14.319999999999999,61.0
2024-10-05 23:00:00+00:00,15.040000000000001,14.680000000000001,61.0
2024-10-06 00:00:00+00:00,15.459999999999999,14.74,61.0
2024-10-06 01:00:00+00:00,15.48,14.98,3.0
2024-10-06 02:00:00+00:00,15.74,15.5,61.0
2024-10-06 03:00:00+00:00,16.14,16.18,61.0
2024-10-06 04:00:00+00:00,16.46,16.6,3.0
2024-10-06 05:00:00+00:00,16.48,16.64,61.0
2024-10-06 06:00:00+00:00,15.84,16.160000000000004,61.0
2024-10-06 07:00:00+00:00,15.98,16.44,3.0
2024-10-06 08:00:00+00:00,16.64,17.380000000000003,3.0
2024-10-06 09:00:00+00:00,17.82,18.759999999999998,3.0
2024-10-06 10:00:00+00:00,19.259999999999998,20.080000000000002,3.0
2024-10-06 11:00:00+00:00,20.04,20.76,3.0
2024-10-06 12:00:00+00:00,20.919999999999998,21.48,3.0
2024-10-06 13:00:00+00:00,21.14,21.42,3.0
2024-10-06 14:00:00+00:00,20.880000000000003,21.3,3.0
2024-10-06 15:00:00+00:00,20.0,20.6,3.0
2024-10-06 16:00:00+00:00,19.1,19.979999999999997,3.0
2024-10-06 17:00:00+00:00,18.5,19.32,61.0
2024-10-06 18:00:00+00:00,18.84,19.7,3.0
2024-10-06 19:00:00+00:00,18.380000000000003,19.02,1.0
2024-10-06 20:00:00+00:00,18.04,18.72,2.0
2024-10-06 21:00:00+00:00,17.419999999999998,18.119999999999997,2.0
2024-10-06 22:00:00+00:00,17.0,17.68,2.0
2024-10-06 23:00:00+00:00,16.619999999999997,17.259999999999998,2.0
2024-10-07 00:00:00+00:00,16.16,16.56,3.0
2024-10-07 01:00:00+00:00,15.919999999999998,16.36,3.0
2024-10-07 02:00:00+00:00,15.780000000000001,16.18,3.0
2024-10-07 03:00:00+00:00,15.48,15.919999999999998,3.0
2024-10-07 04:00:00+00:00,15.3,15.780000000000001,3.0
2024-10-07 05:00:00+00:00,15.34,15.7,3.0
2024-10-07 06:00:00+00:00,15.52,15.66,3.0
2024-10-07 07:00:00+00:00,15.940000000000001,16.04,3.0
2024-10-07 08:00:00+00:00,17.0,17.22,3.0
2024-10-07 09:00:00+00:00,17.76,17.919999999999998,3.0
2024-10-07 10:00:00+00:00,18.36,18.52,3.0
2024-10-07 11:00:00+00:00,18.580000000000002,18.56,61.0
2024-10-07 12:00:00+00:00,19.04,19.16,61.0
2024-10-07 13:00:00+00:00,19.52,19.86,3.0
2024-10-07 14:00:00+00:00,19.48,20.16,3.0
2024-10-07 15:00:00+00:00,19.3,20.06,3.0
2024-10-07 16:00:00+00:00,18.8,19.56,3.0
2024-10-07 17:00:00+00:00,17.919999999999998,18.68,3.0
2024-10-07 18:00:00+00:00,17.759999999999998,18.240000000000002,3.0
2024-10-07 19:00:00+00:00,17.2,17.5,3.0
2024-10-07 20:00:00+00:00,16.9,16.78,3.0
2024-10-07 21:00:00+00:00,16.6,16.6,3.0
2024-10-07 22:00:00+00:00,16.06,16.16,3.0
2024-10-07 23:00:00+00:00,15.66,15.680000000000001,3.0
2024-10-08 00:00:00+00:00,15.719999999999999,16.0,3.0
2024-10-08 01:00:00+00:00,15.48,15.64,3.0
2024-10-08 02:00:00+00:00,15.080000000000002,15.2,3.0
2024-10-08 03:00:00+00:00,14.62,14.459999999999999,3.0
2024-10-08 04:00:00+00:00,14.14,13.819999999999999,80.0
2024-10-08 05:00:00+00:00,13.540000000000001,13.1,3.0
2024-10-08 06:00:00+00:00,13.12,12.620000000000001,2.0
2024-10-08 07:00:00+00:00,13.5,12.919999999999998,1.0
2024-10-08 08:00:00+00:00,15.16,14.64,2.0
2024-10-08 09:00:00+00:00,17.16,16.48,1.0
2024-10-08 10:00:00+00:00,18.259999999999998,17.2,1.0
2024-10-08 11:00:00+00:00,18.82,17.419999999999998,2.0
2024-10-08 12:00:00+00:00,19.98,18.14,2.0
2024-10-08 13:00:00+00:00,20.24,18.439999999999998,0.0
2024-10-08 14:00:00+00:00,20.220000000000002,18.28,1.0
2024-10-08 15:00:00+00:00,19.98,18.28,3.0
2024-10-08 16:00:00+00:00,19.48,18.1,3.0
2024-10-08 17:00:00+00:00,18.52,17.28,3.0
2024-10-08 18:00:00+00:00,17.439999999999998,15.88,3.0
2024-10-08 19:00:00+00:00,16.82,15.319999999999999,3.0
2024-10-08 20:00:00+00:00,16.2,14.780000000000001,80.0
2024-10-08 21:00:00+00:00,15.940000000000001,14.66,3.0
2024-10-08 22:00:00+00:00,15.64,14.2,61.0
2024-10-08 23:00:00+00:00,15.5,14.219999999999999,61.0
2024-10-09 00:00:00+00:00,15.579999999999998,14.440000000000001,61.0
2024-10-09 01:00:00+00:00,15.6,14.540000000000001,3.0
2024-10-09 02:00:00+00:00,15.48,14.540000000000001,61.0
2024-10-09 03:00:00+00:00,15.36,14.7,61.0
2024-10-09 04:00:00+00:00,15.459999999999999,14.680000000000001,61.0
2024-10-09 05:00:00+00:00,15.84,15.059999999999999,61.0
2024-10-09 06:00:00+00:00,15.879999999999999,14.419999999999998,61.0
2024-10-09 07:00:00+00:00,16.119999999999997,14.680000000000001,61.0
2024-10-09 08:00:00+00:00,16.66,15.16,3.0
2024-10-09 09:00:00+00:00,17.860000000000003,16.580000000000002,3.0
2024-10-09 10:00:00+00:00,18.72,17.6,61.0
2024-10-09 11:00:00+00:00,19.4,18.32,61.0
2024-10-09 12:00:00+00:00,19.380000000000003,18.04,3.0
2024-10-09 13:00:00+00:00,19.880000000000003,17.94,3.0
2024-10-09 14:00:00+00:00,19.740000000000002,17.56,61.0
2024-10-09 15:00:00+00:00,19.78,17.919999999999998,61.0
2024-10-09 16:00:00+00:00,19.419999999999998,16.94,63.0
2024-10-09 17:00:00+00:00,18.64,15.62,61.0
2024-10-09 18:00:00+00:00,17.18,14.580000000000002,63.0
2024-10-09 19:00:00+00:00,16.259999999999998,13.059999999999999,63.0
2024-10-09 20:00:00+00:00,15.98,13.219999999999999,3.0
2024-10-09 21:00:00+00:00,15.34,12.78,1.0
2024-10-09 22:00:00+00:00,14.919999999999998,12.7,3.0
2024-10-09 23:00:00+00:00,14.6,12.72,2.0
2024-10-10 00:00:00+00:00,14.7,13.040000000000001,3.0
2024-10-10 01:00:00+00:00,14.48,12.86,2.0
2024-10-10 02:00:00+00:00,14.280000000000001,12.76,2.0
2024-10-10 03:00:00+00:00,14.3,12.98,2.0
2024-10-10 04:00:00+00:00,14.16,12.9,2.0
2024-10-10 05:00:00+00:00,14.040000000000001,12.86,2.0
2024-10-10 06:00:00+00:00,13.74,12.620000000000001,2.0
2024-10-10 07:00:00+00:00,13.940000000000001,12.959999999999999,80.0
2024-10-10 08:00:00+00:00,14.62,13.580000000000002,80.0
2024-10-10 09:00:00+00:00,15.180000000000001,13.86,80.0
2024-10-10 10:00:00+00:00,15.6,14.24,80.0
2024-10-10 11:00:00+00:00,15.8,14.459999999999999,3.0
2024-10-10 12:00:00+00:00,16.259999999999998,14.6,80.0
2024-10-10 13:00:00+00:00,16.34,14.6,2.0
2024-10-10 14:00:00+00:00,16.240000000000002,14.540000000000001,2.0
2024-10-10 15:00:00+00:00,15.940000000000001,14.36,3.0
2024-10-10 16:00:00+00:00,15.520000000000001,14.180000000000001,3.0
2024-10-10 17:00:00+00:00,14.86,13.84,2.0
2024-10-10 18:00:00+00:00,14.16,13.680000000000001,2.0
2024-10-10 19:00:00+00:00,13.540000000000001,13.219999999999999,1.0
2024-10-10 20:00:00+00:00,13.02,12.78,1.0
2024-10-10 21:00:00+00:00,12.540000000000001,12.28,2.0
2024-10-10 22:00:00+00:00,12.059999999999999,11.74,1.0
2024-10-10 23:00:00+00:00,11.4,11.0,1.0
2024-10-11 00:00:00+00:00,11.02,10.559999999999999,2.0
2024-10-11 01:00:00+00:00,10.459999999999999,9.82,2.0
2024-10-11 02:00:00+00:00,9.92,9.180000000000001,2.0
2024-10-11 03:00:00+00:00,9.62,8.8,2.0
2024-10-11 04:00:00+00:00,9.440000000000001,8.58,45.0
2024-10-11 05:00:00+00:00,9.24,8.36,45.0
2024-10-11 06:00:00+00:00,9.2,8.34,45.0
2024-10-11 07:00:00+00:00,9.52,8.58,45.0
2024-10-11 08:00:00+00:00,11.9,11.32,2.0
2024-10-11 09:00:00+00:00,14.5,13.719999999999999,2.0
2024-10-11 10:00:00+00:00,15.88,15.02,0.0
2024-10-11 11:00:00+00:00,16.96,16.0,2.0
2024-10-11 12:00:00+00:00,17.759999999999998,16.66,3.0
2024-10-11 13:00:00+00:00,18.419999999999998,17.2,3.0
2024-10-11 14:00:00+00:00,18.66,17.36,3.0
2024-10-11 15:00:00+00:00,18.44,17.28,3.0
2024-10-11 16:00:00+00:00,17.68,16.78,3.0
2024-10-11 17:00:00+00:00,16.44,15.86,3.0
2024-10-11 18:00:00+00:00,15.02,14.48,3.0
2024-10-11 19:00:00+00:00,14.24,13.66,3.0
2024-10-11 20:00:00+00:00,13.719999999999999,13.12,3.0
2024-10-11 21:00:00+00:00,13.440000000000001,12.84,3.0
2024-10-11 22:00:00+00:00,13.38,12.7,3.0
2024-10-11 23:00:00+00:00,13.280000000000001,12.5,3.0
2024-10-12 00:00:00+00:00,13.4,12.52,3.0
2024-10-12 01:00:00+00:00,13.38,12.42,3.0
2024-10-12 02:00:00+00:00,13.440000000000001,12.48,3.0
2024-10-12 03:00:00+00:00,13.440000000000001,12.440000000000001,3.0
2024-10-12 04:00:00+00:00,13.6,12.66,3.0
2024-10-12 05:00:00+00:00,13.66,12.819999999999999,3.0
2024-10-12 06:00:00+00:00,13.680000000000001,12.84,3.0
2024-10-12 07:00:00+00:00,13.780000000000001,12.959999999999999,3.0
2024-10-12 08:00:00+00:00,14.919999999999998,14.48,3.0
2024-10-12 09:00:00+00:00,16.64,16.66,3.0
2024-10-12 10:00:00+00:00,18.28,18.5,3.0
2024-10-12 11:00:00+00:00,19.66,20.1,3.0
2024-10-12 12:00:00+00:00,20.54,20.619999999999997,3.0
2024-10-12 13:00:00+00:00,21.380000000000003,21.66,3.0
2024-10-12 14:00:00+00:00,21.54,22.16,3.0
2024-10-12 15:00:00+00:00,21.48,22.419999999999998,3.0
2024-10-12 16:00:00+00:00,20.919999999999998,22.34,2.0
2024-10-12 17:00:00+00:00,19.8,21.380000000000003,2.0
2024-10-12 18:00:00+00:00,18.4,19.64,3.0
2024-10-12 19:00:00+00:00,17.759999999999998,18.779999999999998,3.0
2024-10-12 20:00:00+00:00,16.94,17.919999999999998,2.0
2024-10-12 21:00:00+00:00,16.3,17.259999999999998,2.0
2024-10-12 22:00:00+00:00,15.76,16.619999999999997,0.0
2024-10-12 23:00:00+00:00,15.459999999999999,16.3,3.0
2024-10-13 00:00:00+00:00,15.88,16.94,3.0
2024-10-13 01:00:00+00:00,15.6,16.42,3.0
2024-10-13 02:00:00+00:00,15.219999999999999,15.960000000000003,3.0
2024-10-13 03:00:00+00:00,14.780000000000001,15.38,3.0
2024-10-13 04:00:00+00:00,14.4,14.8,2.0
2024-10-13 05:00:00+00:00,14.12,14.4,2.0
2024-10-13 06:00:00+00:00,12.78,12.819999999999999,3.0
2024-10-13 07:00:00+00:00,12.76,12.78,3.0
2024-10-13 08:00:00+00:00,14.780000000000001,15.2,1.0
2024-10-13 09:00:00+00:00,17.78,18.32,0.0
2024-10-13 10:00:00+00:00,19.7,20.36,0.0
2024-10-13 11:00:00+00:00,21.080000000000002,22.0,0.0
2024-10-13 12:00:00+00:00,21.78,22.7,1.0
2024-10-13 13:00:00+00:00,22.5,23.52,0.0
2024-10-13 14:00:00+00:00,22.86,23.64,1.0
2024-10-13 15:00:00+00:00,22.619999999999997,23.32,1.0
2024-10-13 16:00:00+00:00,21.98,23.04,1.0
2024-10-13 17:00:00+00:00,20.54,21.919999999999998,1.0
2024-10-13 18:00:00+00:00,19.3,20.580000000000002,2.0
2024-10-13 19:00:00+00:00,18.34,19.6,3.0
2024-10-13 20:00:00+00:00,17.759999999999998,18.94,3.0
2024-10-13 21:00:00+00:00,17.4,18.54,3.0
2024-10-13 22:00:00+00:00,17.06,18.14,3.0
2024-10-13 23:00:00+00:00,17.04,18.18,3.0
2024-10-14 00:00:00+00:00,16.919999999999998,17.86,3.0
2024-10-14 01:00:00+00:00,16.78,17.78,3.0
2024-10-14 02:00:00+00:00,16.82,17.78,3.0
2024-10-14 03:00:00+00:00,16.740000000000002,17.96,3.0
2024-10-14 04:00:00+00:00,16.619999999999997,17.78,3.0
2024-10-14 05:00:00+00:00,16.6,17.78,3.0
2024-10-14 06:00:00+00:00,16.98,18.240000000000002,3.0
2024-10-14 07:00:00+00:00,16.919999999999998,18.18,3.0
2024-10-14 08:00:00+00:00,17.9,19.4,3.0
2024-10-14 09:00:00+00:00,19.28,20.48,3.0
2024-10-14 10:00:00+00:00,20.3,21.7,3.0
2024-10-14 11:00:00+00:00,21.28,22.9,2.0
2024-10-14 12:00:00+00:00,20.72,21.88,3.0
2024-10-14 13:00:00+00:00,21.2,22.46,2.0
2024-10-14 14:00:00+00:00,21.44,22.759999999999998,3.0
2024-10-14 15:00:00+00:00,21.380000000000003,22.740000000000002,2.0
2024-10-14 16:00:00+00:00,20.860000000000003,22.32,1.0
2024-10-14 17:00:00+00:00,19.74,21.52,1.0
2024-10-14 18:00:00+00:00,19.2,20.880000000000003,0.0
2024-10-14 19:00:00+00:00,18.32,19.94,3.0
2024-10-14 20:00:00+00:00,17.619999999999997,19.04,3.0
2024-10-14 21:00:00+00:00,17.04,18.26,3.0
2024-10-14 22:00:00+00:00,16.580000000000002,17.64,3.0
2024-10-14 23:00:00+00:00,16.18,17.18,3.0
2024-10-15 00:00:00+00:00,16.54,17.580000000000002,3.0
2024-10-15 01:00:00+00:00,16.3,17.22,3.0
2024-10-15 02:00:00+00:00,16.04,16.84,3.0
2024-10-15 03:00:00+00:00,15.84,16.5,3.0
2024-10-15 04:00:00+00:00,15.780000000000001,16.3,3.0
2024-10-15 05:00:00+00:00,15.719999999999999,16.119999999999997,3.0
2024-10-15 06:00:00+00:00,15.780000000000001,16.34,3.0
2024-10-15 07:00:00+00:00,15.940000000000001,16.54,3.0
2024-10-15 08:00:00+00:00,17.14,18.04,3.0
2024-10-15 09:00:00+00:00,19.1,20.2,3.0
2024-10-15 10:00:00+00:00,20.66,21.880000000000003,3.0
2024-10-15 11:00:00+00:00,21.7,22.96,3.0
2024-10-15 12:00:00+00:00,22.979999999999997,24.240000000000002,3.0
2024-10-15 13:00:00+00:00,23.8,25.240000000000002,3.0
2024-10-15 14:00:00+00:00,24.06,25.48,3.0
2024-10-15 15:00:00+00:00,23.86,25.34,3.0
2024-10-15 16:00:00+00:00,23.1,25.04,3.0
2024-10-15 17:00:00+00:00,22.22,24.4,3.0
2024-10-15 18:00:00+00:00,21.44,23.1,3.0
2024-10-15 19:00:00+00:00,20.82,22.32,2.0
2024-10-15 20:00:00+00:00,20.16,21.32,3.0
2024-10-15 21:00:00+00:00,19.7,20.68,3.0
2024-10-15 22:00:00+00:00,19.380000000000003,19.9,3.0
2024-10-15 23:00:00+00:00,18.939999999999998,19.22,3.0
2024-10-16 00:00:00+00:00,18.44,18.419999999999998,1.0
2024-10-16 01:00:00+00:00,18.18,18.18,2.0
2024-10-16 02:00:00+00:00,18.0,17.98,1.0
2024-10-16 03:00:00+00:00,18.06,18.02,2.0
2024-10-16 04:00:00+00:00,17.86,17.7,2.0
2024-10-16 05:00:00+00:00,17.54,17.46,2.0
2024-10-16 06:00:00+00:00,17.6,17.64,2.0
2024-10-16 07:00:00+00:00,17.7,17.82,3.0
2024-10-16 08:00:00+00:00,18.259999999999998,18.580000000000002,3.0
2024-10-16 09:00:00+00:00,19.16,19.759999999999998,3.0
2024-10-16 10:00:00+00:00,20.06,20.580000000000002,3.0
2024-10-16 11:00:00+00:00,20.259999999999998,21.0,61.0
2024-10-16 12:00:00+00:00,19.84,20.619999999999997,61.0
2024-10-16 13:00:00+00:00,19.619999999999997,20.82,3.0
2024-10-16 14:00:00+00:00,19.740000000000002,21.52,3.0
2024-10-16 15:00:00+00:00,19.84,21.5,3.0
2024-10-16 16:00:00+00:00,19.419999999999998,20.98,3.0
2024-10-16 17:00:00+00:00,18.759999999999998,20.0,3.0
2024-10-16 18:00:00+00:00,17.94,19.0,2.0
2024-10-16 19:00:00+00:00,17.54,18.44,2.0
2024-10-16 20:00:00+00:00,17.3,18.2,2.0
2024-10-16 21:00:00+00:00,17.0,17.82,2.0
2024-10-16 22:00:00+00:00,16.78,17.880000000000003,3.0
2024-10-16 23:00:00+00:00,16.740000000000002,17.96,3.0
2024-10-17 00:00:00+00:00,16.419999999999998,17.54,3.0
2024-10-17 01:00:00+00:00,16.18,17.36,3.0
2024-10-17 02:00:00+00:00,15.920000000000002,17.06,3.0
2024-10-17 03:00:00+00:00,15.819999999999999,17.119999999999997,3.0
2024-10-17 04:00:00+00:00,15.780000000000001,17.16,45.0
2024-10-17 05:00:00+00:00,15.48,16.78,45.0
2024-10-17 06:00:00+00:00,15.239999999999998,16.259999999999998,45.0
2024-10-17 07:00:00+00:00,15.219999999999999,16.32,45.0
2024-10-17 08:00:00+00:00,15.86,17.119999999999997,45.0
2024-10-17 09:00:00+00:00,16.6,17.619999999999997,95.0
2024-10-17 10:00:00+00:00,16.759999999999998,17.38,80.0
2024-10-17 11:00:00+00:00,16.28,16.080000000000002,61.0
2024-10-17 12:00:00+00:00,15.64,15.059999999999999,61.0
2024-10-17 13:00:00+00:00,15.440000000000001,14.36,61.0
2024-10-17 14:00:00+00:00,15.24,13.98,63.0
2024-10-17 15:00:00+00:00,15.16,13.52,63.0
2024-10-17 16:00:00+00:00,15.040000000000001,13.5,3.0
2024-10-17 17:00:00+00:00,14.88,13.419999999999998,2.0
2024-10-17 18:00:00+00:00,14.219999999999999,12.72,3.0
2024-10-17 19:00:00+00:00,14.12,12.6,3.0
2024-10-17 20:00:00+00:00,14.02,12.4,80.0
2024-10-17 21:00:00+00:00,13.86,11.98,3.0
2024-10-17 22:00:00+00:00,13.680000000000001,11.86,3.0
2024-10-17 23:00:00+00:00,13.64,11.82,3.0
2024-10-18 00:00:00+00:00,13.64,11.84,80.0
2024-10-18 01:00:00+00:00,13.540000000000001,11.879999999999999,3.0
2024-10-18 02:00:00+00:00,13.36,11.7,80.0
2024-10-18 03:00:00+00:00,13.180000000000001,11.5,3.0
2024-10-18 04:00:00+00:00,13.0,11.280000000000001,3.0
2024-10-18 05:00:00+00:00,12.98,11.32,3.0
2024-10-18 06:00:00+00:00,12.819999999999999,11.8,80.0
2024-10-18 07:00:00+00:00,12.74,11.9,80.0
2024-10-18 08:00:00+00:00,13.14,12.42,1.0
2024-10-18 09:00:00+00:00,13.819999999999999,13.040000000000001,80.0
2024-10-18 10:00:00+00:00,14.459999999999999,13.36,1.0
2024-10-18 11:00:00+00:00,14.7,13.5,2.0
2024-10-18 12:00:00+00:00,14.9,13.5,80.0
2024-10-18 13:00:00+00:00,15.040000000000001,13.84,2.0
2024-10-18 14:00:00+00:00,15.559999999999999,14.34,2.0
2024-10-18 15:00:00+00:00,15.64,14.459999999999999,2.0
2024-10-18 16:00:00+00:00,15.3,14.419999999999998,1.0
2024-10-18 17:00:00+00:00,14.6,14.040000000000001,1.0
2024-10-18 18:00:00+00:00,13.64,13.219999999999999,0.0
2024-10-18 19:00:00+00:00,12.78,12.2,2.0
2024-10-18 20:00:00+00:00,12.4,11.7,2.0
2024-10-18 21:00:00+00:00,12.059999999999999,11.180000000000001,1.0
2024-10-18 22:00:00+00:00,12.12,11.08,3.0
2024-10-18 23:00:00+00:00,12.040000000000001,10.959999999999999,61.0
2024-10-19 00:00:00+00:00,13.419999999999998,13.12,61.0
2024-10-19 01:00:00+00:00,13.580000000000002,13.3,61.0
2024-10-19 02:00:00+00:00,13.8,13.440000000000001,61.0
2024-10-19 03:00:00+00:00,13.959999999999999,13.559999999999999,61.0
2024-10-19 04:00:00+00:00,14.02,13.64,61.0
2024-10-19 05:00:00+00:00,14.1,13.74,61.0
2024-10-19 06:00:00+00:00,14.34,13.86,61.0
2024-10-19 07:00:00+00:00,14.36,13.680000000000001,61.0
2024-10-19 08:00:00+00:00,14.84,14.080000000000002,61.0
2024-10-19 09:00:00+00:00,15.719999999999999,14.76,3.0
2024-10-19 10:00:00+00:00,16.36,15.459999999999999,3.0
2024-10-19 11:00:00+00:00,16.380000000000003,15.0,61.0
2024-10-19 12:00:00+00:00,17.28,16.94,2.0
2024-10-19 13:00:00+00:00,17.380000000000003,16.98,3.0
2024-10-19 14:00:00+00:00,17.46,17.259999999999998,2.0
2024-10-19 15:00:00+00:00,17.259999999999998,17.22,3.0
2024-10-19 16:00:00+00:00,16.88,17.04,3.0
2024-10-19 17:00:00+00:00,16.1,16.580000000000002,3.0
2024-10-19 18:00:00+00:00,15.059999999999999,15.680000000000001,3.0
2024-10-19 19:00:00+00:00,14.38,15.0,3.0
2024-10-19 20:00:00+00:00,13.66,14.0,45.0
2024-10-19 21:00:00+00:00,13.02,13.2,45.0
2024-10-19 22:00:00+00:00,12.5,12.5,45.0
2024-10-19 23:00:00+00:00,12.22,12.2,45.0
2024-10-20 00:00:00+00:00,13.02,12.84,3.0
2024-10-20 01:00:00+00:00,12.919999999999998,12.72,3.0
2024-10-20 02:00:00+00:00,12.919999999999998,12.66,3.0
2024-10-20 03:00:00+00:00,12.819999999999999,12.540000000000001,3.0
2024-10-20 04:00:00+00:00,12.78,12.5,3.0
2024-10-20 05:00:00+00:00,12.8,12.52,3.0
2024-10-20 06:00:00+00:00,12.459999999999999,12.059999999999999,3.0
2024-10-20 07:00:00+00:00,12.84,12.459999999999999,3.0
2024-10-20 08:00:00+00:00,14.440000000000001,14.34,3.0
2024-10-20 09:00:00+00:00,16.7,17.22,3.0
2024-10-20 10:00:00+00:00,18.52,19.32,3.0
2024-10-20 11:00:00+00:00,19.56,20.5,3.0
2024-10-20 12:00:00+00:00,20.5,21.36,3.0
2024-10-20 13:00:00+00:00,21.02,21.84,3.0
2024-10-20 14:00:00+00:00,21.06,22.06,3.0
2024-10-20 15:00:00+00:00,20.7,21.86,3.0
2024-10-20 16:00:00+00:00,20.02,21.4,3.0
2024-10-20 17:00:00+00:00,18.84,20.18,3.0
2024-10-20 18:00:00+00:00,17.7,18.94,3.0
2024-10-20 19:00:00+00:00,17.0,18.06,3.0
2024-10-20 20:00:00+00:00,16.34,17.28,3.0
2024-10-20 21:00:00+00:00,15.8,16.52,3.0
2024-10-20 22:00:00+00:00,15.26,15.86,3.0
2024-10-20 23:00:00+00:00,14.88,15.36,45.0
2024-10-21 00:00:00+00:00,14.36,14.620000000000001,45.0
2024-10-21 01:00:00+00:00,14.02,14.2,45.0
2024-10-21 02:00:00+00:00,13.74,13.8,0.0
2024-10-21 03:00:00+00:00,13.6,13.52,0.0
2024-10-21 04:00:00+00:00,13.4,13.26,0.0
2024-10-21 05:00:00+00:00,13.26,13.14,45.0
2024-10-21 06:00:00+00:00,12.84,12.68,45.0
2024-10-21 07:00:00+00:00,13.02,12.8,1.0
2024-10-21 08:00:00+00:00,15.080000000000002,15.3,1.0
2024-10-21 09:00:00+00:00,18.3,19.46,1.0
2024-10-21 10:00:00+00:00,20.06,21.0,0.0
2024-10-21 11:00:00+00:00,20.96,21.9,0.0
2024-10-21 12:00:00+00:00,21.259999999999998,21.96,0.0
2024-10-21 13:00:00+00:00,21.22,21.82,2.0
2024-10-21 14:00:00+00:00,20.919999999999998,21.46,2.0
2024-10-21 15:00:00+00:00,20.1,20.66,2.0
2024-10-21 16:00:00+00:00,19.080000000000002,20.14,3.0
2024-10-21 17:00:00+00:00,18.18,19.46,3.0
2024-10-21 18:00:00+00:00,17.84,18.56,3.0
2024-10-21 19:00:00+00:00,17.22,17.740000000000002,3.0
2024-10-21 20:00:00+00:00,16.64,17.080000000000002,3.0
2024-10-21 21:00:00+00:00,16.240000000000002,16.880000000000003,3.0
2024-10-21 22:00:00+00:00,15.98,16.619999999999997,3.0
2024-10-21 23:00:00+00:00,15.76,16.36,3.0
2024-10-22 00:00:00+00:00,15.3,15.459999999999999,3.0
2024-10-22 01:00:00+00:00,15.0,15.2,3.0
2024-10-22 02:00:00+00:00,14.66,14.540000000000001,3.0
2024-10-22 03:00:00+00:00,14.14,13.88,3.0
2024-10-22 04:00:00+00:00,13.819999999999999,13.580000000000002,3.0
2024-10-22 05:00:00+00:00,13.64,13.4,3.0
2024-10-22 06:00:00+00:00,13.6,12.84,3.0
2024-10-22 07:00:00+00:00,13.4,12.559999999999999,3.0
2024-10-22 08:00:00+00:00,13.5,12.6,3.0
2024-10-22 09:00:00+00:00,13.98,12.9,3.0
2024-10-22 10:00:00+00:00,14.819999999999999,13.62,3.0
2024-10-22 11:00:00+00:00,15.559999999999999,14.5,2.0
2024-10-22 12:00:00+00:00,15.98,15.2,2.0
2024-10-22 13:00:00+00:00,16.259999999999998,15.419999999999998,2.0
2024-10-22 14:00:00+00:00,16.4,15.419999999999998,2.0
2024-10-22 15:00:00+00:00,16.22,15.180000000000001,1.0
2024-10-22 16:00:00+00:00,15.74,14.780000000000001,2.0
2024-10-22 17:00:00+00:00,14.64,14.059999999999999,2.0
2024-10-22 18:00:00+00:00,14.1,13.940000000000001,1.0
2024-10-22 19:00:00+00:00,13.440000000000001,13.280000000000001,0.0
2024-10-22 20:00:00+00:00,12.98,12.76,0.0
2024-10-22 21:00:00+00:00,12.559999999999999,12.14,0.0
2024-10-22 22:00:00+00:00,12.1,11.6,0.0
2024-10-22 23:00:00+00:00,11.620000000000001,11.059999999999999,0.0
2024-10-23 00:00:00+00:00,11.040000000000001,10.26,0.0
2024-10-23 01:00:00+00:00,10.719999999999999,9.8,0.0
2024-10-23 02:00:00+00:00,10.36,9.36,0.0
2024-10-23 03:00:00+00:00,9.98,8.92,0.0
2024-10-23 04:00:00+00:00,9.6,8.52,0.0
2024-10-23 05:00:00+00:00,9.24,8.059999999999999,0.0
2024-10-23 06:00:00+00:00,9.08,7.839999999999999,45.0
2024-10-23 07:00:00+00:00,9.0,7.7,45.0
2024-10-23 08:00:00+00:00,10.540000000000001,9.66,0.0
2024-10-23 09:00:00+00:00,12.76,11.92,1.0
2024-10-23 10:00:00+00:00,14.36,13.559999999999999,1.0
2024-10-23 11:00:00+00:00,15.680000000000001,15.040000000000001,1.0
2024-10-23 12:00:00+00:00,17.18,16.6,1.0
2024-10-23 13:00:00+00:00,17.919999999999998,17.36,1.0
2024-10-23 14:00:00+00:00,18.32,17.759999999999998,1.0
2024-10-23 15:00:00+00:00,18.34,17.72,1.0
2024-10-23 16:00:00+00:00,17.78,17.36,0.0
2024-10-23 17:00:00+00:00,16.36,16.3,1.0
2024-10-23 18:00:00+00:00,15.0,14.819999999999999,1.0
2024-10-23 19:00:00+00:00,13.9,13.559999999999999,0.0
2024-10-23 20:00:00+00:00,12.940000000000001,12.42,0.0
2024-10-23 21:00:00+00:00,12.1,11.440000000000001,0.0
2024-10-23 22:00:00+00:00,11.540000000000001,10.76,0.0
2024-10-23 23:00:00+00:00,11.08,10.26,0.0
2024-10-24 00:00:00+00:00,11.66,11.0,0.0
2024-10-24 01:00:00+00:00,11.440000000000001,10.7,1.0
2024-10-24 02:00:00+00:00,11.4,10.540000000000001,0.0
2024-10-24 03:00:00+00:00,11.459999999999999,10.5,0.0
2024-10-24 04:00:00+00:00,11.48,10.459999999999999,0.0
2024-10-24 05:00:00+00:00,11.52,10.5,0.0
2024-10-24 06:00:00+00:00,11.42,10.4,0.0
2024-10-24 07:00:00+00:00,11.64,10.62,1.0
2024-10-24 08:00:00+00:00,13.540000000000001,12.9,1.0
2024-10-24 09:00:00+00:00,16.96,16.8,0.0
2024-10-24 10:00:00+00:00,19.119999999999997,18.72,0.0
2024-10-24 11:00:00+00:00,20.34,19.740000000000002,1.0
2024-10-24 12:00:00+00:00,21.04,20.44,1.0
2024-10-24 13:00:00+00:00,21.619999999999997,21.080000000000002,1.0
2024-10-24 14:00:00+00:00,21.759999999999998,21.2,0.0
2024-10-24 15:00:00+00:00,21.4,21.119999999999997,1.0
2024-10-24 16:00:00+00:00,20.56,20.779999999999998,1.0
2024-10-24 17:00:00+00:00,19.06,19.54,2.0
2024-10-24 18:00:00+00:00,18.06,18.22,1.0
2024-10-24 19:00:00+00:00,17.16,17.2,2.0
2024-10-24 20:00:00+00:00,16.5,16.36,3.0
2024-10-24 21:00:00+00:00,15.940000000000001,15.520000000000001,3.0
2024-10-24 22:00:00+00:00,15.580000000000002,14.8,3.0
2024-10-24 23:00:00+00:00,15.6,14.48,3.0
2024-10-25 00:00:00+00:00,15.5,14.52,3.0
2024-10-25 01:00:00+00:00,15.219999999999999,14.180000000000001,3.0
2024-10-25 02:00:00+00:00,15.02,13.780000000000001,3.0
2024-10-25 03:00:00+00:00,15.14,13.559999999999999,3.0
2024-10-25 04:00:00+00:00,14.9,13.579999999999998,3.0
2024-10-25 05:00:00+00:00,14.4,13.38,61.0
2024-10-25 06:00:00+00:00,14.7,13.86,61.0
2024-10-25 07:00:00+00:00,14.66,13.459999999999999,61.0
2024-10-25 08:00:00+00:00,14.24,12.819999999999999,80.0
2024-10-25 09:00:00+00:00,13.959999999999999,12.76,61.0
2024-10-25 10:00:00+00:00,13.959999999999999,12.68,61.0
2024-10-25 11:00:00+00:00,13.9,12.559999999999999,61.0
2024-10-25 12:00:00+00:00,13.780000000000001,12.34,61.0
2024-10-25 13:00:00+00:00,13.9,12.48,61.0
2024-10-25 14:00:00+00:00,13.84,12.559999999999999,61.0
2024-10-25 15:00:00+00:00,13.7,12.459999999999999,61.0
2024-10-25 16:00:00+00:00,13.36,11.98,61.0
2024-10-25 17:00:00+00:00,12.74,11.379999999999999,3.0
2024-10-25 18:00:00+00:00,12.84,12.32,3.0
2024-10-25 19:00:00+00:00,12.64,12.059999999999999,61.0
2024-10-25 20:00:00+00:00,12.48,11.78,3.0
2024-10-25 21:00:00+00:00,12.379999999999999,11.620000000000001,3.0
2024-10-25 22:00:00+00:00,12.32,11.4,3.0
2024-10-25 23:00:00+00:00,12.24,11.3,3.0
2024-10-26 00:00:00+00:00,12.08,11.4,3.0
2024-10-26 01:00:00+00:00,11.9,11.3,3.0
2024-10-26 02:00:00+00:00,11.76,11.14,3.0
2024-10-26 03:00:00+00:00,11.559999999999999,10.9,3.0
2024-10-26 04:00:00+00:00,11.4,10.82,3.0
2024-10-26 05:00:00+00:00,11.28,10.72,3.0
2024-10-26 06:00:00+00:00,11.379999999999999,10.58,3.0
2024-10-26 07:00:00+00:00,11.3,10.52,3.0
2024-10-26 08:00:00+00:00,11.68,10.82,3.0
2024-10-26 09:00:00+00:00,12.32,11.459999999999999,3.0
2024-10-26 10:00:00+00:00,12.86,11.86,3.0
2024-10-26 11:00:00+00:00,13.24,12.120000000000001,3.0
2024-10-26 12:00:00+00:00,13.919999999999998,12.6,3.0
2024-10-26 13:00:00+00:00,13.959999999999999,12.6,3.0
2024-10-26 14:00:00+00:00,14.02,12.8,3.0
2024-10-26 15:00:00+00:00,13.84,12.639999999999999,3.0
2024-10-26 16:00:00+00:00,13.419999999999998,12.32,2.0
2024-10-26 17:00:00+00:00,12.7,11.84,3.0
2024-10-26 18:00:00+00:00,12.18,11.559999999999999,3.0
2024-10-26 19:00:00+00:00,11.879999999999999,11.32,1.0
2024-10-26 20:00:00+00:00,11.620000000000001,11.1,1.0
2024-10-26 21:00:00+00:00,11.440000000000001,10.9,3.0
2024-10-26 22:00:00+00:00,11.180000000000001,10.68,3.0
2024-10-26 23:00:00+00:00,10.84,10.16,3.0
2024-10-27 00:00:00+00:00,11.3,10.72,3.0
2024-10-27 01:00:00+00:00,11.24,10.6,3.0
2024-10-27 02:00:00+00:00,11.22,10.559999999999999,3.0
2024-10-27 03:00:00+00:00,11.22,10.5,3.0
2024-10-27 04:00:00+00:00,11.16,10.34,2.0
2024-10-27 05:00:00+00:00,11.059999999999999,10.18,2.0
2024-10-27 06:00:00+00:00,11.16,10.42,3.0
2024-10-27 07:00:00+00:00,11.0,10.3,3.0
2024-10-27 08:00:00+00:00,11.76,11.16,3.0
2024-10-27 09:00:00+00:00,13.219999999999999,12.5,3.0
2024-10-27 10:00:00+00:00,14.66,14.0,3.0
2024-10-27 11:00:00+00:00,15.819999999999999,15.5,3.0
2024-10-27 12:00:00+00:00,16.12,16.02,3.0
2024-10-27 13:00:00+00:00,16.759999999999998,16.779999999999998,3.0
2024-10-27 14:00:00+00:00,17.08,17.14,2.0
2024-10-27 15:00:00+00:00,17.14,17.14,1.0
2024-10-27 16:00:00+00:00,16.64,16.9,1.0
2024-10-27 17:00:00+00:00,15.34,15.620000000000001,1.0
2024-10-27 18:00:00+00:00,14.38,14.680000000000001,1.0
2024-10-27 19:00:00+00:00,13.8,14.0,1.0
2024-10-27 20:00:00+00:00,13.34,13.48,1.0
2024-10-27 21:00:00+00:00,12.98,13.0,1.0
2024-10-27 22:00:00+00:00,12.72,12.76,1.0
2024-10-27 23:00:00+00:00,12.459999999999999,12.48,2.0
2024-10-28 00:00:00+00:00,11.22,10.879999999999999,45.0
2024-10-28 01:00:00+00:00,10.92,10.48,45.0
2024-10-28 02:00:00+00:00,10.7,10.22,45.0
2024-10-28 03:00:00+00:00,10.42,9.940000000000001,45.0
2024-10-28 04:00:00+00:00,10.32,9.9,45.0
2024-10-28 05:00:00+00:00,10.22,9.78,45.0
2024-10-28 06:00:00+00:00,10.120000000000001,9.540000000000001,45.0
2024-10-28 07:00:00+00:00,9.74,9.0,45.0
2024-10-28 08:00:00+00:00,10.879999999999999,10.48,45.0
2024-10-28 09:00:00+00:00,13.080000000000002,13.2,2.0
2024-10-28 10:00:00+00:00,15.14,15.680000000000001,1.0
2024-10-28 11:00:00+00:00,16.619999999999997,17.419999999999998,2.0
2024-10-28 12:00:00+00:00,17.04,17.98,2.0
2024-10-28 13:00:00+00:00,17.580000000000002,18.46,3.0
2024-10-28 14:00:00+00:00,17.759999999999998,18.5,2.0
2024-10-28 15:00:00+00:00,17.64,18.3,2.0
2024-10-28 16:00:00+00:00,17.06,17.919999999999998,2.0
2024-10-28 17:00:00+00:00,15.62,16.4,1.0
2024-10-28 18:00:00+00:00,14.36,14.86,2.0
2024-10-28 19:00:00+00:00,13.7,14.14,2.0
2024-10-28 20:00:00+00:00,13.080000000000002,13.419999999999998,45.0
2024-10-28 21:00:00+00:00,12.6,12.9,45.0
2024-10-28 22:00:00+00:00,12.32,12.44,45.0
2024-10-28 23:00:00+00:00,11.9,11.86,45.0
2024-10-29 00:00:00+00:00,12.0,12.120000000000001,45.0
2024-10-29 01:00:00+00:00,11.680000000000001,11.68,45.0
2024-10-29 02:00:00+00:00,11.52,11.4,45.0
2024-10-29 03:00:00+00:00,11.239999999999998,11.02,45.0
2024-10-29 04:00:00+00:00,11.120000000000001,10.86,45.0
2024-10-29 05:00:00+00:00,11.120000000000001,10.879999999999999,45.0
2024-10-29 06:00:00+00:00,10.86,10.48,45.0
2024-10-29 07:00:00+00:00,10.819999999999999,10.48,45.0
2024-10-29 08:00:00+00:00,11.620000000000001,11.440000000000001,45.0
2024-10-29 09:00:00+00:00,13.1,13.24,45.0
2024-10-29 10:00:00+00:00,14.66,14.940000000000001,2.0
2024-10-29 11:00:00+00:00,16.3,16.62,2.0
2024-10-29 12:00:00+00:00,17.52,18.04,2.0
2024-10-29 13:00:00+00:00,18.32,18.86,2.0
2024-10-29 14:00:00+00:00,18.6,19.0,2.0
2024-10-29 15:00:00+00:00,18.42,18.9,2.0
2024-10-29 16:00:00+00:00,17.740000000000002,18.5,1.0
2024-10-29 17:00:00+00:00,16.32,17.16,0.0
2024-10-29 18:00:00+00:00,15.02,15.440000000000001,1.0
2024-10-29 19:00:00+00:00,14.24,14.4,1.0
2024-10-29 20:00:00+00:00,13.66,13.719999999999999,1.0
2024-10-29 21:00:00+00:00,13.219999999999999,13.180000000000001,2.0
2024-10-29 22:00:00+00:00,12.919999999999998,12.78,45.0
2024-10-29 23:00:00+00:00,12.6,12.379999999999999,45.0
2024-10-30 00:00:00+00:00,12.919999999999998,12.78,45.0
2024-10-30 01:00:00+00:00,12.78,12.6,45.0
2024-10-30 02:00:00+00:00,12.68,12.42,45.0
2024-10-30 03:00:00+00:00,12.48,12.2,45.0
2024-10-30 04:00:00+00:00,12.379999999999999,12.02,45.0
2024-10-30 05:00:00+00:00,12.32,11.9,45.0
2024-10-30 06:00:00+00:00,12.24,11.86,45.0
2024-10-30 07:00:00+00:00,12.36,11.9,45.0
2024-10-30 08:00:00+00:00,13.4,13.080000000000002,45.0
2024-10-30 09:00:00+00:00,15.24,15.3,0.0
2024-10-30 10:00:00+00:00,17.04,17.24,0.0
2024-10-30 11:00:00+00:00,18.3,18.52,0.0
2024-10-30 12:00:00+00:00,18.759999999999998,19.1,3.0
2024-10-30 13:00:00+00:00,19.240000000000002,19.52,3.0
2024-10-30 14:00:00+00:00,19.34,19.759999999999998,3.0
2024-10-30 15:00:00+00:00,19.119999999999997,19.72,3.0
2024-10-30 16:00:00+00:00,18.46,19.259999999999998,2.0
2024-10-30 17:00:00+00:00,17.18,17.84,0.0
2024-10-30 18:00:00+00:00,16.06,16.419999999999998,0.0
2024-10-30 19:00:00+00:00,15.24,15.5,45.0
2024-10-30 20:00:00+00:00,14.559999999999999,14.7,45.0
2024-10-30 21:00:00+00:00,13.9,13.88,2.0
2024-10-30 22:00:00+00:00,13.4,13.280000000000001,2.0
2024-10-30 23:00:00+00:00,12.88,12.58,45.0
2024-10-31 00:00:00+00:00,12.319999999999999,11.959999999999999,45.0
2024-10-31 01:00:00+00:00,12.0,11.52,45.0
2024-10-31 02:00:00+00:00,11.719999999999999,11.2,45.0
2024-10-31 03:00:00+00:00,11.58,10.940000000000001,45.0
2024-10-31 04:00:00+00:00,11.42,10.7,45.0
2024-10-31 05:00:00+00:00,11.26,10.580000000000002,45.0
2024-10-31 06:00:00+00:00,11.120000000000001,10.459999999999999,45.0
2024-10-31 07:00:00+00:00,11.0,10.34,45.0
2024-10-31 08:00:00+00:00,12.219999999999999,11.82,1.0
2024-10-31 09:00:00+00:00,15.1,15.38,2.0
2024-10-31 10:00:00+00:00,17.3,17.759999999999998,1.0
2024-10-31 11:00:00+00:00,18.9,19.72,1.0
2024-10-31 12:00:00+00:00,20.080000000000002,21.06,0.0
2024-10-31 13:00:00+00:00,20.7,21.759999999999998,0.0
2024-10-31 14:00:00+00:00,20.94,22.06,1.0
2024-10-31 15:00:00+00:00,20.7,22.02,1.0
2024-10-31 16:00:00+00:00,19.82,21.5,1.0
2024-10-31 17:00:00+00:00,18.240000000000002,19.84,0.0
2024-10-31 18:00:00+00:00,17.119999999999997,18.28,0.0
2024-10-31 19:00:00+00:00,15.919999999999998,16.94,0.0
2024-10-31 20:00:00+00:00,15.040000000000001,15.820000000000002,45.0
2024-10-31 21:00:00+00:00,14.38,14.960000000000003,45.0
2024-10-31 22:00:00+00:00,13.88,14.279999999999998,45.0
2024-10-31 23:00:00+00:00,13.440000000000001,13.719999999999999,45.0
2024-11-01 00:00:00+00:00,13.0,13.1,45.0
2024-11-01 01:00:00+00:00,12.74,12.76,1.0
2024-11-01 02:00:00+00:00,12.379999999999999,12.319999999999999,45.0
2024-11-01 03:00:00+00:00,12.08,11.92,45.0
2024-11-01 04:00:00+00:00,11.72,11.44,45.0
2024-11-01 05:00:00+00:00,11.5,11.22,45.0
2024-11-01 06:00:00+00:00,11.24,10.64,1.0
2024-11-01 07:00:00+00:00,11.040000000000001,10.36,1.0
2024-11-01 08:00:00+00:00,12.2,11.74,1.0
2024-11-01 09:00:00+00:00,14.919999999999998,14.940000000000001,0.0
2024-11-01 10:00:00+00:00,17.04,17.380000000000003,0.0
2024-11-01 11:00:00+00:00,18.619999999999997,19.3,0.0
2024-11-01 12:00:00+00:00,19.84,20.72,0.0
2024-11-01 13:00:00+00:00,20.380000000000003,21.18,0.0
2024-11-01 14:00:00+00:00,20.48,21.4,0.0
2024-11-01 15:00:00+00:00,20.240000000000002,21.2,0.0
2024-11-01 16:00:00+00:00,19.32,20.6,0.0
2024-11-01 17:00:00+00:00,17.7,18.96,0.0
2024-11-01 18:00:00+00:00,16.86,17.64,0.0
2024-11-01 19:00:00+00:00,15.580000000000002,16.18,0.0
2024-11-01 20:00:00+00:00,14.36,14.66,0.0
2024-11-01 21:00:00+00:00,13.52,13.6,45.0
2024-11-01 22:00:00+00:00,13.02,12.88,45.0
2024-11-01 23:00:00+00:00,12.540000000000001,12.26,45.0
2024-11-02 00:00:00+00:00,11.84,11.34,45.0
2024-11-02 01:00:00+00:00,11.379999999999999,10.7,45.0
2024-11-02 02:00:00+00:00,11.040000000000001,10.32,45.0
2024-11-02 03:00:00+00:00,10.74,9.9,45.0
2024-11-02 04:00:00+00:00,10.559999999999999,9.64,45.0
2024-11-02 05:00:00+00:00,10.4,9.42,45.0
2024-11-02 06:00:00+00:00,10.0,8.9,45.0
2024-11-02 07:00:00+00:00,9.86,8.739999999999998,45.0
2024-11-02 08:00:00+00:00,10.76,9.8,45.0
2024-11-02 09:00:00+00:00,13.280000000000001,12.959999999999999,2.0
2024-11-02 10:00:00+00:00,15.580000000000002,15.34,0.0
2024-11-02 11:00:00+00:00,17.119999999999997,17.080000000000002,0.0
2024-11-02 12:00:00+00:00,18.1,18.28,0.0
2024-11-02 13:00:00+00:00,18.8,19.1,0.0
2024-11-02 14:00:00+00:00,19.02,19.38,0.0
2024-11-02 15:00:00+00:00,18.72,19.02,0.0
2024-11-02 16:00:00+00:00,17.86,18.380000000000003,0.0
2024-11-02 17:00:00+00:00,16.34,16.84,0.0
2024-11-02 18:00:00+00:00,14.819999999999999,15.14,1.0
2024-11-02 19:00:00+00:00,13.76,13.780000000000001,1.0
2024-11-02 20:00:00+00:00,12.9,12.68,45.0
2024-11-02 21:00:00+00:00,12.32,11.940000000000001,45.0
2024-11-02 22:00:00+00:00,11.82,11.34,45.0
2024-11-02 23:00:00+00:00,11.459999999999999,10.9,45.0
2024-11-03 00:00:00+00:00,11.16,10.42,45.0
2024-11-03 01:00:00+00:00,10.879999999999999,10.120000000000001,45.0
2024-11-03 02:00:00+00:00,10.64,9.8,45.0
2024-11-03 03:00:00+00:00,10.379999999999999,9.459999999999999,45.0
2024-11-03 04:00:00+00:00,10.1,9.16,45.0
2024-11-03 05:00:00+00:00,9.84,8.879999999999999,45.0
2024-11-03 06:00:00+00:00,9.52,8.379999999999999,1.0
2024-11-03 07:00:00+00:00,9.440000000000001,8.26,1.0
2024-11-03 08:00:00+00:00,10.74,9.72,1.0
2024-11-03 09:00:00+00:00,13.919999999999998,13.559999999999999,0.0
2024-11-03 10:00:00+00:00,16.48,16.360000000000003,0.0
2024-11-03 11:00:00+00:00,18.32,18.52,0.0
2024-11-03 12:00:00+00:00,19.94,20.06,1.0
2024-11-03 13:00:00+00:00,20.72,20.8,1.0
2024-11-03 14:00:00+00:00,20.880000000000003,20.96,0.0
2024-11-03 15:00:00+00:00,20.54,20.779999999999998,1.0
2024-11-03 16:00:00+00:00,19.52,20.28,0.0
2024-11-03 17:00:00+00:00,17.86,18.660000000000004,0.0
2024-11-03 18:00:00+00:00,16.4,16.78,0.0
2024-11-03 19:00:00+00:00,15.14,15.26,0.0
2024-11-03 20:00:00+00:00,13.940000000000001,13.86,0.0
2024-11-03 21:00:00+00:00,13.14,12.98,0.0
2024-11-03 22:00:00+00:00,12.440000000000001,12.1,0.0
2024-11-03 23:00:00+00:00,11.940000000000001,11.48,0.0
2024-11-04 00:00:00+00:00,11.66,11.059999999999999,0.0
2024-11-04 01:00:00+00:00,11.48,10.78,0.0
2024-11-04 02:00:00+00:00,11.24,10.52,0.0
2024-11-04 03:00:00+00:00,11.02,10.18,0.0
2024-11-04 04:00:00+00:00,10.719999999999999,9.860000000000001,0.0
2024-11-04 05:00:00+00:00,10.440000000000001,9.540000000000001,0.0
2024-11-04 06:00:00+00:00,9.86,8.9,0.0
2024-11-04 07:00:00+00:00,9.620000000000001,8.620000000000001,45.0
2024-11-04 08:00:00+00:00,10.82,10.040000000000001,0.0
2024-11-04 09:00:00+00:00,13.959999999999999,13.84,1.0
2024-11-04 10:00:00+00:00,16.7,16.759999999999998,3.0
2024-11-04 11:00:00+00:00,18.46,18.48,1.0
2024-11-04 12:00:00+00:00,19.66,19.580000000000002,1.0
2024-11-04 13:00:00+00:00,20.240000000000002,20.380000000000003,2.0
2024-11-04 14:00:00+00:00,20.419999999999998,20.46,2.0
2024-11-04 15:00:00+00:00,20.080000000000002,20.4,3.0
2024-11-04 16:00:00+00:00,19.060000000000002,19.919999999999998,1.0
2024-11-04 17:00:00+00:00,17.48,18.259999999999998,3.0
2024-11-04 18:00:00+00:00,15.680000000000001,16.22,1.0
2024-11-04 19:00:00+00:00,14.540000000000001,14.88,1.0
2024-11-04 20:00:00+00:00,13.8,14.02,2.0
2024-11-04 21:00:00+00:00,13.3,13.3,3.0
2024-11-04 22:00:00+00:00,12.98,12.84,3.0
2024-11-04 23:00:00+00:00,12.78,12.440000000000001,2.0
2024-11-05 00:00:00+00:00,13.040000000000001,12.819999999999999,3.0
2024-11-05 01:00:00+00:00,12.86,12.58,3.0
2024-11-05 02:00:00+00:00,12.7,12.38,3.0
2024-11-05 03:00:00+00:00,12.620000000000001,12.24,3.0
2024-11-05 04:00:00+00:00,12.6,12.16,3.0
2024-11-05 05:00:00+00:00,12.5,12.08,3.0
2024-11-05 06:00:00+00:00,12.1,11.48,3.0
2024-11-05 07:00:00+00:00,12.3,11.78,3.0
2024-11-05 08:00:00+00:00,13.26,12.9,3.0
2024-11-05 09:00:00+00:00,15.680000000000001,15.9,2.0
2024-11-05 10:00:00+00:00,18.119999999999997,18.48,2.0
2024-11-05 11:00:00+00:00,19.439999999999998,19.78,2.0
2024-11-05 12:00:00+00:00,20.4,20.619999999999997,1.0
2024-11-05 13:00:00+00:00,20.94,21.240000000000002,1.0
2024-11-05 14:00:00+00:00,21.119999999999997,21.54,2.0
2024-11-05 15:00:00+00:00,20.86,21.64,2.0
2024-11-05 16:00:00+00:00,19.839999999999996,21.259999999999998,1.0
2024-11-05 17:00:00+00:00,18.28,19.619999999999997,2.0
2024-11-05 18:00:00+00:00,16.380000000000003,17.4,0.0
2024-11-05 19:00:00+00:00,15.2,16.0,0.0
2024-11-05 20:00:00+00:00,14.2,14.76,45.0
2024-11-05 21:00:00+00:00,13.440000000000001,13.820000000000002,45.0
2024-11-05 22:00:00+00:00,12.879999999999999,13.059999999999999,45.0
2024-11-05 23:00:00+00:00,12.4,12.379999999999999,45.0
2024-11-06 00:00:00+00:00,11.72,11.58,45.0
2024-11-06 01:00:00+00:00,11.22,10.919999999999998,45.0
2024-11-06 02:00:00+00:00,10.9,10.52,45.0
2024-11-06 03:00:00+00:00,10.84,10.459999999999999,45.0
2024-11-06 04:00:00+00:00,10.64,10.14,45.0
2024-11-06 05:00:00+00:00,10.459999999999999,9.98,45.0
2024-11-06 06:00:00+00:00,11.280000000000001,10.9,45.0
2024-11-06 07:00:00+00:00,11.1,10.680000000000001,45.0
2024-11-06 08:00:00+00:00,11.64,11.32,45.0
2024-11-06 09:00:00+00:00,13.14,13.280000000000001,45.0
2024-11-06 10:00:00+00:00,15.139999999999997,15.219999999999999,3.0
2024-11-06 11:00:00+00:00,17.0,17.060000000000002,1.0
2024-11-06 12:00:00+00:00,18.66,19.04,0.0
2024-11-06 13:00:00+00:00,19.32,19.66,2.0
2024-11-06 14:00:00+00:00,19.380000000000003,19.6,2.0
2024-11-06 15:00:00+00:00,18.98,19.1,1.0
2024-11-06 16:00:00+00:00,18.14,18.5,1.0
2024-11-06 17:00:00+00:00,16.66,17.06,1.0
2024-11-06 18:00:00+00:00,15.24,15.440000000000001,1.0
2024-11-06 19:00:00+00:00,14.6,14.64,1.0
2024-11-06 20:00:00+00:00,13.98,13.8,1.0
2024-11-06 21:00:00+00:00,13.419999999999998,13.2,2.0
2024-11-06 22:00:00+00:00,12.74,12.42,45.0
2024-11-06 23:00:00+00:00,12.040000000000001,11.52,45.0
2024-11-07 00:00:00+00:00,11.36,10.74,45.0
2024-11-07 01:00:00+00:00,10.879999999999999,10.08,45.0
2024-11-07 02:00:00+00:00,10.440000000000001,9.52,45.0
2024-11-07 03:00:00+00:00,10.059999999999999,9.059999999999999,45.0
2024-11-07 04:00:00+00:00,9.84,8.620000000000001,45.0
2024-11-07 05:00:00+00:00,9.76,8.459999999999999,45.0
2024-11-07 06:00:00+00:00,9.78,8.559999999999999,45.0
2024-11-07 07:00:00+00:00,9.66,8.38,45.0
2024-11-07 08:00:00+00:00,10.540000000000001,9.4,1.0
2024-11-07 09:00:00+00:00,13.02,12.32,0.0
2024-11-07 10:00:00+00:00,15.059999999999999,14.559999999999999,2.0
2024-11-07 11:00:00+00:00,16.94,16.759999999999998,0.0
2024-11-07 12:00:00+00:00,18.1,17.880000000000003,1.0
2024-11-07 13:00:00+00:00,18.96,18.44,0.0
2024-11-07 14:00:00+00:00,19.2,18.740000000000002,0.0
2024-11-07 15:00:00+00:00,18.94,18.580000000000002,0.0
2024-11-07 16:00:00+00:00,17.98,17.86,0.0
2024-11-07 17:00:00+00:00,16.28,16.2,0.0
2024-11-07 18:00:00+00:00,14.84,14.580000000000002,0.0
2024-11-07 19:00:00+00:00,13.6,13.180000000000001,0.0
2024-11-07 20:00:00+00:00,12.66,11.98,0.0
2024-11-07 21:00:00+00:00,12.059999999999999,11.22,0.0
2024-11-07 22:00:00+00:00,11.64,10.68,0.0
2024-11-07 23:00:00+00:00,11.22,10.14,1.0
2024-11-08 00:00:00+00:00,10.7,9.7,1.0
2024-11-08 01:00:00+00:00,10.5,9.4,0.0
2024-11-08 02:00:00+00:00,10.2,9.0,0.0
2024-11-08 03:00:00+00:00,9.959999999999999,8.64,0.0
2024-11-08 04:00:00+00:00,9.66,8.32,0.0
2024-11-08 05:00:00+00:00,9.42,7.94,0.0
2024-11-08 06:00:00+00:00,9.4,7.88,1.0
2024-11-08 07:00:00+00:00,9.24,7.660000000000001,1.0
2024-11-08 08:00:00+00:00,10.319999999999999,8.84,0.0
2024-11-08 09:00:00+00:00,13.36,12.459999999999999,0.0
2024-11-08 10:00:00+00:00,16.54,15.680000000000001,0.0
2024-11-08 11:00:00+00:00,18.22,17.22,1.0
2024-11-08 12:00:00+00:00,18.96,18.04,0.0
2024-11-08 13:00:00+00:00,19.5,18.5,3.0
2024-11-08 14:00:00+00:00,19.68,18.86,2.0
2024-11-08 15:00:00+00:00,19.380000000000003,19.0,3.0
2024-11-08 16:00:00+00:00,18.28,18.419999999999998,3.0
2024-11-08 17:00:00+00:00,16.7,16.86,3.0
2024-11-08 18:00:00+00:00,15.8,15.9,3.0
2024-11-08 19:00:00+00:00,15.040000000000001,15.02,3.0
2024-11-08 20:00:00+00:00,14.540000000000001,14.36,2.0
2024-11-08 21:00:00+00:00,14.280000000000001,13.88,3.0
2024-11-08 22:00:00+00:00,14.1,13.580000000000002,2.0
2024-11-08 23:00:00+00:00,13.9,13.459999999999999,3.0
2024-11-09 00:00:00+00:00,13.280000000000001,12.76,3.0
2024-11-09 01:00:00+00:00,13.12,12.64,2.0
2024-11-09 02:00:00+00:00,13.1,12.66,2.0
2024-11-09 03:00:00+00:00,13.16,12.78,2.0
2024-11-09 04:00:00+00:00,13.280000000000001,12.959999999999999,3.0
2024-11-09 05:00:00+00:00,13.580000000000002,13.419999999999998,3.0
2024-11-09 06:00:00+00:00,13.5,13.319999999999999,3.0
2024-11-09 07:00:00+00:00,13.48,13.34,3.0
2024-11-09 08:00:00+00:00,14.0,14.040000000000001,3.0
2024-11-09 09:00:00+00:00,15.059999999999999,15.059999999999999,3.0
2024-11-09 10:00:00+00:00,15.84,15.5,3.0
2024-11-09 11:00:00+00:00,16.36,15.98,3.0
2024-11-09 12:00:00+00:00,16.02,15.62,3.0
2024-11-09 13:00:00+00:00,16.16,15.8,61.0
2024-11-09 14:00:00+00:00,16.28,15.919999999999998,3.0
2024-11-09 15:00:00+00:00,16.06,15.6,3.0
2024-11-09 16:00:00+00:00,15.459999999999999,15.059999999999999,3.0
2024-11-09 17:00:00+00:00,14.84,14.64,3.0
2024-11-09 18:00:00+00:00,14.440000000000001,14.180000000000001,2.0
2024-11-09 19:00:00+00:00,14.34,14.14,3.0
2024-11-09 20:00:00+00:00,14.180000000000001,14.0,3.0
2024-11-09 21:00:00+00:00,14.059999999999999,13.88,3.0
2024-11-09 22:00:00+00:00,13.919999999999998,13.719999999999999,3.0
2024-11-09 23:00:00+00:00,13.88,13.64,1.0
2024-11-10 00:00:00+00:00,13.940000000000001,13.8,3.0
2024-11-10 01:00:00+00:00,13.84,13.680000000000001,3.0
2024-11-10 02:00:00+00:00,13.680000000000001,13.52,3.0
2024-11-10 03:00:00+00:00,13.36,13.2,3.0
2024-11-10 04:00:00+00:00,13.12,12.920000000000002,3.0
2024-11-10 05:00:00+00:00,12.919999999999998,12.819999999999999,45.0
2024-11-10 06:00:00+00:00,12.58,12.620000000000001,45.0
2024-11-10 07:00:00+00:00,12.459999999999999,12.5,45.0
2024-11-10 08:00:00+00:00,12.66,12.819999999999999,45.0
2024-11-10 09:00:00+00:00,13.8,14.24,45.0
2024-11-10 10:00:00+00:00,14.9,15.1,3.0
2024-11-10 11:00:00+00:00,15.559999999999999,15.6,3.0
2024-11-10 12:00:00+00:00,16.020000000000003,15.98,3.0
2024-11-10 13:00:00+00:00,16.3,16.1,3.0
2024-11-10 14:00:00+00:00,16.14,15.9,3.0
2024-11-10 15:00:00+00:00,15.940000000000001,15.8,3.0
2024-11-10 16:00:00+00:00,15.38,15.419999999999998,3.0
2024-11-10 17:00:00+00:00,14.459999999999999,14.719999999999999,3.0
2024-11-10 18:00:00+00:00,14.3,14.660000000000002,2.0
2024-11-10 19:00:00+00:00,13.8,13.959999999999999,1.0
2024-11-10 20:00:00+00:00,13.34,13.319999999999999,1.0
2024-11-10 21:00:00+00:00,13.02,12.919999999999998,0.0
2024-11-10 22:00:00+00:00,12.819999999999999,12.64,3.0
2024-11-10 23:00:00+00:00,12.66,12.36,3.0
2024-11-11 00:00:00+00:00,11.32,10.66,2.0
2024-11-11 01:00:00+00:00,11.34,10.66,3.0
2024-11-11 02:00:00+00:00,11.44,10.580000000000002,2.0
2024-11-11 03:00:00+00:00,11.4,10.459999999999999,2.0
2024-11-11 04:00:00+00:00,11.2,10.24,3.0
2024-11-11 05:00:00+00:00,11.040000000000001,10.040000000000001,2.0
2024-11-11 06:00:00+00:00,10.76,9.6,2.0
2024-11-11 07:00:00+00:00,10.680000000000001,9.48,2.0
2024-11-11 08:00:00+00:00,11.139999999999999,9.84,2.0
2024-11-11 09:00:00+00:00,12.02,10.52,1.0
2024-11-11 10:00:00+00:00,12.8,11.02,2.0
2024-11-11 11:00:00+00:00,13.580000000000002,11.66,2.0
2024-11-11 12:00:00+00:00,13.540000000000001,11.72,2.0
2024-11-11 13:00:00+00:00,14.059999999999999,12.12,3.0
2024-11-11 14:00:00+00:00,14.319999999999999,12.440000000000001,3.0
2024-11-11 15:00:00+00:00,14.3,12.62,2.0
2024-11-11 16:00:00+00:00,13.940000000000001,12.48,3.0
2024-11-11 17:00:00+00:00,13.16,12.059999999999999,3.0
2024-11-11 18:00:00+00:00,12.620000000000001,11.440000000000001,3.0
2024-11-11 19:00:00+00:00,12.3,10.94,3.0
2024-11-11 20:00:00+00:00,11.98,10.32,3.0
2024-11-11 21:00:00+00:00,11.42,9.34,3.0
2024-11-11 22:00:00+00:00,10.74,8.62,2.0
2024-11-11 23:00:00+00:00,10.32,8.3,2.0
2024-11-12 00:00:00+00:00,9.72,7.4,3.0
2024-11-12 01:00:00+00:00,9.4,7.06,3.0
2024-11-12 02:00:00+00:00,9.059999999999999,6.720000000000001,3.0
2024-11-12 03:00:00+00:00,8.92,6.6,3.0
2024-11-12 04:00:00+00:00,8.72,6.4,3.0
2024-11-12 05:00:00+00:00,8.540000000000001,5.9799999999999995,3.0
2024-11-12 06:00:00+00:00,7.82,5.12,3.0
2024-11-12 07:00:00+00:00,7.459999999999999,4.720000000000001,3.0
2024-11-12 08:00:00+00:00,7.359999999999999,4.58,2.0
2024-11-12 09:00:00+00:00,7.860000000000001,4.92,2.0
2024-11-12 10:00:00+00:00,8.58,5.46,2.0
2024-11-12 11:00:00+00:00,9.379999999999999,6.2,3.0
2024-11-12 12:00:00+00:00,9.98,6.840000000000001,2.0
2024-11-12 13:00:00+00:00,10.3,7.12,2.0
2024-11-12 14:00:00+00:00,10.16,6.959999999999999,3.0
2024-11-12 15:00:00+00:00,9.78,6.68,61.0
2024-11-12 16:00:00+00:00,9.22,6.5,61.0
2024-11-12 17:00:00+00:00,8.559999999999999,6.08,3.0
2024-11-12 18:00:00+00:00,8.22,5.66,1.0
2024-11-12 19:00:00+00:00,7.76,5.2,2.0
2024-11-12 20:00:00+00:00,7.279999999999999,4.64,1.0
2024-11-12 21:00:00+00:00,6.7,3.9,1.0
2024-11-12 22:00:00+00:00,6.24,3.4799999999999995,1.0
2024-11-12 23:00:00+00:00,6.0,3.18,1.0
2024-11-13 00:00:00+00:00,6.88,4.0200000000000005,2.0
2024-11-13 01:00:00+00:00,6.460000000000001,3.4799999999999995,2.0
2024-11-13 02:00:00+00:00,6.16,3.2,2.0
2024-11-13 03:00:00+00:00,6.04,3.1,2.0
2024-11-13 04:00:00+00:00,5.720000000000001,2.7,2.0
2024-11-13 05:00:00+00:00,5.5,2.4,2.0
2024-11-13 06:00:00+00:00,5.12,2.1,2.0
2024-11-13 07:00:00+00:00,5.08,1.98,2.0
2024-11-13 08:00:00+00:00,5.5200000000000005,2.2800000000000002,2.0
2024-11-13 09:00:00+00:00,6.779999999999999,3.4,2.0
2024-11-13 10:00:00+00:00,7.9,4.54,2.0
2024-11-13 11:00:00+00:00,8.76,5.46,2.0
2024-11-13 12:00:00+00:00,9.940000000000001,6.640000000000001,2.0
2024-11-13 13:00:00+00:00,10.46,7.12,2.0
2024-11-13 14:00:00+00:00,10.58,7.2,2.0
2024-11-13 15:00:00+00:00,10.18,6.779999999999999,2.0
2024-11-13 16:00:00+00:00,9.379999999999999,6.0600000000000005,2.0
2024-11-13 17:00:00+00:00,8.34,5.36,3.0
2024-11-13 18:00:00+00:00,8.0,5.12,2.0
2024-11-13 19:00:00+00:00,7.3,4.42,2.0
2024-11-13 20:00:00+00:00,6.74,3.8600000000000003,1.0
2024-11-13 21:00:00+00:00,6.26,3.34,2.0
2024-11-13 22:00:00+00:00,5.7,2.84,1.0
2024-11-13 23:00:00+00:00,5.36,2.48,45.0
2024-11-14 00:00:00+00:00,4.720000000000001,1.6199999999999999,45.0
2024-11-14 01:00:00+00:00,4.54,1.44,2.0
2024-11-14 02:00:00+00:00,4.36,1.24,2.0
2024-11-14 03:00:00+00:00,4.18,1.04,45.0
2024-11-14 04:00:00+00:00,4.0600000000000005,0.8400000000000001,45.0
2024-11-14 05:00:00+00:00,3.94,0.5599999999999999,2.0
2024-11-14 06:00:00+00:00,3.9,0.7,45.0
2024-11-14 07:00:00+00:00,3.9,0.74,0.0
2024-11-14 08:00:00+00:00,4.4799999999999995,1.52,0.0
2024-11-14 09:00:00+00:00,6.24,3.22,0.0
2024-11-14 10:00:00+00:00,7.88,4.9,0.0
2024-11-14 11:00:00+00:00,9.459999999999999,6.480000000000001,3.0
2024-11-14 12:00:00+00:00,11.28,8.52,1.0
2024-11-14 13:00:00+00:00,12.14,9.42,1.0
2024-11-14 14:00:00+00:00,12.459999999999999,9.68,1.0
2024-11-14 15:00:00+00:00,12.26,9.5,1.0
2024-11-14 16:00:00+00:00,11.28,8.76,1.0
2024-11-14 17:00:00+00:00,9.959999999999999,7.619999999999999,3.0
2024-11-14 18:00:00+00:00,9.059999999999999,6.7,3.0
2024-11-14 19:00:00+00:00,8.36,5.9399999999999995,3.0
2024-11-14 20:00:00+00:00,7.9799999999999995,5.4799999999999995,3.0
2024-11-14 21:00:00+00:00,7.5600000000000005,5.08,3.0
2024-11-14 22:00:00+00:00,7.140000000000001,4.66,1.0
2024-11-14 23:00:00+00:00,6.74,4.24,2.0
2024-11-15 00:00:00+00:00,6.4799999999999995,4.14,2.0
2024-11-15 01:00:00+00:00,6.28,3.9200000000000004,2.0
2024-11-15 02:00:00+00:00,6.1,3.7,2.0
2024-11-15 03:00:00+00:00,5.86,3.44,1.0
2024-11-15 04:00:00+00:00,5.619999999999999,3.1,45.0
2024-11-15 05:00:00+00:00,5.4,2.9,45.0
2024-11-15 06:00:00+00:00,5.12,2.2600000000000002,2.0
2024-11-15 07:00:00+00:00,5.08,2.3,2.0
2024-11-15 08:00:00+00:00,5.779999999999999,3.1399999999999997,1.0
2024-11-15 09:00:00+00:00,7.88,5.36,0.0
2024-11-15 10:00:00+00:00,9.879999999999999,7.38,0.0
2024-11-15 11:00:00+00:00,11.379999999999999,9.120000000000001,0.0
2024-11-15 12:00:00+00:00,12.66,10.72,0.0
2024-11-15 13:00:00+00:00,13.4,11.620000000000001,0.0
2024-11-15 14:00:00+00:00,13.74,12.1,1.0
2024-11-15 15:00:00+00:00,13.5,11.98,0.0
2024-11-15 16:00:00+00:00,12.32,11.040000000000001,0.0
2024-11-15 17:00:00+00:00,10.540000000000001,9.14,0.0
2024-11-15 18:00:00+00:00,9.26,7.720000000000001,1.0
2024-11-15 19:00:00+00:00,8.18,6.5,0.0
2024-11-15 20:00:00+00:00,7.38,5.5200000000000005,1.0
2024-11-15 21:00:00+00:00,6.76,4.8,1.0
2024-11-15 22:00:00+00:00,6.28,4.24,45.0
2024-11-15 23:00:00+00:00,5.840000000000001,3.72,45.0
2024-11-16 00:00:00+00:00,5.68,3.46,1.0
2024-11-16 01:00:00+00:00,5.42,3.22,1.0
2024-11-16 02:00:00+00:00,5.4,3.16,1.0
2024-11-16 03:00:00+00:00,5.279999999999999,3.04,1.0
2024-11-16 04:00:00+00:00,5.2,3.0,1.0
2024-11-16 05:00:00+00:00,5.18,2.92,0.0
2024-11-16 06:00:00+00:00,4.58,2.2800000000000002,1.0
2024-11-16 07:00:00+00:00,4.5600000000000005,2.2399999999999998,0.0
2024-11-16 08:00:00+00:00,5.26,3.1,0.0
2024-11-16 09:00:00+00:00,7.9,6.1,0.0
2024-11-16 10:00:00+00:00,11.120000000000001,9.9,0.0
2024-11-16 11:00:00+00:00,13.26,12.180000000000001,0.0
2024-11-16 12:00:00+00:00,15.040000000000001,14.1,0.0
2024-11-16 13:00:00+00:00,15.9,15.02,0.0
2024-11-16 14:00:00+00:00,16.16,15.34,0.0
2024-11-16 15:00:00+00:00,15.86,15.38,0.0
2024-11-16 16:00:00+00:00,14.919999999999998,14.62,0.0
2024-11-16 17:00:00+00:00,13.260000000000002,12.76,0.0
2024-11-16 18:00:00+00:00,11.74,11.0,0.0
2024-11-16 19:00:00+00:00,10.58,9.7,2.0
2024-11-16 20:00:00+00:00,9.76,8.68,2.0
2024-11-16 21:00:00+00:00,9.08,7.840000000000001,1.0
2024-11-16 22:00:00+00:00,8.559999999999999,7.18,1.0
2024-11-16 23:00:00+00:00,8.02,6.58,0.0
2024-11-17 00:00:00+00:00,7.459999999999999,5.9,2.0
2024-11-17 01:00:00+00:00,7.2,5.62,0.0
2024-11-17 02:00:00+00:00,7.140000000000001,5.5600000000000005,2.0
2024-11-17 03:00:00+00:00,7.18,5.4799999999999995,1.0
2024-11-17 04:00:00+00:00,7.24,5.5600000000000005,1.0
2024-11-17 05:00:00+00:00,7.56,6.02,1.0
2024-11-17 06:00:00+00:00,7.840000000000001,6.4,3.0
2024-11-17 07:00:00+00:00,8.0,6.58,3.0
2024-11-17 08:00:00+00:00,8.42,7.040000000000001,3.0
2024-11-17 09:00:00+00:00,9.9,8.84,3.0
2024-11-17 10:00:00+00:00,11.559999999999999,10.68,3.0
2024-11-17 11:00:00+00:00,12.620000000000001,11.72,3.0
2024-11-17 12:00:00+00:00,13.2,12.22,2.0
2024-11-17 13:00:00+00:00,13.52,12.22,3.0
2024-11-17 14:00:00+00:00,13.4,12.02,3.0
2024-11-17 15:00:00+00:00,13.040000000000001,11.780000000000001,3.0
2024-11-17 16:00:00+00:00,12.3,11.4,3.0
2024-11-17 17:00:00+00:00,11.26,10.559999999999999,3.0
2024-11-17 18:00:00+00:00,10.459999999999999,9.5,3.0
2024-11-17 19:00:00+00:00,10.02,9.14,3.0
2024-11-17 20:00:00+00:00,9.82,8.98,3.0
2024-11-17 21:00:00+00:00,9.719999999999999,9.0,3.0
2024-11-17 22:00:00+00:00,9.68,8.879999999999999,3.0
2024-11-17 23:00:00+00:00,9.5,8.620000000000001,2.0
2024-11-18 00:00:00+00:00,9.14,8.18,3.0
2024-11-18 01:00:00+00:00,9.1,8.1,3.0
2024-11-18 02:00:00+00:00,8.98,7.959999999999999,3.0
2024-11-18 03:00:00+00:00,8.780000000000001,7.720000000000001,45.0
2024-11-18 04:00:00+00:00,8.559999999999999,7.460000000000001,45.0
2024-11-18 05:00:00+00:00,8.34,7.2,45.0
2024-11-18 06:00:00+00:00,6.959999999999999,5.58,45.0
2024-11-18 07:00:00+00:00,6.640000000000001,5.24,45.0
2024-11-18 08:00:00+00:00,6.76,5.32,45.0
2024-11-18 09:00:00+00:00,7.9799999999999995,6.76,3.0
2024-11-18 10:00:00+00:00,9.559999999999999,8.5,3.0
2024-11-18 11:00:00+00:00,11.02,9.96,3.0
2024-11-18 12:00:00+00:00,12.540000000000001,11.52,3.0
2024-11-18 13:00:00+00:00,13.1,11.98,3.0
2024-11-18 14:00:00+00:00,13.2,12.120000000000001,3.0
2024-11-18 15:00:00+00:00,13.1,12.059999999999999,3.0
2024-11-18 16:00:00+00:00,12.48,11.68,3.0
2024-11-18 17:00:00+00:00,11.26,10.42,3.0
2024-11-18 18:00:00+00:00,10.36,9.34,3.0
2024-11-18 19:00:00+00:00,9.64,8.52,3.0
2024-11-18 20:00:00+00:00,9.0,7.74,3.0
2024-11-18 21:00:00+00:00,8.64,7.18,3.0
2024-11-18 22:00:00+00:00,8.5,6.840000000000001,3.0
2024-11-18 23:00:00+00:00,8.559999999999999,6.76,3.0
2024-11-19 00:00:00+00:00,8.98,6.82,3.0
2024-11-19 01:00:00+00:00,9.64,7.38,3.0
2024-11-19 02:00:00+00:00,10.3,7.840000000000001,3.0
2024-11-19 03:00:00+00:00,10.639999999999999,8.14,3.0
2024-11-19 04:00:00+00:00,10.9,8.34,3.0
2024-11-19 05:00:00+00:00,11.42,8.68,3.0
2024-11-19 06:00:00+00:00,11.24,8.6,3.0
2024-11-19 07:00:00+00:00,11.42,8.620000000000001,3.0
2024-11-19 08:00:00+00:00,12.0,9.120000000000001,3.0
2024-11-19 09:00:00+00:00,12.76,9.72,61.0
2024-11-19 10:00:00+00:00,13.319999999999999,10.02,3.0
2024-11-19 11:00:00+00:00,13.86,10.28,3.0
2024-11-19 12:00:00+00:00,14.180000000000001,10.98,2.0
2024-11-19 13:00:00+00:00,14.4,11.16,2.0
2024-11-19 14:00:00+00:00,14.4,11.059999999999999,2.0
2024-11-19 15:00:00+00:00,13.959999999999999,10.92,61.0
2024-11-19 16:00:00+00:00,13.64,10.72,2.0
2024-11-19 17:00:00+00:00,13.3,10.32,61.0
2024-11-19 18:00:00+00:00,12.86,9.940000000000001,61.0
2024-11-19 19:00:00+00:00,12.440000000000001,9.76,61.0
2024-11-19 20:00:00+00:00,12.24,9.72,61.0
2024-11-19 21:00:00+00:00,12.08,9.620000000000001,61.0
2024-11-19 22:00:00+00:00,11.92,9.2,61.0
2024-11-19 23:00:00+00:00,11.540000000000001,8.68,61.0
2024-11-20 00:00:00+00:00,12.24,9.6,61.0
2024-11-20 01:00:00+00:00,11.98,9.540000000000001,61.0
2024-11-20 02:00:00+00:00,11.84,9.459999999999999,61.0
2024-11-20 03:00:00+00:00,11.7,9.440000000000001,61.0
2024-11-20 04:00:00+00:00,11.540000000000001,9.24,61.0
2024-11-20 05:00:00+00:00,11.440000000000001,9.0,3.0
2024-11-20 06:00:00+00:00,11.0,8.64,3.0
2024-11-20 07:00:00+00:00,11.0,8.48,3.0
2024-11-20 08:00:00+00:00,11.0,8.540000000000001,3.0
2024-11-20 09:00:00+00:00,11.120000000000001,8.64,3.0
2024-11-20 10:00:00+00:00,11.379999999999999,8.78,3.0
2024-11-20 11:00:00+00:00,11.559999999999999,8.9,3.0
2024-11-20 12:00:00+00:00,11.58,9.0,3.0
2024-11-20 13:00:00+00:00,11.58,9.08,3.0
2024-11-20 14:00:00+00:00,11.5,9.14,3.0
2024-11-20 15:00:00+00:00,11.34,9.28,3.0
2024-11-20 16:00:00+00:00,11.059999999999999,9.26,61.0
2024-11-20 17:00:00+00:00,10.92,9.059999999999999,61.0
2024-11-20 18:00:00+00:00,9.959999999999999,7.9,61.0
2024-11-20 19:00:00+00:00,9.860000000000001,8.2,61.0
2024-11-20 20:00:00+00:00,9.72,8.059999999999999,61.0
2024-11-20 21:00:00+00:00,9.5,7.94,61.0
2024-11-20 22:00:00+00:00,9.36,7.859999999999999,61.0
2024-11-20 23:00:00+00:00,9.36,7.959999999999999,3.0
2024-11-21 00:00:00+00:00,8.98,7.18,61.0
2024-11-21 01:00:00+00:00,9.08,7.0,61.0
2024-11-21 02:00:00+00:00,9.24,6.62,61.0
2024-11-21 03:00:00+00:00,9.1,6.2,61.0
2024-11-21 04:00:00+00:00,9.059999999999999,6.06,61.0
2024-11-21 05:00:00+00:00,9.08,5.82,61.0
2024-11-21 06:00:00+00:00,8.58,5.74,61.0
2024-11-21 07:00:00+00:00,8.559999999999999,5.62,61.0
2024-11-21 08:00:00+00:00,8.940000000000001,5.68,61.0
2024-11-21 09:00:00+00:00,9.26,5.62,61.0
2024-11-21 10:00:00+00:00,9.440000000000001,5.8,61.0
2024-11-21 11:00:00+00:00,10.3,6.7,61.0
2024-11-21 12:00:00+00:00,11.419999999999998,7.4799999999999995,3.0
2024-11-21 13:00:00+00:00,11.74,7.640000000000001,3.0
2024-11-21 14:00:00+00:00,11.74,7.8,3.0
2024-11-21 15:00:00+00:00,11.52,7.2,3.0
2024-11-21 16:00:00+00:00,10.7,6.279999999999999,61.0
2024-11-21 17:00:00+00:00,10.14,6.220000000000001,3.0
2024-11-21 18:00:00+00:00,10.059999999999999,6.2,3.0
2024-11-21 19:00:00+00:00,9.1,5.340000000000001,2.0
2024-11-21 20:00:00+00:00,8.059999999999999,4.220000000000001,2.0
2024-11-21 21:00:00+00:00,7.220000000000001,3.2599999999999993,3.0
2024-11-21 22:00:00+00:00,6.76,2.98,3.0
2024-11-21 23:00:00+00:00,6.220000000000001,2.7399999999999998,3.0
2024-11-22 00:00:00+00:00,5.56,2.34,2.0
2024-11-22 01:00:00+00:00,5.34,2.3600000000000003,2.0
2024-11-22 02:00:00+00:00,5.2,2.3600000000000003,1.0
2024-11-22 03:00:00+00:00,4.9,2.4,0.0
2024-11-22 04:00:00+00:00,4.64,2.2600000000000002,2.0
2024-11-22 05:00:00+00:00,4.359999999999999,2.06,1.0
2024-11-22 06:00:00+00:00,4.14,1.5799999999999998,0.0
2024-11-22 07:00:00+00:00,4.16,1.42,0.0
2024-11-22 08:00:00+00:00,4.32,1.42,0.0
2024-11-22 09:00:00+00:00,5.06,2.1,0.0
2024-11-22 10:00:00+00:00,6.220000000000001,2.96,80.0
2024-11-22 11:00:00+00:00,7.1,3.7600000000000002,2.0
2024-11-22 12:00:00+00:00,8.7,5.76,2.0
2024-11-22 13:00:00+00:00,9.18,6.24,2.0
2024-11-22 14:00:00+00:00,9.42,6.5,2.0
2024-11-22 15:00:00+00:00,9.28,6.58,1.0
2024-11-22 16:00:00+00:00,8.56,6.26,0.0
2024-11-22 17:00:00+00:00,7.44,5.340000000000001,2.0
2024-11-22 18:00:00+00:00,6.9,5.04,0.0
2024-11-22 19:00:00+00:00,6.42,4.4799999999999995,1.0
2024-11-22 20:00:00+00:00,6.04,4.04,1.0
2024-11-22 21:00:00+00:00,5.66,3.5199999999999996,1.0
2024-11-22 22:00:00+00:00,5.38,3.12,1.0
2024-11-22 23:00:00+00:00,5.18,2.7399999999999998,2.0
2024-11-23 00:00:00+00:00,4.04,1.32,2.0
2024-11-23 01:00:00+00:00,4.08,1.28,2.0
2024-11-23 02:00:00+00:00,3.9,0.9400000000000001,2.0
2024-11-23 03:00:00+00:00,3.8,0.64,1.0
2024-11-23 04:00:00+00:00,3.7600000000000002,0.43999999999999995,1.0
2024-11-23 05:00:00+00:00,3.78,0.36000000000000004,2.0
2024-11-23 06:00:00+00:00,3.18,-0.6399999999999999,3.0
2024-11-23 07:00:00+00:00,3.38,-0.4800000000000001,3.0
2024-11-23 08:00:00+00:00,4.14,0.21999999999999992,3.0
2024-11-23 09:00:00+00:00,6.04,2.12,3.0
2024-11-23 10:00:00+00:00,8.3,4.58,2.0
2024-11-23 11:00:00+00:00,9.92,6.24,1.0
2024-11-23 12:00:00+00:00,11.1,7.32,3.0
2024-11-23 13:00:00+00:00,11.9,8.26,2.0
2024-11-23 14:00:00+00:00,12.3,8.9,2.0
2024-11-23 15:00:00+00:00,12.16,9.14,3.0
2024-11-23 16:00:00+00:00,11.4,8.459999999999999,3.0
2024-11-23 17:00:00+00:00,10.620000000000001,7.659999999999999,3.0
2024-11-23 18:00:00+00:00,10.620000000000001,7.659999999999999,3.0
2024-11-23 19:00:00+00:00,10.52,7.38,3.0
2024-11-23 20:00:00+00:00,10.440000000000001,7.18,3.0
2024-11-23 21:00:00+00:00,10.4,7.1,3.0
2024-11-23 22:00:00+00:00,10.36,6.9799999999999995,3.0
2024-11-23 23:00:00+00:00,10.36,6.94,2.0
2024-11-24 00:00:00+00:00,11.22,7.88,3.0
2024-11-24 01:00:00+00:00,11.4,8.059999999999999,3.0
2024-11-24 02:00:00+00:00,11.52,8.2,3.0
2024-11-24 03:00:00+00:00,11.48,8.16,3.0
2024-11-24 04:00:00+00:00,11.52,8.120000000000001,1.0
2024-11-24 05:00:00+00:00,11.440000000000001,8.059999999999999,2.0
2024-11-24 06:00:00+00:00,11.059999999999999,7.5200000000000005,2.0
2024-11-24 07:00:00+00:00,10.98,7.38,2.0
2024-11-24 08:00:00+00:00,11.14,7.5,2.0
2024-11-24 09:00:00+00:00,12.42,8.98,1.0
2024-11-24 10:00:00+00:00,14.5,11.32,0.0
2024-11-24 11:00:00+00:00,16.56,13.459999999999999,1.0
2024-11-24 12:00:00+00:00,17.66,15.02,3.0
2024-11-24 13:00:00+00:00,18.18,15.680000000000001,3.0
2024-11-24 14:00:00+00:00,18.2,15.8,3.0
2024-11-24 15:00:00+00:00,17.9,15.2,3.0
2024-11-24 16:00:00+00:00,17.119999999999997,14.02,3.0
2024-11-24 17:00:00+00:00,16.240000000000002,12.7,3.0
2024-11-24 18:00:00+00:00,15.86,11.940000000000001,2.0
2024-11-24 19:00:00+00:00,15.76,12.0,3.0
2024-11-24 20:00:00+00:00,15.559999999999999,11.9,3.0
2024-11-24 21:00:00+00:00,15.24,11.68,3.0
2024-11-24 22:00:00+00:00,15.280000000000001,11.719999999999999,3.0
2024-11-24 23:00:00+00:00,15.420000000000002,11.84,3.0
2024-11-25 00:00:00+00:00,15.819999999999999,12.379999999999999,3.0
2024-11-25 01:00:00+00:00,15.719999999999999,12.4,3.0
2024-11-25 02:00:00+00:00,15.440000000000001,12.180000000000001,3.0
2024-11-25 03:00:00+00:00,15.280000000000001,12.040000000000001,3.0
2024-11-25 04:00:00+00:00,15.319999999999999,12.08,3.0
2024-11-25 05:00:00+00:00,15.36,12.36,3.0
2024-11-25 06:00:00+00:00,15.16,12.040000000000001,3.0
2024-11-25 07:00:00+00:00,15.0,12.120000000000001,61.0
2024-11-25 08:00:00+00:00,14.559999999999999,12.28,61.0
2024-11-25 09:00:00+00:00,13.64,11.559999999999999,61.0
2024-11-25 10:00:00+00:00,13.02,11.4,61.0
2024-11-25 11:00:00+00:00,12.940000000000001,11.34,63.0
2024-11-25 12:00:00+00:00,12.819999999999999,10.739999999999998,3.0
2024-11-25 13:00:00+00:00,12.559999999999999,10.48,61.0
2024-11-25 14:00:00+00:00,12.22,10.16,61.0
2024-11-25 15:00:00+00:00,11.92,10.08,61.0
2024-11-25 16:00:00+00:00,11.6,9.9,3.0
2024-11-25 17:00:00+00:00,11.16,9.8,2.0
2024-11-25 18:00:00+00:00,11.059999999999999,9.64,2.0
2024-11-25 19:00:00+00:00,10.7,9.34,2.0
2024-11-25 20:00:00+00:00,10.34,8.92,2.0
2024-11-25 21:00:00+00:00,9.74,8.28,2.0
2024-11-25 22:00:00+00:00,9.04,7.540000000000001,2.0
2024-11-25 23:00:00+00:00,8.559999999999999,6.94,2.0
2024-11-26 00:00:00+00:00,8.72,7.1,3.0
2024-11-26 01:00:00+00:00,8.64,6.959999999999999,3.0
2024-11-26 02:00:00+00:00,8.4,6.62,3.0
2024-11-26 03:00:00+00:00,8.14,6.340000000000001,3.0
2024-11-26 04:00:00+00:00,8.16,6.24,3.0
2024-11-26 05:00:00+00:00,8.34,6.36,3.0
2024-11-26 06:00:00+00:00,8.540000000000001,6.5200000000000005,3.0
2024-11-26 07:00:00+00:00,8.68,6.76,3.0
2024-11-26 08:00:00+00:00,8.84,6.9799999999999995,3.0
2024-11-26 09:00:00+00:00,9.74,7.840000000000001,3.0
2024-11-26 10:00:00+00:00,11.2,9.580000000000002,3.0
2024-11-26 11:00:00+00:00,12.08,10.42,3.0
2024-11-26 12:00:00+00:00,13.24,11.52,3.0
2024-11-26 13:00:00+00:00,13.440000000000001,11.82,3.0
2024-11-26 14:00:00+00:00,13.38,11.8,3.0
2024-11-26 15:00:00+00:00,13.080000000000002,11.74,3.0
2024-11-26 16:00:00+00:00,12.28,11.24,3.0
2024-11-26 17:00:00+00:00,11.42,10.3,3.0
2024-11-26 18:00:00+00:00,10.760000000000002,9.52,3.0
2024-11-26 19:00:00+00:00,10.36,9.139999999999999,3.0
2024-11-26 20:00:00+00:00,10.1,8.78,3.0
2024-11-26 21:00:00+00:00,9.76,8.440000000000001,3.0
2024-11-26 22:00:00+00:00,9.440000000000001,7.94,3.0
2024-11-26 23:00:00+00:00,9.0,7.459999999999999,3.0
2024-11-27 00:00:00+00:00,9.14,7.4799999999999995,3.0
2024-11-27 01:00:00+00:00,8.74,6.94,2.0
2024-11-27 02:00:00+00:00,8.42,6.4799999999999995,2.0
2024-11-27 03:00:00+00:00,8.0,5.88,2.0
2024-11-27 04:00:00+00:00,7.720000000000001,5.5,2.0
2024-11-27 05:00:00+00:00,7.540000000000001,5.2,2.0
2024-11-27 06:00:00+00:00,7.459999999999999,5.16,2.0
2024-11-27 07:00:00+00:00,7.720000000000001,5.38,2.0
2024-11-27 08:00:00+00:00,8.24,5.9,3.0
2024-11-27 09:00:00+00:00,9.879999999999999,7.56,1.0
2024-11-27 10:00:00+00:00,12.18,10.08,2.0
2024-11-27 11:00:00+00:00,13.719999999999999,11.64,0.0
2024-11-27 12:00:00+00:00,14.62,12.9,3.0
2024-11-27 13:00:00+00:00,15.14,13.5,3.0
2024-11-27 14:00:00+00:00,15.3,13.7,3.0
2024-11-27 15:00:00+00:00,15.040000000000001,13.580000000000002,3.0
2024-11-27 16:00:00+00:00,14.180000000000001,12.88,3.0
2024-11-27 17:00:00+00:00,13.2,11.9,3.0
2024-11-27 18:00:00+00:00,12.66,11.28,3.0
2024-11-27 19:00:00+00:00,12.040000000000001,10.66,3.0
2024-11-27 20:00:00+00:00,11.559999999999999,10.26,3.0
2024-11-27 21:00:00+00:00,11.34,10.0,3.0
2024-11-27 22:00:00+00:00,11.14,9.86,3.0
2024-11-27 23:00:00+00:00,10.879999999999999,9.559999999999999,2.0
2024-11-28 00:00:00+00:00,9.72,8.16,0.0
2024-11-28 01:00:00+00:00,9.5,7.94,0.0
2024-11-28 02:00:00+00:00,9.379999999999999,7.82,0.0
2024-11-28 03:00:00+00:00,9.22,7.640000000000001,0.0
2024-11-28 04:00:00+00:00,9.02,7.5,0.0
2024-11-28 05:00:00+00:00,8.86,7.32,0.0
2024-11-28 06:00:00+00:00,8.52,6.9,0.0
2024-11-28 07:00:00+00:00,8.379999999999999,6.840000000000001,0.0
2024-11-28 08:00:00+00:00,8.52,6.9799999999999995,0.0
2024-11-28 09:00:00+00:00,10.08,8.9,0.0
2024-11-28 10:00:00+00:00,12.64,11.959999999999999,0.0
2024-11-28 11:00:00+00:00,14.52,13.76,0.0
2024-11-28 12:00:00+00:00,15.3,14.6,0.0
2024-11-28 13:00:00+00:00,15.8,15.34,0.0
2024-11-28 14:00:00+00:00,15.86,15.4,0.0
2024-11-28 15:00:00+00:00,15.52,15.26,0.0
2024-11-28 16:00:00+00:00,14.440000000000001,14.180000000000001,0.0
2024-11-28 17:00:00+00:00,12.98,12.459999999999999,0.0
2024-11-28 18:00:00+00:00,11.42,10.52,0.0
2024-11-28 19:00:00+00:00,10.559999999999999,9.52,0.0
2024-11-28 20:00:00+00:00,10.0,8.74,0.0
2024-11-28 21:00:00+00:00,9.5,8.06,0.0
2024-11-28 22:00:00+00:00,9.08,7.44,0.0
2024-11-28 23:00:00+00:00,8.7,7.0200000000000005,0.0
2024-11-29 00:00:00+00:00,8.36,6.6,0.0
2024-11-29 01:00:00+00:00,8.040000000000001,6.220000000000001,0.0
2024-11-29 02:00:00+00:00,7.76,5.859999999999999,0.0
2024-11-29 03:00:00+00:00,7.459999999999999,5.46,0.0
2024-11-29 04:00:00+00:00,7.279999999999999,5.220000000000001,0.0
2024-11-29 05:00:00+00:00,7.0,4.88,0.0
2024-11-29 06:00:00+00:00,6.24,3.9200000000000004,0.0
2024-11-29 07:00:00+00:00,6.08,3.7399999999999998,0.0
2024-11-29 08:00:00+00:00,6.38,4.04,0.0
2024-11-29 09:00:00+00:00,8.6,6.659999999999999,0.0
2024-11-29 10:00:00+00:00,12.0,10.64,0.0
2024-11-29 11:00:00+00:00,14.86,13.959999999999999,0.0
2024-11-29 12:00:00+00:00,16.44,15.780000000000001,0.0
2024-11-29 13:00:00+00:00,17.52,17.18,0.0
2024-11-29 14:00:00+00:00,17.98,17.880000000000003,0.0
2024-11-29 15:00:00+00:00,17.580000000000002,17.98,0.0
2024-11-29 16:00:00+00:00,16.14,16.380000000000003,0.0
2024-11-29 17:00:00+00:00,14.34,14.16,0.0
2024-11-29 18:00:00+00:00,13.02,12.58,0.0
2024-11-29 19:00:00+00:00,12.120000000000001,11.440000000000001,0.0
2024-11-29 20:00:00+00:00,10.879999999999999,10.080000000000002,0.0
2024-11-29 21:00:00+00:00,10.22,9.3,1.0
2024-11-29 22:00:00+00:00,9.8,8.879999999999999,1.0
2024-11-29 23:00:00+00:00,9.319999999999999,8.28,1.0
2024-11-30 00:00:00+00:00,9.16,8.1,2.0
2024-11-30 01:00:00+00:00,8.86,7.859999999999999,2.0
2024-11-30 02:00:00+00:00,8.66,7.720000000000001,2.0
2024-11-30 03:00:00+00:00,8.3,7.3,2.0
2024-11-30 04:00:00+00:00,7.959999999999999,6.9,45.0
2024-11-30 05:00:00+00:00,7.56,6.32,45.0
2024-11-30 06:00:00+00:00,7.42,6.0600000000000005,45.0
2024-11-30 07:00:00+00:00,7.44,6.04,45.0
2024-11-30 08:00:00+00:00,7.68,6.34,45.0
2024-11-30 09:00:00+00:00,9.440000000000001,8.4,45.0
2024-11-30 10:00:00+00:00,12.2,11.84,0.0
2024-11-30 11:00:00+00:00,14.559999999999999,14.239999999999998,1.0
2024-11-30 12:00:00+00:00,15.540000000000001,15.219999999999999,1.0
2024-11-30 13:00:00+00:00,16.4,16.119999999999997,1.0
2024-11-30 14:00:00+00:00,16.619999999999997,16.36,1.0
2024-11-30 15:00:00+00:00,16.16,15.9,1.0
2024-11-30 16:00:00+00:00,14.780000000000001,14.7,2.0
2024-11-30 17:00:00+00:00,12.959999999999999,12.620000000000001,2.0
2024-11-30 18:00:00+00:00,11.52,10.66,2.0
2024-11-30 19:00:00+00:00,10.559999999999999,9.64,1.0
2024-11-30 20:00:00+00:00,9.940000000000001,8.82,0.0
2024-11-30 21:00:00+00:00,9.42,8.08,2.0
2024-11-30 22:00:00+00:00,9.120000000000001,7.540000000000001,1.0
2024-11-30 23:00:00+00:00,8.940000000000001,7.339999999999999,1.0
2024-12-01 00:00:00+00:00,8.86,7.26,3.0
2024-12-01 01:00:00+00:00,8.76,7.140000000000001,3.0
2024-12-01 02:00:00+00:00,8.7,7.039999999999999,2.0
2024-12-01 03:00:00+00:00,9.0,7.340000000000001,3.0
2024-12-01 04:00:00+00:00,9.24,7.58,3.0
2024-12-01 05:00:00+00:00,9.24,7.56,2.0
2024-12-01 06:00:00+00:00,9.48,7.859999999999999,3.0
2024-12-01 07:00:00+00:00,9.5,7.82,3.0
2024-12-01 08:00:00+00:00,9.8,8.22,3.0
2024-12-01 09:00:00+00:00,11.36,9.98,3.0
2024-12-01 10:00:00+00:00,13.540000000000001,12.540000000000001,3.0
2024-12-01 11:00:00+00:00,15.86,15.0,3.0
2024-12-01 12:00:00+00:00,17.16,16.48,3.0
2024-12-01 13:00:00+00:00,17.9,17.5,3.0
2024-12-01 14:00:00+00:00,18.18,17.939999999999998,3.0
2024-12-01 15:00:00+00:00,17.72,17.7,3.0
2024-12-01 16:00:00+00:00,16.3,16.28,3.0
2024-12-01 17:00:00+00:00,14.48,14.24,3.0
2024-12-01 18:00:00+00:00,13.0,11.959999999999999,3.0
2024-12-01 19:00:00+00:00,12.24,11.0,2.0
2024-12-01 20:00:00+00:00,11.78,10.379999999999999,3.0
2024-12-01 21:00:00+00:00,11.360000000000001,9.84,2.0
2024-12-01 22:00:00+00:00,11.26,9.84,2.0
2024-12-01 23:00:00+00:00,11.14,9.8,2.0
2024-12-02 00:00:00+00:00,10.74,9.74,2.0
2024-12-02 01:00:00+00:00,10.64,9.620000000000001,3.0
2024-12-02 02:00:00+00:00,10.559999999999999,9.5,2.0
2024-12-02 03:00:00+00:00,10.48,9.5,2.0
2024-12-02 04:00:00+00:00,10.4,9.379999999999999,2.0
2024-12-02 05:00:00+00:00,10.440000000000001,9.4,3.0
2024-12-02 06:00:00+00:00,10.440000000000001,9.379999999999999,3.0
2024-12-02 07:00:00+00:00,10.559999999999999,9.52,3.0
2024-12-02 08:00:00+00:00,10.6,9.64,3.0
2024-12-02 09:00:00+00:00,11.36,10.7,3.0
2024-12-02 10:00:00+00:00,12.72,12.24,3.0
2024-12-02 11:00:00+00:00,13.6,12.66,2.0
2024-12-02 12:00:00+00:00,12.959999999999999,11.540000000000001,61.0
2024-12-02 13:00:00+00:00,13.0,11.26,61.0
2024-12-02 14:00:00+00:00,12.819999999999999,10.8,3.0
2024-12-02 15:00:00+00:00,12.42,10.5,2.0
2024-12-02 16:00:00+00:00,11.82,10.059999999999999,2.0
2024-12-02 17:00:00+00:00,11.14,9.379999999999999,2.0
2024-12-02 18:00:00+00:00,10.7,9.02,1.0
2024-12-02 19:00:00+00:00,10.2,8.72,2.0
2024-12-02 20:00:00+00:00,10.02,8.540000000000001,2.0
2024-12-02 21:00:00+00:00,9.86,8.34,2.0
2024-12-02 22:00:00+00:00,9.459999999999999,7.960000000000001,2.0
2024-12-02 23:00:00+00:00,8.940000000000001,7.42,2.0
2024-12-03 00:00:00+00:00,8.32,6.74,2.0
2024-12-03 01:00:00+00:00,7.8,6.26,2.0
2024-12-03 02:00:00+00:00,7.3,5.859999999999999,2.0
2024-12-03 03:00:00+00:00,6.959999999999999,5.5,45.0
2024-12-03 04:00:00+00:00,6.68,5.16,45.0
2024-12-03 05:00:00+00:00,6.32,4.7,45.0
2024-12-03 06:00:00+00:00,6.68,5.220000000000001,45.0
2024-12-03 07:00:00+00:00,6.5200000000000005,5.06,45.0
2024-12-03 08:00:00+00:00,6.56,5.08,45.0
2024-12-03 09:00:00+00:00,7.3,6.0200000000000005,45.0
2024-12-03 10:00:00+00:00,8.7,7.4,3.0
2024-12-03 11:00:00+00:00,9.559999999999999,8.040000000000001,3.0
2024-12-03 12:00:00+00:00,10.74,9.26,2.0
2024-12-03 13:00:00+00:00,11.040000000000001,9.52,3.0
2024-12-03 14:00:00+00:00,10.98,9.16,3.0
2024-12-03 15:00:00+00:00,10.66,8.879999999999999,3.0
2024-12-03 16:00:00+00:00,10.02,8.58,3.0
2024-12-03 17:00:00+00:00,9.2,7.88,3.0
2024-12-03 18:00:00+00:00,8.42,7.12,3.0
2024-12-03 19:00:00+00:00,8.14,6.8,3.0
2024-12-03 20:00:00+00:00,7.959999999999999,6.6,3.0
2024-12-03 21:00:00+00:00,7.68,6.32,3.0
2024-12-03 22:00:00+00:00,7.4,6.04,3.0
2024-12-03 23:00:00+00:00,7.3,5.88,3.0
2024-12-04 00:00:00+00:00,6.38,4.94,45.0
2024-12-04 01:00:00+00:00,6.18,4.7,45.0
2024-12-04 02:00:00+00:00,6.14,4.54,45.0
2024-12-04 03:00:00+00:00,5.8,4.2,45.0
2024-12-04 04:00:00+00:00,5.6,3.8600000000000003,45.0
2024-12-04 05:00:00+00:00,5.279999999999999,3.46,45.0
2024-12-04 06:00:00+00:00,5.34,3.3,45.0
2024-12-04 07:00:00+00:00,4.959999999999999,2.7800000000000002,45.0
2024-12-04 08:00:00+00:00,4.720000000000001,2.46,45.0
2024-12-04 09:00:00+00:00,5.58,3.44,1.0
2024-12-04 10:00:00+00:00,7.44,5.36,0.0
2024-12-04 11:00:00+00:00,8.879999999999999,6.92,0.0
2024-12-04 12:00:00+00:00,11.18,9.76,3.0
2024-12-04 13:00:00+00:00,11.9,10.4,3.0
2024-12-04 14:00:00+00:00,12.18,10.4,3.0
2024-12-04 15:00:00+00:00,12.040000000000001,10.48,3.0
2024-12-04 16:00:00+00:00,11.440000000000001,10.0,3.0
2024-12-04 17:00:00+00:00,10.76,9.2,3.0
2024-12-04 18:00:00+00:00,7.94,6.5,2.0
2024-12-04 19:00:00+00:00,7.159999999999999,5.22,2.0
2024-12-04 20:00:00+00:00,6.6,4.62,3.0
2024-12-04 21:00:00+00:00,6.58,4.459999999999999,3.0
2024-12-04 22:00:00+00:00,6.5,4.38,3.0
2024-12-04 23:00:00+00:00,6.3,4.02,3.0
2024-12-05 00:00:00+00:00,6.32,3.9799999999999995,3.0
2024-12-05 01:00:00+00:00,6.32,4.0,3.0
2024-12-05 02:00:00+00:00,6.6,4.4399999999999995,3.0
2024-12-05 03:00:00+00:00,7.4,5.34,3.0
2024-12-05 04:00:00+00:00,8.2,6.220000000000001,3.0
2024-12-05 05:00:00+00:00,8.7,6.76,3.0
2024-12-05 06:00:00+00:00,5.64,2.8,3.0
2024-12-05 07:00:00+00:00,6.26,3.4799999999999995,3.0
2024-12-05 08:00:00+00:00,6.94,4.42,3.0
2024-12-05 09:00:00+00:00,7.9799999999999995,5.74,3.0
2024-12-05 10:00:00+00:00,9.059999999999999,7.06,61.0
2024-12-05 11:00:00+00:00,10.18,8.48,3.0
2024-12-05 12:00:00+00:00,10.58,8.040000000000001,3.0
2024-12-05 13:00:00+00:00,11.040000000000001,8.8,3.0
2024-12-05 14:00:00+00:00,11.319999999999999,9.440000000000001,3.0
2024-12-05 15:00:00+00:00,11.36,9.7,3.0
2024-12-05 16:00:00+00:00,11.48,9.860000000000001,3.0
2024-12-05 17:00:00+00:00,11.68,10.040000000000001,3.0
2024-12-05 18:00:00+00:00,11.719999999999999,10.120000000000001,3.0
2024-12-05 19:00:00+00:00,11.92,10.16,3.0
2024-12-05 20:00:00+00:00,12.18,10.36,3.0
2024-12-05 21:00:00+00:00,12.34,10.5,3.0
2024-12-05 22:00:00+00:00,12.459999999999999,10.32,61.0
2024-12-05 23:00:00+00:00,12.48,10.36,61.0
2024-12-06 00:00:00+00:00,13.040000000000001,11.5,61.0
2024-12-06 01:00:00+00:00,13.280000000000001,11.639999999999999,61.0
2024-12-06 02:00:00+00:00,13.5,11.76,61.0
2024-12-06 03:00:00+00:00,13.940000000000001,12.18,3.0
2024-12-06 04:00:00+00:00,14.34,12.52,3.0
2024-12-06 05:00:00+00:00,14.62,12.98,3.0
2024-12-06 06:00:00+00:00,15.02,13.280000000000001,3.0
2024-12-06 07:00:00+00:00,14.9,13.16,3.0
2024-12-06 08:00:00+00:00,14.780000000000001,13.280000000000001,3.0
2024-12-06 09:00:00+00:00,14.7,13.3,3.0
2024-12-06 10:00:00+00:00,14.8,13.580000000000002,3.0
2024-12-06 11:00:00+00:00,15.02,13.74,3.0
2024-12-06 12:00:00+00:00,13.580000000000002,12.52,3.0
2024-12-06 13:00:00+00:00,13.680000000000001,12.58,2.0
2024-12-06 14:00:00+00:00,13.680000000000001,12.540000000000001,3.0
2024-12-06 15:00:00+00:00,13.540000000000001,12.419999999999998,2.0
2024-12-06 16:00:00+00:00,13.1,12.24,3.0
2024-12-06 17:00:00+00:00,12.58,11.66,3.0
2024-12-06 18:00:00+00:00,13.0,11.919999999999998,3.0
2024-12-06 19:00:00+00:00,13.16,12.24,3.0
2024-12-06 20:00:00+00:00,13.559999999999999,12.6,3.0
2024-12-06 21:00:00+00:00,13.5,12.4,3.0
2024-12-06 22:00:00+00:00,13.3,12.0,3.0
2024-12-06 23:00:00+00:00,13.24,11.8,3.0
2024-12-07 00:00:00+00:00,13.38,11.92,3.0
2024-12-07 01:00:00+00:00,13.280000000000001,11.7,3.0
2024-12-07 02:00:00+00:00,13.319999999999999,11.58,3.0
2024-12-07 03:00:00+00:00,13.38,11.48,3.0
2024-12-07 04:00:00+00:00,13.540000000000001,11.26,3.0
2024-12-07 05:00:00+00:00,13.2,10.84,61.0
2024-12-07 06:00:00+00:00,12.68,9.7,3.0
2024-12-07 07:00:00+00:00,12.76,8.66,2.0
2024-12-07 08:00:00+00:00,11.74,6.840000000000001,80.0
2024-12-07 09:00:00+00:00,11.22,6.1,80.0
2024-12-07 10:00:00+00:00,10.64,5.04,80.0
2024-12-07 11:00:00+00:00,10.08,4.2,80.0
2024-12-07 12:00:00+00:00,9.72,3.84,80.0
2024-12-07 13:00:00+00:00,9.32,3.4200000000000004,80.0
2024-12-07 14:00:00+00:00,9.02,3.12,80.0
2024-12-07 15:00:00+00:00,8.64,2.74,3.0
2024-12-07 16:00:00+00:00,8.0,2.4,3.0
2024-12-07 17:00:00+00:00,7.76,2.06,1.0
2024-12-07 18:00:00+00:00,7.5,1.8199999999999998,2.0
2024-12-07 19:00:00+00:00,7.419999999999999,1.6199999999999999,3.0
2024-12-07 20:00:00+00:00,7.4,1.64,0.0
2024-12-07 21:00:00+00:00,7.4,1.6199999999999999,80.0
2024-12-07 22:00:00+00:00,7.2,1.44,3.0
2024-12-07 23:00:00+00:00,7.040000000000001,1.26,3.0
2024-12-08 00:00:00+00:00,7.220000000000001,1.4200000000000002,3.0
2024-12-08 01:00:00+00:00,7.0200000000000005,1.3599999999999999,3.0
2024-12-08 02:00:00+00:00,6.82,1.28,1.0
2024-12-08 03:00:00+00:00,6.58,1.1800000000000002,80.0
2024-12-08 04:00:00+00:00,6.4799999999999995,0.9400000000000001,3.0
2024-12-08 05:00:00+00:00,6.3,0.7,80.0
2024-12-08 06:00:00+00:00,6.26,0.9799999999999999,80.0
2024-12-08 07:00:00+00:00,6.319999999999999,1.4,80.0
2024-12-08 08:00:00+00:00,6.5,1.78,3.0
2024-12-08 09:00:00+00:00,7.159999999999999,2.3600000000000003,3.0
2024-12-08 10:00:00+00:00,7.62,2.44,80.0
2024-12-08 11:00:00+00:00,7.92,2.6,3.0
2024-12-08 12:00:00+00:00,8.02,2.74,3.0
2024-12-08 13:00:00+00:00,8.02,2.8,80.0
2024-12-08 14:00:00+00:00,8.059999999999999,2.88,3.0
2024-12-08 15:00:00+00:00,7.960000000000001,2.88,80.0
2024-12-08 16:00:00+00:00,7.6,2.7399999999999998,3.0
2024-12-08 17:00:00+00:00,7.279999999999999,2.56,3.0
2024-12-08 18:00:00+00:00,7.32,2.62,80.0
2024-12-08 19:00:00+00:00,7.1,2.42,80.0
2024-12-08 20:00:00+00:00,6.959999999999999,2.44,3.0
2024-12-08 21:00:00+00:00,6.9,2.68,3.0
2024-12-08 22:00:00+00:00,6.82,2.8,3.0
2024-12-08 23:00:00+00:00,6.839999999999999,3.0,3.0
2024-12-09 00:00:00+00:00,6.4,3.1,80.0
2024-12-09 01:00:00+00:00,6.4799999999999995,3.2399999999999998,80.0
2024-12-09 02:00:00+00:00,6.540000000000001,3.44,3.0
2024-12-09 03:00:00+00:00,6.459999999999999,3.22,3.0
2024-12-09 04:00:00+00:00,6.4799999999999995,3.22,3.0
2024-12-09 05:00:00+00:00,6.42,3.12,3.0
2024-12-09 06:00:00+00:00,6.3,3.0,3.0
2024-12-09 07:00:00+00:00,6.0600000000000005,2.82,3.0
2024-12-09 08:00:00+00:00,5.779999999999999,2.3600000000000003,3.0
2024-12-09 09:00:00+00:00,6.14,2.38,3.0
2024-12-09 10:00:00+00:00,6.2,2.08,3.0
2024-12-09 11:00:00+00:00,6.24,2.02,3.0
2024-12-09 12:00:00+00:00,6.9799999999999995,3.3,3.0
2024-12-09 13:00:00+00:00,7.159999999999999,3.38,3.0
2024-12-09 14:00:00+00:00,7.08,3.3600000000000003,3.0
2024-12-09 15:00:00+00:00,6.840000000000001,3.28,3.0
2024-12-09 16:00:00+00:00,6.56,3.04,3.0
2024-12-09 17:00:00+00:00,6.159999999999999,2.7600000000000002,3.0
2024-12-09 18:00:00+00:00,5.840000000000001,2.38,3.0
2024-12-09 19:00:00+00:00,5.4399999999999995,1.92,3.0
2024-12-09 20:00:00+00:00,4.96,1.5400000000000003,3.0
2024-12-09 21:00:00+00:00,4.779999999999999,1.5399999999999998,3.0
2024-12-09 22:00:00+00:00,4.659999999999999,1.56,3.0
2024-12-09 23:00:00+00:00,4.5,1.58,2.0
2024-12-10 00:00:00+00:00,4.54,1.56,3.0
2024-12-10 01:00:00+00:00,4.5600000000000005,1.7,3.0
2024-12-10 02:00:00+00:00,4.5200000000000005,1.6800000000000002,3.0
2024-12-10 03:00:00+00:00,4.46,1.52,2.0
2024-12-10 04:00:00+00:00,4.38,1.3800000000000001,3.0
2024-12-10 05:00:00+00:00,4.24,1.22,3.0
2024-12-10 06:00:00+00:00,3.8,0.5599999999999999,3.0
2024-12-10 07:00:00+00:00,3.5200000000000005,0.3,3.0
2024-12-10 08:00:00+00:00,3.4,0.22000000000000003,3.0
2024-12-10 09:00:00+00:00,3.84,0.6,3.0
2024-12-10 10:00:00+00:00,4.34,0.9199999999999999,3.0
2024-12-10 11:00:00+00:00,4.74,1.24,3.0
2024-12-10 12:00:00+00:00,5.12,1.6199999999999999,3.0
2024-12-10 13:00:00+00:00,5.4399999999999995,1.94,3.0
2024-12-10 14:00:00+00:00,5.46,1.9,3.0
2024-12-10 15:00:00+00:00,5.359999999999999,1.8400000000000003,3.0
2024-12-10 16:00:00+00:00,5.0200000000000005,1.7599999999999998,3.0
2024-12-10 17:00:00+00:00,4.7,1.56,3.0
2024-12-10 18:00:00+00:00,4.4399999999999995,1.4,3.0
2024-12-10 19:00:00+00:00,4.220000000000001,1.24,3.0
2024-12-10 20:00:00+00:00,3.88,0.9400000000000001,3.0
2024-12-10 21:00:00+00:00,3.7,0.74,3.0
2024-12-10 22:00:00+00:00,3.6399999999999997,0.74,3.0
2024-12-10 23:00:00+00:00,3.66,0.78,3.0
2024-12-11 00:00:00+00:00,3.3600000000000003,0.48,3.0
2024-12-11 01:00:00+00:00,3.18,0.3,3.0
2024-12-11 02:00:00+00:00,3.0,0.12000000000000006,3.0
2024-12-11 03:00:00+00:00,2.76,-0.07999999999999999,3.0
2024-12-11 04:00:00+00:00,2.5,-0.30000000000000004,3.0
2024-12-11 05:00:00+00:00,2.2800000000000002,-0.5200000000000001,3.0
2024-12-11 06:00:00+00:00,2.3400000000000003,-0.5599999999999999,2.0
2024-12-11 07:00:00+00:00,2.16,-0.76,2.0
2024-12-11 08:00:00+00:00,2.0,-0.8799999999999999,2.0
2024-12-11 09:00:00+00:00,2.9,-0.02,2.0
2024-12-11 10:00:00+00:00,4.08,0.8,2.0
2024-12-11 11:00:00+00:00,5.0600000000000005,1.6600000000000001,2.0
2024-12-11 12:00:00+00:00,6.08,2.7800000000000002,2.0
2024-12-11 13:00:00+00:00,6.540000000000001,3.2399999999999998,2.0
2024-12-11 14:00:00+00:00,6.68,3.2399999999999998,2.0
2024-12-11 15:00:00+00:00,6.4,3.06,2.0
2024-12-11 16:00:00+00:00,5.6,2.5,0.0
2024-12-11 17:00:00+00:00,4.72,1.8199999999999998,0.0
2024-12-11 18:00:00+00:00,4.0200000000000005,1.1,0.0
2024-12-11 19:00:00+00:00,3.4799999999999995,0.6,3.0
2024-12-11 20:00:00+00:00,3.0,0.14,0.0
2024-12-11 21:00:00+00:00,2.66,-0.24,3.0
2024-12-11 22:00:00+00:00,2.32,-0.58,3.0
2024-12-11 23:00:00+00:00,2.08,-0.8400000000000001,1.0
2024-12-12 00:00:00+00:00,2.38,-0.44000000000000006,3.0
2024-12-12 01:00:00+00:00,2.2199999999999998,-0.6,3.0
2024-12-12 02:00:00+00:00,1.98,-0.9200000000000002,3.0
2024-12-12 03:00:00+00:00,1.8199999999999998,-1.16,3.0
2024-12-12 04:00:00+00:00,1.7,-1.3199999999999998,3.0
2024-12-12 05:00:00+00:00,1.52,-1.5400000000000003,45.0
2024-12-12 06:00:00+00:00,0.9400000000000001,-2.1399999999999997,45.0
2024-12-12 07:00:00+00:00,0.8,-2.3,45.0
2024-12-12 08:00:00+00:00,0.78,-2.3600000000000003,45.0
2024-12-12 09:00:00+00:00,2.1399999999999997,-0.8399999999999999,1.0
2024-12-12 10:00:00+00:00,4.64,1.8199999999999998,1.0
2024-12-12 11:00:00+00:00,6.5200000000000005,3.8,0.0
2024-12-12 12:00:00+00:00,8.16,5.66,0.0
2024-12-12 13:00:00+00:00,9.16,6.640000000000001,0.0
2024-12-12 14:00:00+00:00,9.459999999999999,7.0200000000000005,2.0
2024-12-12 15:00:00+00:00,9.22,6.94,3.0
2024-12-12 16:00:00+00:00,8.08,5.86,2.0
2024-12-12 17:00:00+00:00,6.58,4.26,1.0
2024-12-12 18:00:00+00:00,5.5,3.0200000000000005,1.0
2024-12-12 19:00:00+00:00,4.62,1.9600000000000002,2.0
2024-12-12 20:00:00+00:00,3.9799999999999995,1.26,3.0
2024-12-12 21:00:00+00:00,3.5799999999999996,0.8,45.0
2024-12-12 22:00:00+00:00,3.28,0.47999999999999987,45.0
2024-12-12 23:00:00+00:00,3.1,0.25999999999999995,3.0
2024-12-13 00:00:00+00:00,2.7399999999999998,-0.19999999999999998,3.0
2024-12-13 01:00:00+00:00,2.7600000000000002,-0.1800000000000001,3.0
2024-12-13 02:00:00+00:00,2.7,-0.1799999999999999,45.0
2024-12-13 03:00:00+00:00,2.7,-0.15999999999999998,3.0
2024-12-13 04:00:00+00:00,2.7800000000000002,-0.11999999999999995,3.0
2024-12-13 05:00:00+00:00,2.94,0.06000000000000001,3.0
2024-12-13 06:00:00+00:00,2.62,-0.30000000000000004,3.0
2024-12-13 07:00:00+00:00,2.66,-0.19999999999999996,3.0
2024-12-13 08:00:00+00:00,2.8600000000000003,-3.8857805861880476e-17,3.0
2024-12-13 09:00:00+00:00,4.14,1.4,3.0
2024-12-13 10:00:00+00:00,6.220000000000001,3.78,3.0
2024-12-13 11:00:00+00:00,8.1,5.9,2.0
2024-12-13 12:00:00+00:00,10.2,8.16,2.0
2024-12-13 13:00:00+00:00,11.02,8.98,3.0
2024-12-13 14:00:00+00:00,11.22,9.24,1.0
2024-12-13 15:00:00+00:00,10.8,9.1,1.0
2024-12-13 16:00:00+00:00,9.74,8.18,1.0
2024-12-13 17:00:00+00:00,8.52,6.959999999999999,2.0
2024-12-13 18:00:00+00:00,7.0200000000000005,5.2,1.0
2024-12-13 19:00:00+00:00,6.12,4.18,1.0
2024-12-13 20:00:00+00:00,5.6,3.6,1.0
2024-12-13 21:00:00+00:00,5.26,3.2399999999999998,2.0
2024-12-13 22:00:00+00:00,4.9799999999999995,2.9,1.0
2024-12-13 23:00:00+00:00,4.68,2.56,1.0
2024-12-14 00:00:00+00:00,5.4,3.44,3.0
2024-12-14 01:00:00+00:00,5.1,3.04,3.0
2024-12-14 02:00:00+00:00,4.96,2.8600000000000003,2.0
2024-12-14 03:00:00+00:00,4.8,2.72,3.0
2024-12-14 04:00:00+00:00,4.779999999999999,2.7,3.0
2024-12-14 05:00:00+00:00,4.84,2.7600000000000002,2.0
2024-12-14 06:00:00+00:00,5.04,2.46,3.0
2024-12-14 07:00:00+00:00,5.4799999999999995,2.92,3.0
2024-12-14 08:00:00+00:00,5.92,3.46,3.0
2024-12-14 09:00:00+00:00,6.74,4.36,3.0
2024-12-14 10:00:00+00:00,7.780000000000001,5.36,3.0
2024-12-14 11:00:00+00:00,8.54,6.0600000000000005,2.0
2024-12-14 12:00:00+00:00,8.86,5.94,2.0
2024-12-14 13:00:00+00:00,9.040000000000001,6.1,3.0
2024-12-14 14:00:00+00:00,8.74,6.0200000000000005,2.0
2024-12-14 15:00:00+00:00,8.36,5.84,80.0
2024-12-14 16:00:00+00:00,7.840000000000001,5.64,3.0
2024-12-14 17:00:00+00:00,7.24,5.2,2.0
2024-12-14 18:00:00+00:00,7.9,5.94,3.0
2024-12-14 19:00:00+00:00,7.74,5.74,3.0
2024-12-14 20:00:00+00:00,7.62,5.5200000000000005,3.0
2024-12-14 21:00:00+00:00,7.44,5.38,2.0
2024-12-14 22:00:00+00:00,7.220000000000001,5.16,1.0
2024-12-14 23:00:00+00:00,7.12,5.12,80.0
2024-12-15 00:00:00+00:00,6.459999999999999,4.62,1.0
2024-12-15 01:00:00+00:00,6.3,4.5,3.0
2024-12-15 02:00:00+00:00,6.16,4.36,3.0
2024-12-15 03:00:00+00:00,5.96,4.12,2.0
2024-12-15 04:00:00+00:00,5.819999999999999,4.0,2.0
2024-12-15 05:00:00+00:00,5.6,3.72,2.0
2024-12-15 06:00:00+00:00,5.159999999999999,3.34,1.0
2024-12-15 07:00:00+00:00,4.96,3.18,2.0
2024-12-15 08:00:00+00:00,4.86,3.08,2.0
2024-12-15 09:00:00+00:00,5.34,3.62,2.0
2024-12-15 10:00:00+00:00,6.58,5.220000000000001,45.0
2024-12-15 11:00:00+00:00,7.359999999999999,5.82,45.0
2024-12-15 12:00:00+00:00,8.459999999999999,6.82,2.0
2024-12-15 13:00:00+00:00,8.86,7.06,2.0
2024-12-15 14:00:00+00:00,8.940000000000001,7.040000000000001,2.0
2024-12-15 15:00:00+00:00,8.780000000000001,6.779999999999999,2.0
2024-12-15 16:00:00+00:00,8.2,6.4799999999999995,2.0
2024-12-15 17:00:00+00:00,7.3,5.74,2.0
2024-12-15 18:00:00+00:00,6.4,4.5200000000000005,1.0
2024-12-15 19:00:00+00:00,5.8,3.8200000000000003,0.0
2024-12-15 20:00:00+00:00,5.34,3.3200000000000003,0.0
2024-12-15 21:00:00+00:00,4.96,2.96,45.0
2024-12-15 22:00:00+00:00,4.4799999999999995,2.38,45.0
2024-12-15 23:00:00+00:00,4.0,1.92,1.0
2024-12-16 00:00:00+00:00,4.26,2.1399999999999997,1.0
2024-12-16 01:00:00+00:00,4.14,2.0000000000000004,45.0
2024-12-16 02:00:00+00:00,3.94,1.6800000000000002,1.0
2024-12-16 03:00:00+00:00,3.9200000000000004,1.7,45.0
2024-12-16 04:00:00+00:00,3.7399999999999998,1.5,45.0
2024-12-16 05:00:00+00:00,3.3,0.86,1.0
2024-12-16 06:00:00+00:00,4.18,1.94,0.0
2024-12-16 07:00:00+00:00,4.1,1.6,0.0
2024-12-16 08:00:00+00:00,3.96,1.52,0.0
2024-12-16 09:00:00+00:00,4.82,2.48,0.0
2024-12-16 10:00:00+00:00,6.9,4.8,0.0
2024-12-16 11:00:00+00:00,8.6,6.6,0.0
2024-12-16 12:00:00+00:00,10.16,8.34,0.0
2024-12-16 13:00:00+00:00,11.02,9.24,0.0
2024-12-16 14:00:00+00:00,11.379999999999999,9.66,0.0
2024-12-16 15:00:00+00:00,11.12,9.46,0.0
2024-12-16 16:00:00+00:00,10.059999999999999,8.4,0.0
2024-12-16 17:00:00+00:00,8.52,6.659999999999999,0.0
2024-12-16 18:00:00+00:00,7.24,5.34,3.0
2024-12-16 19:00:00+00:00,6.38,4.36,2.0
2024-12-16 20:00:00+00:00,5.78,3.5799999999999996,3.0
2024-12-16 21:00:00+00:00,5.180000000000001,2.84,1.0
2024-12-16 22:00:00+00:00,4.68,2.3,1.0
2024-12-16 23:00:00+00:00,4.08,1.6199999999999999,0.0
2024-12-17 00:00:00+00:00,3.46,0.9200000000000002,0.0
2024-12-17 01:00:00+00:00,3.0,0.36000000000000004,1.0
2024-12-17 02:00:00+00:00,2.68,-0.039999999999999994,1.0
2024-12-17 03:00:00+00:00,2.5,-0.29999999999999993,45.0
2024-12-17 04:00:00+00:00,2.3600000000000003,-0.4800000000000001,3.0
2024-12-17 05:00:00+00:00,2.2199999999999998,-0.6399999999999999,3.0
2024-12-17 06:00:00+00:00,2.06,-0.8600000000000001,3.0
2024-12-17 07:00:00+00:00,2.0,-0.9800000000000001,3.0
2024-12-17 08:00:00+00:00,2.12,-0.86,3.0
2024-12-17 09:00:00+00:00,3.46,0.6399999999999999,3.0
2024-12-17 10:00:00+00:00,6.279999999999999,3.8199999999999994,3.0
2024-12-17 11:00:00+00:00,9.18,7.18,3.0
2024-12-17 12:00:00+00:00,10.879999999999999,8.86,3.0
2024-12-17 13:00:00+00:00,11.540000000000001,9.78,3.0
2024-12-17 14:00:00+00:00,11.74,10.18,3.0
2024-12-17 15:00:00+00:00,11.32,9.88,3.0
2024-12-17 16:00:00+00:00,10.379999999999999,8.8,3.0
2024-12-17 17:00:00+00:00,8.959999999999999,7.12,3.0
2024-12-17 18:00:00+00:00,8.059999999999999,6.04,3.0
2024-12-17 19:00:00+00:00,7.26,4.9399999999999995,3.0
2024-12-17 20:00:00+00:00,6.82,4.459999999999999,3.0
2024-12-17 21:00:00+00:00,6.68,4.18,2.0
2024-12-17 22:00:00+00:00,6.720000000000001,4.18,3.0
2024-12-17 23:00:00+00:00,6.959999999999999,4.38,2.0
2024-12-18 00:00:00+00:00,6.9,4.279999999999999,3.0
2024-12-18 01:00:00+00:00,7.12,4.5200000000000005,3.0
2024-12-18 02:00:00+00:00,7.459999999999999,5.08,3.0
2024-12-18 03:00:00+00:00,8.0,5.5600000000000005,3.0
2024-12-18 04:00:00+00:00,8.379999999999999,6.0,2.0
2024-12-18 05:00:00+00:00,8.559999999999999,6.38,3.0
2024-12-18 06:00:00+00:00,7.3,5.04,3.0
2024-12-18 07:00:00+00:00,7.279999999999999,5.08,3.0
2024-12-18 08:00:00+00:00,7.4799999999999995,5.36,3.0
2024-12-18 09:00:00+00:00,8.88,6.9799999999999995,3.0
2024-12-18 10:00:00+00:00,11.059999999999999,9.58,1.0
2024-12-18 11:00:00+00:00,13.3,11.940000000000001,3.0
2024-12-18 12:00:00+00:00,14.280000000000001,12.919999999999998,2.0
2024-12-18 13:00:00+00:00,15.2,13.819999999999999,2.0
2024-12-18 14:00:00+00:00,15.459999999999999,14.14,2.0
2024-12-18 15:00:00+00:00,15.080000000000002,13.9,0.0
2024-12-18 16:00:00+00:00,13.780000000000001,12.5,0.0
2024-12-18 17:00:00+00:00,12.16,10.620000000000001,3.0
2024-12-18 18:00:00+00:00,12.02,10.0,3.0
2024-12-18 19:00:00+00:00,11.6,9.5,1.0
2024-12-18 20:00:00+00:00,11.559999999999999,9.32,3.0
2024-12-18 21:00:00+00:00,11.6,9.16,3.0
2024-12-18 22:00:00+00:00,11.64,9.14,3.0
2024-12-18 23:00:00+00:00,11.72,9.280000000000001,3.0
2024-12-19 00:00:00+00:00,11.64,9.26,3.0
2024-12-19 01:00:00+00:00,11.64,9.22,61.0
2024-12-19 02:00:00+00:00,11.84,9.32,61.0
2024-12-19 03:00:00+00:00,11.780000000000001,9.559999999999999,61.0
2024-12-19 04:00:00+00:00,11.68,9.459999999999999,80.0
2024-12-19 05:00:00+00:00,11.58,9.52,3.0
2024-12-19 06:00:00+00:00,11.559999999999999,9.8,3.0
2024-12-19 07:00:00+00:00,11.459999999999999,9.559999999999999,3.0
2024-12-19 08:00:00+00:00,11.26,9.52,3.0
2024-12-19 09:00:00+00:00,11.5,9.8,3.0
2024-12-19 10:00:00+00:00,12.440000000000001,10.8,2.0
2024-12-19 11:00:00+00:00,13.059999999999999,11.26,61.0
2024-12-19 12:00:00+00:00,11.08,7.92,61.0
2024-12-19 13:00:00+00:00,10.68,7.0200000000000005,63.0
2024-12-19 14:00:00+00:00,10.14,6.08,2.0
2024-12-19 15:00:00+00:00,9.74,5.72,2.0
2024-12-19 16:00:00+00:00,9.139999999999999,5.36,2.0
2024-12-19 17:00:00+00:00,8.42,4.9,1.0
2024-12-19 18:00:00+00:00,7.9799999999999995,4.5600000000000005,2.0
2024-12-19 19:00:00+00:00,7.540000000000001,4.279999999999999,1.0
2024-12-19 20:00:00+00:00,7.220000000000001,3.94,2.0
2024-12-19 21:00:00+00:00,6.9,3.6,2.0
2024-12-19 22:00:00+00:00,6.5200000000000005,3.28,1.0
2024-12-19 23:00:00+00:00,6.4,3.3600000000000003,3.0
2024-12-20 00:00:00+00:00,6.36,3.08,80.0
2024-12-20 01:00:00+00:00,6.14,2.9200000000000004,80.0
2024-12-20 02:00:00+00:00,5.9399999999999995,2.9200000000000004,0.0
2024-12-20 03:00:00+00:00,5.66,2.82,0.0
2024-12-20 04:00:00+00:00,5.459999999999999,2.7199999999999998,0.0
2024-12-20 05:00:00+00:00,5.26,2.6399999999999997,2.0
2024-12-20 06:00:00+00:00,4.779999999999999,2.2199999999999998,3.0
2024-12-20 07:00:00+00:00,4.42,2.0200000000000005,2.0
2024-12-20 08:00:00+00:00,4.220000000000001,1.94,2.0
2024-12-20 09:00:00+00:00,5.14,3.04,2.0
2024-12-20 10:00:00+00:00,6.859999999999999,4.92,2.0
2024-12-20 11:00:00+00:00,8.18,6.08,2.0
2024-12-20 12:00:00+00:00,8.82,6.58,3.0
2024-12-20 13:00:00+00:00,9.4,7.08,2.0
2024-12-20 14:00:00+00:00,9.6,7.2,3.0
2024-12-20 15:00:00+00:00,9.379999999999999,6.9799999999999995,3.0
2024-12-20 16:00:00+00:00,8.66,6.540000000000001,3.0
2024-12-20 17:00:00+00:00,8.06,5.9399999999999995,3.0
2024-12-20 18:00:00+00:00,7.859999999999999,5.8,3.0
2024-12-20 19:00:00+00:00,7.6,5.5,3.0
2024-12-20 20:00:00+00:00,7.4,5.24,2.0
2024-12-20 21:00:00+00:00,7.44,5.16,3.0
2024-12-20 22:00:00+00:00,7.659999999999999,5.32,2.0
2024-12-20 23:00:00+00:00,7.76,5.3,3.0
2024-12-21 00:00:00+00:00,7.9,5.54,80.0
2024-12-21 01:00:00+00:00,8.22,5.7,61.0
2024-12-21 02:00:00+00:00,8.52,5.9,3.0
2024-12-21 03:00:00+00:00,8.76,6.0200000000000005,3.0
2024-12-21 04:00:00+00:00,8.9,6.220000000000001,3.0
2024-12-21 05:00:00+00:00,8.9,6.3,3.0
2024-12-21 06:00:00+00:00,9.02,6.540000000000001,3.0
2024-12-21 07:00:00+00:00,9.16,6.959999999999999,61.0
2024-12-21 08:00:00+00:00,9.280000000000001,7.12,3.0
2024-12-21 09:00:00+00:00,9.66,7.5,3.0
2024-12-21 10:00:00+00:00,10.24,8.1,3.0
2024-12-21 11:00:00+00:00,10.72,8.4,3.0
2024-12-21 12:00:00+00:00,11.3,8.860000000000001,3.0
2024-12-21 13:00:00+00:00,11.540000000000001,8.86,3.0
2024-12-21 14:00:00+00:00,11.58,8.959999999999999,3.0
2024-12-21 15:00:00+00:00,11.36,8.940000000000001,3.0
2024-12-21 16:00:00+00:00,11.08,8.8,3.0
2024-12-21 17:00:00+00:00,10.919999999999998,8.58,3.0
2024-12-21 18:00:00+00:00,11.0,8.620000000000001,3.0
2024-12-21 19:00:00+00:00,11.14,8.66,3.0
2024-12-21 20:00:00+00:00,11.32,8.620000000000001,3.0
2024-12-21 21:00:00+00:00,11.540000000000001,8.68,3.0
2024-12-21 22:00:00+00:00,11.68,8.88,3.0
2024-12-21 23:00:00+00:00,11.879999999999999,9.16,3.0
2024-12-22 00:00:00+00:00,11.86,9.1,3.0
2024-12-22 01:00:00+00:00,11.98,9.18,3.0
2024-12-22 02:00:00+00:00,12.2,9.18,3.0
2024-12-22 03:00:00+00:00,12.42,9.26,3.0
2024-12-22 04:00:00+00:00,12.459999999999999,9.24,3.0
2024-12-22 05:00:00+00:00,12.42,8.98,3.0
2024-12-22 06:00:00+00:00,12.4,9.059999999999999,61.0
2024-12-22 07:00:00+00:00,12.379999999999999,9.040000000000001,3.0
2024-12-22 08:00:00+00:00,12.14,8.58,3.0
2024-12-22 09:00:00+00:00,12.1,8.28,3.0
2024-12-22 10:00:00+00:00,11.959999999999999,7.919999999999999,3.0
2024-12-22 11:00:00+00:00,11.82,7.44,3.0
2024-12-22 12:00:00+00:00,11.48,7.279999999999999,3.0
2024-12-22 13:00:00+00:00,11.28,7.0200000000000005,3.0
2024-12-22 14:00:00+00:00,10.84,6.26,3.0
2024-12-22 15:00:00+00:00,10.24,5.64,3.0
2024-12-22 16:00:00+00:00,9.68,5.220000000000001,2.0
2024-12-22 17:00:00+00:00,9.28,4.9399999999999995,3.0
2024-12-22 18:00:00+00:00,9.280000000000001,4.68,3.0
2024-12-22 19:00:00+00:00,9.1,4.7,3.0
2024-12-22 20:00:00+00:00,8.72,4.18,80.0
2024-12-22 21:00:00+00:00,8.4,4.0200000000000005,80.0
2024-12-22 22:00:00+00:00,8.14,3.8200000000000003,3.0
2024-12-22 23:00:00+00:00,7.9799999999999995,3.8,80.0
2024-12-23 00:00:00+00:00,7.56,3.78,2.0
2024-12-23 01:00:00+00:00,7.340000000000001,3.6399999999999997,2.0
2024-12-23 02:00:00+00:00,7.18,3.5400000000000005,2.0
2024-12-23 03:00:00+00:00,6.959999999999999,3.4199999999999995,2.0
2024-12-23 04:00:00+00:00,6.659999999999999,3.22,80.0
2024-12-23 05:00:00+00:00,6.459999999999999,3.04,2.0
2024-12-23 06:00:00+00:00,6.1,2.76,80.0
2024-12-23 07:00:00+00:00,5.9399999999999995,2.7,80.0
2024-12-23 08:00:00+00:00,5.84,2.6,0.0
2024-12-23 09:00:00+00:00,6.359999999999999,3.06,2.0
2024-12-23 10:00:00+00:00,7.2,3.66,80.0
2024-12-23 11:00:00+00:00,7.88,4.0600000000000005,80.0
2024-12-23 12:00:00+00:00,8.42,4.279999999999999,2.0
2024-12-23 13:00:00+00:00,8.56,4.34,2.0
2024-12-23 14:00:00+00:00,8.7,4.58,2.0
2024-12-23 15:00:00+00:00,8.46,4.619999999999999,2.0
2024-12-23 16:00:00+00:00,7.859999999999999,4.62,1.0
2024-12-23 17:00:00+00:00,7.06,4.2,3.0
2024-12-23 18:00:00+00:00,6.9,4.36,3.0
2024-12-23 19:00:00+00:00,6.859999999999999,4.6,3.0
2024-12-23 20:00:00+00:00,7.040000000000001,4.9,3.0
2024-12-23 21:00:00+00:00,7.12,5.1,61.0
2024-12-23 22:00:00+00:00,7.340000000000001,5.42,61.0
2024-12-23 23:00:00+00:00,7.42,5.52,61.0
2024-12-24 00:00:00+00:00,5.720000000000001,3.44,3.0
2024-12-24 01:00:00+00:00,6.24,3.94,3.0
2024-12-24 02:00:00+00:00,6.6,4.279999999999999,3.0
2024-12-24 03:00:00+00:00,6.959999999999999,4.88,61.0
2024-12-24 04:00:00+00:00,7.3,5.180000000000001,61.0
2024-12-24 05:00:00+00:00,7.7,5.76,61.0
2024-12-24 06:00:00+00:00,7.659999999999999,5.6,3.0
2024-12-24 07:00:00+00:00,8.1,6.38,3.0
2024-12-24 08:00:00+00:00,8.879999999999999,7.340000000000001,3.0
2024-12-24 09:00:00+00:00,9.52,8.02,3.0
2024-12-24 10:00:00+00:00,10.0,8.7,3.0
2024-12-24 11:00:00+00:00,10.379999999999999,9.14,3.0
2024-12-24 12:00:00+00:00,9.98,8.879999999999999,3.0
2024-12-24 13:00:00+00:00,10.4,9.4,3.0
2024-12-24 14:00:00+00:00,10.76,9.82,3.0
2024-12-24 15:00:00+00:00,10.72,9.86,3.0
2024-12-24 16:00:00+00:00,10.48,9.78,3.0
2024-12-24 17:00:00+00:00,10.2,9.52,3.0
2024-12-24 18:00:00+00:00,9.78,9.26,3.0
2024-12-24 19:00:00+00:00,9.4,8.74,45.0
2024-12-24 20:00:00+00:00,9.08,8.559999999999999,45.0
2024-12-24 21:00:00+00:00,8.84,8.120000000000001,45.0
2024-12-24 22:00:00+00:00,8.8,7.92,45.0
2024-12-24 23:00:00+00:00,8.76,7.88,45.0
2024-12-25 00:00:00+00:00,9.16,8.34,45.0
2024-12-25 01:00:00+00:00,8.92,8.1,45.0
2024-12-25 02:00:00+00:00,8.82,7.859999999999999,45.0
2024-12-25 03:00:00+00:00,8.88,8.0,3.0
2024-12-25 04:00:00+00:00,8.74,7.779999999999999,45.0
2024-12-25 05:00:00+00:00,8.68,7.56,3.0
2024-12-25 06:00:00+00:00,8.28,7.06,3.0
2024-12-25 07:00:00+00:00,8.18,6.74,3.0
2024-12-25 08:00:00+00:00,8.059999999999999,6.5,3.0
2024-12-25 09:00:00+00:00,8.48,6.94,2.0
2024-12-25 10:00:00+00:00,9.459999999999999,7.94,3.0
2024-12-25 11:00:00+00:00,10.440000000000001,8.84,2.0
2024-12-25 12:00:00+00:00,11.6,10.24,2.0
2024-12-25 13:00:00+00:00,12.040000000000001,10.78,2.0
2024-12-25 14:00:00+00:00,12.42,11.040000000000001,2.0
2024-12-25 15:00:00+00:00,12.459999999999999,11.040000000000001,2.0
2024-12-25 16:00:00+00:00,12.0,10.8,2.0
2024-12-25 17:00:00+00:00,11.24,10.059999999999999,2.0
2024-12-25 18:00:00+00:00,10.2,8.879999999999999,2.0
2024-12-25 19:00:00+00:00,9.580000000000002,8.1,2.0
2024-12-25 20:00:00+00:00,9.12,7.62,1.0
2024-12-25 21:00:00+00:00,8.76,7.18,2.0
2024-12-25 22:00:00+00:00,8.48,6.840000000000001,2.0
2024-12-25 23:00:00+00:00,8.040000000000001,6.38,1.0
2024-12-26 00:00:00+00:00,8.440000000000001,6.94,2.0
2024-12-26 01:00:00+00:00,8.0,6.44,2.0
2024-12-26 02:00:00+00:00,7.62,5.9799999999999995,45.0
2024-12-26 03:00:00+00:00,7.4799999999999995,5.859999999999999,45.0
2024-12-26 04:00:00+00:00,7.3,5.58,45.0
2024-12-26 05:00:00+00:00,7.139999999999999,5.279999999999999,45.0
2024-12-26 06:00:00+00:00,6.14,4.14,0.0
2024-12-26 07:00:00+00:00,5.96,3.8600000000000003,45.0
2024-12-26 08:00:00+00:00,5.8,3.66,2.0
2024-12-26 09:00:00+00:00,6.5,4.48,45.0
2024-12-26 10:00:00+00:00,7.720000000000001,5.9399999999999995,45.0
2024-12-26 11:00:00+00:00,8.9,7.18,0.0
2024-12-26 12:00:00+00:00,9.7,8.040000000000001,45.0
2024-12-26 13:00:00+00:00,10.08,8.52,45.0
2024-12-26 14:00:00+00:00,10.26,8.68,3.0
2024-12-26 15:00:00+00:00,10.1,8.540000000000001,2.0
2024-12-26 16:00:00+00:00,9.440000000000001,7.88,2.0
2024-12-26 17:00:00+00:00,8.48,6.88,2.0
2024-12-26 18:00:00+00:00,7.82,5.9799999999999995,3.0
2024-12-26 19:00:00+00:00,7.26,5.42,3.0
2024-12-26 20:00:00+00:00,6.82,4.88,3.0
2024-12-26 21:00:00+00:00,6.34,4.36,45.0
2024-12-26 22:00:00+00:00,5.9399999999999995,4.0,45.0
2024-12-26 23:00:00+00:00,5.74,3.8600000000000003,45.0
2024-12-27 00:00:00+00:00,5.2,3.1799999999999997,45.0
2024-12-27 01:00:00+00:00,5.08,3.0799999999999996,45.0
2024-12-27 02:00:00+00:00,4.9,2.84,45.0
2024-12-27 03:00:00+00:00,4.82,2.7399999999999998,45.0
2024-12-27 04:00:00+00:00,4.720000000000001,2.56,45.0
2024-12-27 05:00:00+00:00,4.66,2.52,45.0
2024-12-27 06:00:00+00:00,4.16,1.9799999999999998,45.0
2024-12-27 07:00:00+00:00,4.0200000000000005,1.8,45.0
2024-12-27 08:00:00+00:00,3.94,1.6599999999999997,45.0
2024-12-27 09:00:00+00:00,4.62,2.46,45.0
2024-12-27 10:00:00+00:00,6.26,4.32,45.0
2024-12-27 11:00:00+00:00,7.82,6.140000000000001,2.0
2024-12-27 12:00:00+00:00,8.9,7.44,1.0
2024-12-27 13:00:00+00:00,9.819999999999999,8.4,1.0
2024-12-27 14:00:00+00:00,10.26,8.86,1.0
2024-12-27 15:00:00+00:00,10.2,8.82,0.0
2024-12-27 16:00:00+00:00,9.36,8.02,0.0
2024-12-27 17:00:00+00:00,8.16,6.68,0.0
2024-12-27 18:00:00+00:00,7.1,5.4799999999999995,45.0
2024-12-27 19:00:00+00:00,6.159999999999999,4.32,45.0
2024-12-27 20:00:00+00:00,5.18,3.2,45.0
2024-12-27 21:00:00+00:00,4.36,2.34,45.0
2024-12-27 22:00:00+00:00,3.8,1.6600000000000001,45.0
2024-12-27 23:00:00+00:00,3.3600000000000003,1.1,45.0
2024-12-28 00:00:00+00:00,3.06,0.68,45.0
2024-12-28 01:00:00+00:00,2.7600000000000002,0.33999999999999997,45.0
2024-12-28 02:00:00+00:00,2.54,0.06000000000000002,45.0
2024-12-28 03:00:00+00:00,2.2600000000000002,-0.23999999999999994,45.0
2024-12-28 04:00:00+00:00,2.06,-0.5199999999999999,45.0
2024-12-28 05:00:00+00:00,1.8200000000000003,-0.78,45.0
2024-12-28 06:00:00+00:00,1.0,-1.78,1.0
2024-12-28 07:00:00+00:00,0.8,-2.04,45.0
2024-12-28 08:00:00+00:00,0.6,-2.2600000000000002,45.0
2024-12-28 09:00:00+00:00,1.5799999999999998,-1.1400000000000001,1.0
2024-12-28 10:00:00+00:00,4.459999999999999,2.1799999999999997,0.0
2024-12-28 11:00:00+00:00,7.06,4.92,0.0
2024-12-28 12:00:00+00:00,8.620000000000001,6.859999999999999,0.0
2024-12-28 13:00:00+00:00,9.74,8.120000000000001,0.0
2024-12-28 14:00:00+00:00,10.2,8.7,0.0
2024-12-28 15:00:00+00:00,10.0,8.6,0.0
2024-12-28 16:00:00+00:00,8.98,7.58,0.0
2024-12-28 17:00:00+00:00,7.56,5.94,0.0
2024-12-28 18:00:00+00:00,6.38,4.5600000000000005,0.0
2024-12-28 19:00:00+00:00,5.38,3.4799999999999995,0.0
2024-12-28 20:00:00+00:00,4.6,2.5799999999999996,0.0
2024-12-28 21:00:00+00:00,3.9800000000000004,1.86,0.0
2024-12-28 22:00:00+00:00,3.62,1.36,0.0
2024-12-28 23:00:00+00:00,3.2600000000000002,0.96,45.0
2024-12-29 00:00:00+00:00,2.5,0.14,45.0
2024-12-29 01:00:00+00:00,2.2800000000000002,-0.11999999999999997,45.0
2024-12-29 02:00:00+00:00,1.8599999999999999,-0.6199999999999999,45.0
2024-12-29 03:00:00+00:00,1.64,-0.8800000000000001,45.0
2024-12-29 04:00:00+00:00,1.4599999999999997,-1.02,45.0
2024-12-29 05:00:00+00:00,1.56,-0.9400000000000001,45.0
2024-12-29 06:00:00+00:00,1.7399999999999998,-0.76,45.0
2024-12-29 07:00:00+00:00,1.7200000000000002,-0.76,45.0
2024-12-29 08:00:00+00:00,1.8200000000000003,-0.64,45.0
2024-12-29 09:00:00+00:00,2.66,0.29999999999999993,45.0
2024-12-29 10:00:00+00:00,4.42,2.38,45.0
2024-12-29 11:00:00+00:00,6.0,4.16,45.0
2024-12-29 12:00:00+00:00,6.3,4.38,0.0
2024-12-29 13:00:00+00:00,6.9,4.96,0.0
2024-12-29 14:00:00+00:00,7.2,5.16,45.0
2024-12-29 15:00:00+00:00,7.140000000000001,4.9799999999999995,3.0
2024-12-29 16:00:00+00:00,6.640000000000001,4.5600000000000005,3.0
2024-12-29 17:00:00+00:00,5.74,3.6799999999999997,3.0
2024-12-29 18:00:00+00:00,5.720000000000001,3.6799999999999997,45.0
2024-12-29 19:00:00+00:00,4.8,2.6799999999999997,45.0
2024-12-29 20:00:00+00:00,4.04,1.72,45.0
2024-12-29 21:00:00+00:00,3.6,1.24,45.0
2024-12-29 22:00:00+00:00,3.2600000000000002,0.9199999999999999,45.0
2024-12-29 23:00:00+00:00,3.06,0.6399999999999999,45.0
2024-12-30 00:00:00+00:00,2.56,-0.040000000000000036,45.0
2024-12-30 01:00:00+00:00,2.46,-0.18,45.0
2024-12-30 02:00:00+00:00,2.46,-0.21999999999999997,45.0
2024-12-30 03:00:00+00:00,2.2800000000000002,-0.43999999999999984,45.0
2024-12-30 04:00:00+00:00,1.92,-0.8399999999999999,45.0
2024-12-30 05:00:00+00:00,1.86,-0.8799999999999999,45.0
2024-12-30 06:00:00+00:00,1.28,-1.56,45.0
2024-12-30 07:00:00+00:00,1.2,-1.6600000000000001,45.0
2024-12-30 08:00:00+00:00,1.24,-1.6199999999999999,45.0
2024-12-30 09:00:00+00:00,1.86,-0.86,45.0
2024-12-30 10:00:00+00:00,2.8600000000000003,0.24000000000000005,45.0
2024-12-30 11:00:00+00:00,3.78,1.3599999999999999,45.0
2024-12-30 12:00:00+00:00,4.84,2.5,45.0
2024-12-30 13:00:00+00:00,5.58,3.3,2.0
2024-12-30 14:00:00+00:00,6.0,3.72,2.0
2024-12-30 15:00:00+00:00,6.040000000000001,3.8200000000000003,2.0
2024-12-30 16:00:00+00:00,5.58,3.4200000000000004,0.0
2024-12-30 17:00:00+00:00,4.7,2.48,45.0
2024-12-30 18:00:00+00:00,3.4799999999999995,1.0799999999999998,45.0
2024-12-30 19:00:00+00:00,3.0,0.58,45.0
2024-12-30 20:00:00+00:00,2.42,-0.059999999999999984,45.0
2024-12-30 21:00:00+00:00,1.7600000000000002,-0.8399999999999999,45.0
2024-12-30 22:00:00+00:00,1.22,-1.48,45.0
2024-12-30 23:00:00+00:00,0.72,-2.12,45.0
2024-12-31 00:00:00+00:00,0.36,-2.6,45.0
2024-12-31 01:00:00+00:00,0.14000000000000007,-2.88,45.0
2024-12-31 02:00:00+00:00,-0.09999999999999999,-3.14,45.0
2024-12-31 03:00:00+00:00,-0.2799999999999999,-3.4200000000000004,45.0
2024-12-31 04:00:00+00:00,-0.52,-3.7199999999999998,45.0
2024-12-31 05:00:00+00:00,-0.6799999999999999,-3.9599999999999995,45.0
2024-12-31 06:00:00+00:00,-0.9800000000000001,-4.26,45.0
2024-12-31 07:00:00+00:00,-1.08,-4.4,45.0
2024-12-31 08:00:00+00:00,-1.14,-4.4399999999999995,45.0
2024-12-31 09:00:00+00:00,-0.33999999999999997,-3.54,45.0
2024-12-31 10:00:00+00:00,1.48,-1.44,45.0
2024-12-31 11:00:00+00:00,3.8,1.06,0.0
2024-12-31 12:00:00+00:00,5.4399999999999995,2.8600000000000003,0.0
2024-12-31 13:00:00+00:00,6.58,4.2,0.0
2024-12-31 14:00:00+00:00,7.220000000000001,4.86,0.0
2024-12-31 15:00:00+00:00,7.3,5.06,0.0
2024-12-31 16:00:00+00:00,6.34,4.279999999999999,0.0
2024-12-31 17:00:00+00:00,4.76,2.56,0.0
2024-12-31 18:00:00+00:00,3.62,1.2399999999999998,0.0
2024-12-31 19:00:00+00:00,2.58,-0.07999999999999999,45.0
2024-12-31 20:00:00+00:00,1.8399999999999999,-0.7999999999999999,45.0
2024-12-31 21:00:00+00:00,1.56,-1.1600000000000001,45.0
2024-12-31 22:00:00+00:00,1.46,-1.34,45.0
2024-12-31 23:00:00+00:00,1.3199999999999998,-1.7399999999999998,45.0
2025-01-01 00:00:00+00:00,1.06,-2.08,0.0
2025-01-01 01:00:00+00:00,0.9800000000000001,-2.2800000000000002,0.0
2025-01-01 02:00:00+00:00,1.0,-2.32,0.0
2025-01-01 03:00:00+00:00,1.1400000000000001,-2.2,0.0
2025-01-01 04:00:00+00:00,1.26,-2.16,0.0
2025-01-01 05:00:00+00:00,1.5,-2.0,0.0
2025-01-01 06:00:00+00:00,1.02,-2.42,0.0
2025-01-01 07:00:00+00:00,1.04,-2.46,0.0
2025-01-01 08:00:00+00:00,1.06,-2.4,2.0
2025-01-01 09:00:00+00:00,2.12,-1.32,1.0
2025-01-01 10:00:00+00:00,4.5200000000000005,1.2600000000000002,0.0
2025-01-01 11:00:00+00:00,7.08,4.0200000000000005,0.0
2025-01-01 12:00:00+00:00,9.280000000000001,6.56,0.0
2025-01-01 13:00:00+00:00,10.8,8.0,0.0
2025-01-01 14:00:00+00:00,11.4,8.52,0.0
2025-01-01 15:00:00+00:00,11.120000000000001,8.379999999999999,0.0
2025-01-01 16:00:00+00:00,10.02,7.4,3.0
2025-01-01 17:00:00+00:00,8.58,5.9,3.0
2025-01-01 18:00:00+00:00,7.06,4.44,3.0
2025-01-01 19:00:00+00:00,6.159999999999999,3.3,2.0
2025-01-01 20:00:00+00:00,5.64,2.54,2.0
2025-01-01 21:00:00+00:00,5.58,2.28,3.0
2025-01-01 22:00:00+00:00,5.5,2.02,3.0
2025-01-01 23:00:00+00:00,5.42,1.8,2.0
2025-01-02 00:00:00+00:00,5.26,1.54,3.0
2025-01-02 01:00:00+00:00,5.4,1.72,2.0
2025-01-02 02:00:00+00:00,5.46,1.6199999999999999,3.0
2025-01-02 03:00:00+00:00,5.6000000000000005,1.7,3.0
2025-01-02 04:00:00+00:00,5.68,1.7,2.0
2025-01-02 05:00:00+00:00,5.78,1.6600000000000001,2.0
2025-01-02 06:00:00+00:00,5.34,1.3800000000000001,3.0
2025-01-02 07:00:00+00:00,5.28,1.26,3.0
2025-01-02 08:00:00+00:00,5.279999999999999,1.2000000000000002,3.0
2025-01-02 09:00:00+00:00,6.24,2.16,3.0
2025-01-02 10:00:00+00:00,7.88,4.24,2.0
2025-01-02 11:00:00+00:00,9.3,6.0600000000000005,2.0
2025-01-02 12:00:00+00:00,9.540000000000001,6.26,61.0
2025-01-02 13:00:00+00:00,9.72,6.44,61.0
2025-01-02 14:00:00+00:00,9.72,6.640000000000001,61.0
2025-01-02 15:00:00+00:00,9.58,6.94,3.0
2025-01-02 16:00:00+00:00,9.18,6.94,61.0
2025-01-02 17:00:00+00:00,8.58,6.62,61.0
2025-01-02 18:00:00+00:00,8.180000000000001,6.34,61.0
2025-01-02 19:00:00+00:00,7.88,6.1,61.0
2025-01-02 20:00:00+00:00,7.74,5.8,61.0
2025-01-02 21:00:00+00:00,7.76,5.9,61.0
2025-01-02 22:00:00+00:00,7.88,6.0600000000000005,61.0
2025-01-02 23:00:00+00:00,7.779999999999999,5.84,61.0
2025-01-03 00:00:00+00:00,7.159999999999999,5.32,3.0
2025-01-03 01:00:00+00:00,6.7,4.720000000000001,3.0
2025-01-03 02:00:00+00:00,6.26,4.18,3.0
2025-01-03 03:00:00+00:00,5.84,3.8,3.0
2025-01-03 04:00:00+00:00,5.64,3.5200000000000005,3.0
2025-01-03 05:00:00+00:00,5.32,3.16,3.0
2025-01-03 06:00:00+00:00,6.5200000000000005,4.779999999999999,3.0
2025-01-03 07:00:00+00:00,6.159999999999999,4.32,45.0
2025-01-03 08:00:00+00:00,5.9,3.88,3.0
2025-01-03 09:00:00+00:00,6.08,4.02,3.0
2025-01-03 10:00:00+00:00,6.720000000000001,4.54,3.0
2025-01-03 11:00:00+00:00,7.279999999999999,4.9799999999999995,3.0
2025-01-03 12:00:00+00:00,7.040000000000001,4.6,3.0
2025-01-03 13:00:00+00:00,7.359999999999999,4.88,3.0
2025-01-03 14:00:00+00:00,7.6,5.14,3.0
2025-01-03 15:00:00+00:00,7.5,4.9799999999999995,3.0
2025-01-03 16:00:00+00:00,7.06,4.68,3.0
2025-01-03 17:00:00+00:00,6.459999999999999,4.0,3.0
2025-01-03 18:00:00+00:00,6.92,4.4,61.0
2025-01-03 19:00:00+00:00,6.8,4.2,61.0
2025-01-03 20:00:00+00:00,6.82,4.36,61.0
2025-01-03 21:00:00+00:00,6.82,4.34,61.0
2025-01-03 22:00:00+00:00,6.88,4.42,61.0
2025-01-03 23:00:00+00:00,7.0,4.56,61.0
2025-01-04 00:00:00+00:00,7.08,4.64,61.0
2025-01-04 01:00:00+00:00,7.18,4.82,3.0
2025-01-04 02:00:00+00:00,7.56,5.26,61.0
2025-01-04 03:00:00+00:00,7.88,5.66,61.0
2025-01-04 04:00:00+00:00,8.16,5.88,61.0
2025-01-04 05:00:00+00:00,8.26,6.0,61.0
2025-01-04 06:00:00+00:00,9.66,7.44,61.0
2025-01-04 07:00:00+00:00,10.0,7.62,61.0
2025-01-04 08:00:00+00:00,10.059999999999999,7.58,61.0
2025-01-04 09:00:00+00:00,10.42,7.94,61.0
2025-01-04 10:00:00+00:00,10.959999999999999,8.48,61.0
2025-01-04 11:00:00+00:00,11.52,9.1,61.0
2025-01-04 12:00:00+00:00,10.88,9.5,61.0
2025-01-04 13:00:00+00:00,11.6,10.22,61.0
2025-01-04 14:00:00+00:00,12.559999999999999,10.74,61.0
2025-01-04 15:00:00+00:00,12.66,10.92,61.0
2025-01-04 16:00:00+00:00,12.4,10.74,61.0
2025-01-04 17:00:00+00:00,11.879999999999999,10.18,61.0
2025-01-04 18:00:00+00:00,11.66,9.940000000000001,3.0
2025-01-04 19:00:00+00:00,11.16,9.459999999999999,61.0
2025-01-04 20:00:00+00:00,10.8,9.02,3.0
2025-01-04 21:00:00+00:00,10.48,8.6,1.0
2025-01-04 22:00:00+00:00,10.24,8.26,3.0
2025-01-04 23:00:00+00:00,9.94,7.859999999999999,3.0
2025-01-05 00:00:00+00:00,9.52,7.140000000000001,3.0
2025-01-05 01:00:00+00:00,9.84,7.159999999999999,3.0
2025-01-05 02:00:00+00:00,9.8,6.9799999999999995,3.0
2025-01-05 03:00:00+00:00,9.58,6.720000000000001,3.0
2025-01-05 04:00:00+00:00,9.5,6.68,3.0
2025-01-05 05:00:00+00:00,9.28,6.38,3.0
2025-01-05 06:00:00+00:00,9.559999999999999,6.840000000000001,3.0
2025-01-05 07:00:00+00:00,9.32,6.38,3.0
2025-01-05 08:00:00+00:00,9.18,6.14,3.0
2025-01-05 09:00:00+00:00,9.82,6.720000000000001,3.0
2025-01-05 10:00:00+00:00,11.16,8.2,2.0
2025-01-05 11:00:00+00:00,12.459999999999999,9.64,2.0
2025-01-05 12:00:00+00:00,13.559999999999999,10.86,3.0
2025-01-05 13:00:00+00:00,13.959999999999999,11.3,3.0
2025-01-05 14:00:00+00:00,14.16,11.559999999999999,3.0
2025-01-05 15:00:00+00:00,13.959999999999999,11.48,3.0
2025-01-05 16:00:00+00:00,13.26,10.76,1.0
2025-01-05 17:00:00+00:00,12.559999999999999,9.84,3.0
2025-01-05 18:00:00+00:00,12.059999999999999,9.22,3.0
2025-01-05 19:00:00+00:00,11.8,8.58,3.0
2025-01-05 20:00:00+00:00,11.76,8.28,3.0
2025-01-05 21:00:00+00:00,11.7,8.1,3.0
2025-01-05 22:00:00+00:00,11.5,7.779999999999999,3.0
2025-01-05 23:00:00+00:00,11.24,7.640000000000001,3.0
2025-01-06 00:00:00+00:00,11.16,7.459999999999999,3.0
2025-01-06 01:00:00+00:00,11.16,7.58,3.0
2025-01-06 02:00:00+00:00,10.86,7.5,3.0
2025-01-06 03:00:00+00:00,10.52,7.26,3.0
2025-01-06 04:00:00+00:00,10.52,7.159999999999999,3.0
2025-01-06 05:00:00+00:00,10.76,7.12,3.0
2025-01-06 06:00:00+00:00,11.02,6.6,3.0
2025-01-06 07:00:00+00:00,11.12,6.7,3.0
2025-01-06 08:00:00+00:00,10.620000000000001,6.3,61.0
2025-01-06 09:00:00+00:00,10.6,6.3,3.0
2025-01-06 10:00:00+00:00,10.18,5.840000000000001,3.0
2025-01-06 11:00:00+00:00,9.98,5.5,3.0
2025-01-06 12:00:00+00:00,9.68,4.58,3.0
2025-01-06 13:00:00+00:00,9.68,4.840000000000001,3.0
2025-01-06 14:00:00+00:00,9.76,5.16,3.0
2025-01-06 15:00:00+00:00,9.66,5.32,3.0
2025-01-06 16:00:00+00:00,8.9,5.04,2.0
2025-01-06 17:00:00+00:00,8.16,4.78,80.0
2025-01-06 18:00:00+00:00,7.9799999999999995,4.86,2.0
2025-01-06 19:00:00+00:00,7.88,4.779999999999999,2.0
2025-01-06 20:00:00+00:00,7.779999999999999,4.6,2.0
2025-01-06 21:00:00+00:00,7.68,4.4,2.0
2025-01-06 22:00:00+00:00,7.7,4.42,3.0
2025-01-06 23:00:00+00:00,7.76,4.5,2.0
2025-01-07 00:00:00+00:00,7.640000000000001,4.4799999999999995,2.0
2025-01-07 01:00:00+00:00,7.56,4.54,2.0
2025-01-07 02:00:00+00:00,7.4,4.5200000000000005,2.0
2025-01-07 03:00:00+00:00,7.360000000000001,4.5200000000000005,2.0
2025-01-07 04:00:00+00:00,7.12,4.4399999999999995,2.0
2025-01-07 05:00:00+00:00,6.640000000000001,3.9200000000000004,2.0
2025-01-07 06:00:00+00:00,5.92,3.1,2.0
2025-01-07 07:00:00+00:00,5.82,2.9,1.0
2025-01-07 08:00:00+00:00,5.9,3.02,3.0
2025-01-07 09:00:00+00:00,6.92,4.18,3.0
2025-01-07 10:00:00+00:00,8.4,5.68,3.0
2025-01-07 11:00:00+00:00,9.58,6.56,3.0
2025-01-07 12:00:00+00:00,10.22,7.1,2.0
2025-01-07 13:00:00+00:00,10.18,7.220000000000001,61.0
2025-01-07 14:00:00+00:00,9.940000000000001,6.94,61.0
2025-01-07 15:00:00+00:00,9.559999999999999,6.56,61.0
2025-01-07 16:00:00+00:00,9.48,6.4799999999999995,61.0
2025-01-07 17:00:00+00:00,9.459999999999999,6.32,61.0
2025-01-07 18:00:00+00:00,9.84,6.62,61.0
2025-01-07 19:00:00+00:00,10.120000000000001,6.640000000000001,61.0
2025-01-07 20:00:00+00:00,10.16,6.62,61.0
2025-01-07 21:00:00+00:00,10.52,7.18,61.0
2025-01-07 22:00:00+00:00,11.52,8.02,61.0
2025-01-07 23:00:00+00:00,11.86,8.18,61.0
2025-01-08 00:00:00+00:00,11.08,8.0,61.0
2025-01-08 01:00:00+00:00,11.22,8.540000000000001,61.0
2025-01-08 02:00:00+00:00,11.42,8.92,61.0
2025-01-08 03:00:00+00:00,11.86,9.02,3.0
2025-01-08 04:00:00+00:00,12.16,8.82,61.0
2025-01-08 05:00:00+00:00,11.8,8.7,1.0
2025-01-08 06:00:00+00:00,11.42,8.18,61.0
2025-01-08 07:00:00+00:00,11.02,7.9,61.0
2025-01-08 08:00:00+00:00,10.8,7.5,3.0
2025-01-08 09:00:00+00:00,11.4,7.94,3.0
2025-01-08 10:00:00+00:00,12.74,9.059999999999999,3.0
2025-01-08 11:00:00+00:00,13.98,10.139999999999999,3.0
2025-01-08 12:00:00+00:00,13.9,10.059999999999999,3.0
2025-01-08 13:00:00+00:00,13.440000000000001,9.76,61.0
2025-01-08 14:00:00+00:00,12.940000000000001,9.42,61.0
2025-01-08 15:00:00+00:00,12.559999999999999,9.32,61.0
2025-01-08 16:00:00+00:00,12.32,9.3,61.0
2025-01-08 17:00:00+00:00,12.16,9.06,3.0
2025-01-08 18:00:00+00:00,12.58,9.32,3.0
2025-01-08 19:00:00+00:00,12.32,8.879999999999999,3.0
2025-01-08 20:00:00+00:00,12.120000000000001,8.6,3.0
2025-01-08 21:00:00+00:00,12.0,8.66,1.0
2025-01-08 22:00:00+00:00,11.959999999999999,8.7,3.0
2025-01-08 23:00:00+00:00,11.940000000000001,8.58,3.0
2025-01-09 00:00:00+00:00,12.059999999999999,8.379999999999999,3.0
2025-01-09 01:00:00+00:00,12.319999999999999,8.5,80.0
2025-01-09 02:00:00+00:00,12.540000000000001,8.780000000000001,80.0
2025-01-09 03:00:00+00:00,12.48,8.82,3.0
2025-01-09 04:00:00+00:00,12.559999999999999,9.16,3.0
2025-01-09 05:00:00+00:00,12.6,9.080000000000002,2.0
2025-01-09 06:00:00+00:00,12.6,9.26,80.0
2025-01-09 07:00:00+00:00,12.6,9.34,3.0
2025-01-09 08:00:00+00:00,12.639999999999999,9.46,2.0
2025-01-09 09:00:00+00:00,12.9,9.8,3.0
2025-01-09 10:00:00+00:00,13.36,10.379999999999999,2.0
2025-01-09 11:00:00+00:00,13.919999999999998,10.52,2.0
2025-01-09 12:00:00+00:00,13.580000000000002,9.68,3.0
2025-01-09 13:00:00+00:00,13.12,9.4,80.0
2025-01-09 14:00:00+00:00,13.1,9.52,2.0
2025-01-09 15:00:00+00:00,12.3,8.72,2.0
2025-01-09 16:00:00+00:00,11.14,7.9,3.0
2025-01-09 17:00:00+00:00,10.34,7.540000000000001,3.0
2025-01-09 18:00:00+00:00,9.14,6.859999999999999,3.0
2025-01-09 19:00:00+00:00,8.879999999999999,7.0,3.0
2025-01-09 20:00:00+00:00,8.68,7.220000000000001,3.0
2025-01-09 21:00:00+00:00,8.48,7.18,3.0
2025-01-09 22:00:00+00:00,8.22,6.92,3.0
2025-01-09 23:00:00+00:00,7.9,6.279999999999999,3.0
2025-01-10 00:00:00+00:00,7.56,5.6,3.0
2025-01-10 01:00:00+00:00,7.42,5.32,3.0
2025-01-10 02:00:00+00:00,7.3,5.04,3.0
2025-01-10 03:00:00+00:00,7.140000000000001,4.78,3.0
2025-01-10 04:00:00+00:00,7.220000000000001,4.779999999999999,61.0
2025-01-10 05:00:00+00:00,7.38,4.840000000000001,1.0
2025-01-10 06:00:00+00:00,9.58,6.76,2.0
2025-01-10 07:00:00+00:00,10.14,7.38,2.0
2025-01-10 08:00:00+00:00,10.879999999999999,8.120000000000001,3.0
2025-01-10 09:00:00+00:00,11.98,9.4,3.0
2025-01-10 10:00:00+00:00,13.14,10.66,3.0
2025-01-10 11:00:00+00:00,13.84,11.48,3.0
2025-01-10 12:00:00+00:00,14.0,11.82,3.0
2025-01-10 13:00:00+00:00,13.74,11.72,61.0
2025-01-10 14:00:00+00:00,13.52,11.86,3.0
2025-01-10 15:00:00+00:00,13.48,12.08,3.0
2025-01-10 16:00:00+00:00,13.3,12.14,3.0
2025-01-10 17:00:00+00:00,13.219999999999999,12.16,3.0
2025-01-10 18:00:00+00:00,12.7,12.14,3.0
2025-01-10 19:00:00+00:00,12.559999999999999,12.0,3.0
2025-01-10 20:00:00+00:00,12.559999999999999,12.1,3.0
2025-01-10 21:00:00+00:00,12.16,11.84,3.0
2025-01-10 22:00:00+00:00,12.1,11.78,3.0
2025-01-10 23:00:00+00:00,11.879999999999999,11.440000000000001,3.0
2025-01-11 00:00:00+00:00,11.28,10.76,3.0
2025-01-11 01:00:00+00:00,11.32,10.48,3.0
2025-01-11 02:00:00+00:00,11.2,10.2,3.0
2025-01-11 03:00:00+00:00,11.08,9.74,3.0
2025-01-11 04:00:00+00:00,10.9,8.98,3.0
2025-01-11 05:00:00+00:00,10.5,8.3,3.0
2025-01-11 06:00:00+00:00,10.4,8.48,3.0
2025-01-11 07:00:00+00:00,10.040000000000001,7.8,3.0
2025-01-11 08:00:00+00:00,9.72,7.540000000000001,3.0
2025-01-11 09:00:00+00:00,9.68,7.659999999999999,2.0
2025-01-11 10:00:00+00:00,10.059999999999999,7.82,2.0
2025-01-11 11:00:00+00:00,10.36,7.76,3.0
2025-01-11 12:00:00+00:00,10.24,7.359999999999999,3.0
2025-01-11 13:00:00+00:00,9.86,6.76,3.0
2025-01-11 14:00:00+00:00,9.739999999999998,6.44,3.0
2025-01-11 15:00:00+00:00,9.24,5.7,3.0
2025-01-11 16:00:00+00:00,8.68,4.9,2.0
2025-01-11 17:00:00+00:00,7.94,4.12,2.0
2025-01-11 18:00:00+00:00,7.62,4.04,0.0
2025-01-11 19:00:00+00:00,7.0,3.22,0.0
2025-01-11 20:00:00+00:00,6.42,2.7,0.0
2025-01-11 21:00:00+00:00,5.82,2.3200000000000003,1.0
2025-01-11 22:00:00+00:00,5.159999999999999,1.7799999999999998,1.0
2025-01-11 23:00:00+00:00,4.4799999999999995,1.1,1.0
2025-01-12 00:00:00+00:00,3.9599999999999995,1.22,1.0
2025-01-12 01:00:00+00:00,3.3600000000000003,0.5800000000000001,1.0
2025-01-12 02:00:00+00:00,2.92,0.1,1.0
2025-01-12 03:00:00+00:00,2.5200000000000005,-0.3,1.0
2025-01-12 04:00:00+00:00,2.1,-0.8799999999999999,1.0
2025-01-12 05:00:00+00:00,1.64,-1.44,0.0
2025-01-12 06:00:00+00:00,1.4,-1.6599999999999997,2.0
2025-01-12 07:00:00+00:00,1.2,-1.8199999999999998,0.0
2025-01-12 08:00:00+00:00,1.0,-2.12,0.0
2025-01-12 09:00:00+00:00,1.56,-1.6800000000000002,0.0
2025-01-12 10:00:00+00:00,2.58,-0.9199999999999999,0.0
2025-01-12 11:00:00+00:00,3.54,-0.020000000000000018,1.0
2025-01-12 12:00:00+00:00,4.220000000000001,0.3,2.0
2025-01-12 13:00:00+00:00,4.74,0.76,0.0
2025-01-12 14:00:00+00:00,4.9799999999999995,1.08,0.0
2025-01-12 15:00:00+00:00,4.84,0.9600000000000002,0.0
2025-01-12 16:00:00+00:00,4.3,0.47999999999999987,0.0
2025-01-12 17:00:00+00:00,3.18,-0.4200000000000001,0.0
2025-01-12 18:00:00+00:00,2.02,-1.9,2.0
2025-01-12 19:00:00+00:00,1.8399999999999999,-2.08,2.0
2025-01-12 20:00:00+00:00,1.58,-2.64,2.0
2025-01-12 21:00:00+00:00,1.16,-2.94,2.0
2025-01-12 22:00:00+00:00,0.8200000000000001,-3.1399999999999997,2.0
2025-01-12 23:00:00+00:00,0.42000000000000004,-3.38,2.0
2025-01-13 00:00:00+00:00,0.4600000000000001,-3.28,2.0
2025-01-13 01:00:00+00:00,0.08,-3.6799999999999997,2.0
2025-01-13 02:00:00+00:00,-0.14,-3.8600000000000003,2.0
2025-01-13 03:00:00+00:00,-0.41999999999999993,-4.12,2.0
2025-01-13 04:00:00+00:00,-0.6599999999999999,-4.34,2.0
2025-01-13 05:00:00+00:00,-0.86,-4.54,2.0
2025-01-13 06:00:00+00:00,-1.22,-5.0200000000000005,2.0
2025-01-13 07:00:00+00:00,-1.42,-5.12,2.0
2025-01-13 08:00:00+00:00,-1.6,-5.34,1.0
2025-01-13 09:00:00+00:00,-1.0,-4.8,2.0
2025-01-13 10:00:00+00:00,0.14,-4.0,2.0
2025-01-13 11:00:00+00:00,1.0799999999999998,-3.12,2.0
2025-01-13 12:00:00+00:00,1.9,-2.2,2.0
2025-01-13 13:00:00+00:00,2.5,-1.64,2.0
2025-01-13 14:00:00+00:00,2.94,-1.3,2.0
2025-01-13 15:00:00+00:00,2.9200000000000004,-1.2799999999999998,0.0
2025-01-13 16:00:00+00:00,2.46,-1.56,0.0
2025-01-13 17:00:00+00:00,1.5,-2.2800000000000002,0.0
2025-01-13 18:00:00+00:00,0.72,-2.8,0.0
2025-01-13 19:00:00+00:00,0.22000000000000003,-3.3,0.0
2025-01-13 20:00:00+00:00,-0.06000000000000001,-3.54,0.0
2025-01-13 21:00:00+00:00,-0.28,-3.7600000000000002,0.0
2025-01-13 22:00:00+00:00,-0.44000000000000006,-3.94,0.0
2025-01-13 23:00:00+00:00,-0.5599999999999999,-4.0200000000000005,0.0
2025-01-14 00:00:00+00:00,-1.3199999999999998,-4.6,0.0
2025-01-14 01:00:00+00:00,-1.54,-4.78,0.0
2025-01-14 02:00:00+00:00,-1.8199999999999998,-5.0200000000000005,0.0
2025-01-14 03:00:00+00:00,-1.98,-5.24,0.0
2025-01-14 04:00:00+00:00,-2.02,-5.4,0.0
2025-01-14 05:00:00+00:00,-2.02,-5.4399999999999995,0.0
2025-01-14 06:00:00+00:00,-2.2399999999999998,-5.58,0.0
2025-01-14 07:00:00+00:00,-2.3600000000000003,-5.8,0.0
2025-01-14 08:00:00+00:00,-2.38,-5.74,0.0
2025-01-14 09:00:00+00:00,-1.8,-5.16,0.0
2025-01-14 10:00:00+00:00,0.040000000000000126,-3.12,0.0
2025-01-14 11:00:00+00:00,1.6800000000000002,-1.5,0.0
2025-01-14 12:00:00+00:00,3.16,0.18000000000000008,1.0
2025-01-14 13:00:00+00:00,4.0,1.0,1.0
2025-01-14 14:00:00+00:00,4.4399999999999995,1.44,1.0
2025-01-14 15:00:00+00:00,4.38,1.4600000000000002,1.0
2025-01-14 16:00:00+00:00,3.62,0.7,2.0
2025-01-14 17:00:00+00:00,2.4,-0.39999999999999997,2.0
2025-01-14 18:00:00+00:00,1.7399999999999998,-1.2,2.0
2025-01-14 19:00:00+00:00,1.22,-1.72,0.0
2025-01-14 20:00:00+00:00,0.58,-2.42,0.0
2025-01-14 21:00:00+00:00,0.08000000000000004,-2.96,0.0
2025-01-14 22:00:00+00:00,-0.54,-3.54,45.0
2025-01-14 23:00:00+00:00,-0.8399999999999999,-3.8600000000000003,45.0
2025-01-15 00:00:00+00:00,-1.3199999999999998,-4.5,45.0
2025-01-15 01:00:00+00:00,-1.7200000000000002,-4.8,45.0
2025-01-15 02:00:00+00:00,-2.02,-5.220000000000001,45.0
2025-01-15 03:00:00+00:00,-2.04,-5.32,45.0
2025-01-15 04:00:00+00:00,-2.06,-5.279999999999999,45.0
2025-01-15 05:00:00+00:00,-2.06,-5.24,45.0
2025-01-15 06:00:00+00:00,-1.8200000000000003,-5.0,45.0
2025-01-15 07:00:00+00:00,-1.9600000000000002,-5.3,45.0
2025-01-15 08:00:00+00:00,-1.86,-5.18,45.0
2025-01-15 09:00:00+00:00,-0.96,-4.279999999999999,45.0
2025-01-15 10:00:00+00:00,1.1,-2.0,0.0
2025-01-15 11:00:00+00:00,3.56,0.56,0.0
2025-01-15 12:00:00+00:00,4.7,1.6,0.0
2025-01-15 13:00:00+00:00,5.7,2.4,0.0
2025-01-15 14:00:00+00:00,6.16,2.7199999999999998,1.0
2025-01-15 15:00:00+00:00,5.88,2.58,0.0
2025-01-15 16:00:00+00:00,5.18,2.3200000000000003,0.0
2025-01-15 17:00:00+00:00,3.9199999999999995,1.1600000000000001,0.0
2025-01-15 18:00:00+00:00,3.0,0.059999999999999984,0.0
2025-01-15 19:00:00+00:00,2.34,-0.6,1.0
2025-01-15 20:00:00+00:00,1.8399999999999999,-1.06,1.0
2025-01-15 21:00:00+00:00,1.6199999999999999,-1.3599999999999999,1.0
2025-01-15 22:00:00+00:00,1.42,-1.6,1.0
2025-01-15 23:00:00+00:00,1.26,-1.7200000000000002,45.0
2025-01-16 00:00:00+00:00,1.7,-1.4,3.0
2025-01-16 01:00:00+00:00,1.7399999999999998,-1.44,2.0
2025-01-16 02:00:00+00:00,1.54,-1.8,3.0
2025-01-16 03:00:00+00:00,1.18,-2.2199999999999998,3.0
2025-01-16 04:00:00+00:00,0.8399999999999999,-2.64,3.0
2025-01-16 05:00:00+00:00,0.6000000000000001,-2.96,2.0
2025-01-16 06:00:00+00:00,0.64,-2.82,2.0
2025-01-16 07:00:00+00:00,0.36,-3.2600000000000002,2.0
2025-01-16 08:00:00+00:00,0.38,-3.2600000000000002,2.0
2025-01-16 09:00:00+00:00,1.16,-2.5200000000000005,2.0
2025-01-16 10:00:00+00:00,2.12,-1.6,3.0
2025-01-16 11:00:00+00:00,3.18,-0.36,2.0
2025-01-16 12:00:00+00:00,4.88,1.3,2.0
2025-01-16 13:00:00+00:00,5.6,2.1,2.0
2025-01-16 14:00:00+00:00,5.9,2.32,3.0
2025-01-16 15:00:00+00:00,5.92,2.3600000000000003,2.0
2025-01-16 16:00:00+00:00,5.36,1.8800000000000001,2.0
2025-01-16 17:00:00+00:00,4.34,1.26,2.0
2025-01-16 18:00:00+00:00,3.2399999999999998,0.12000000000000002,0.0
2025-01-16 19:00:00+00:00,2.2800000000000002,-0.74,1.0
2025-01-16 20:00:00+00:00,1.52,-1.56,1.0
2025-01-16 21:00:00+00:00,0.8799999999999999,-2.18,1.0
2025-01-16 22:00:00+00:00,0.64,-2.34,45.0
2025-01-16 23:00:00+00:00,0.56,-2.54,0.0
2025-01-17 00:00:00+00:00,0.1,-2.96,0.0
2025-01-17 01:00:00+00:00,-0.12000000000000002,-3.2,0.0
2025-01-17 02:00:00+00:00,-0.22000000000000003,-3.38,0.0
2025-01-17 03:00:00+00:00,-0.22000000000000003,-3.3600000000000003,0.0
2025-01-17 04:00:00+00:00,-0.28,-3.5200000000000005,0.0
2025-01-17 05:00:00+00:00,-0.28,-3.4200000000000004,0.0
2025-01-17 06:00:00+00:00,-0.3000000000000001,-3.46,0.0
2025-01-17 07:00:00+00:00,-0.4800000000000001,-3.5799999999999996,0.0
2025-01-17 08:00:00+00:00,-0.5599999999999999,-3.6,0.0
2025-01-17 09:00:00+00:00,0.48,-2.44,0.0
2025-01-17 10:00:00+00:00,2.8,-0.13999999999999999,0.0
2025-01-17 11:00:00+00:00,5.12,2.18,0.0
2025-01-17 12:00:00+00:00,7.38,4.84,0.0
2025-01-17 13:00:00+00:00,8.98,6.32,0.0
2025-01-17 14:00:00+00:00,9.72,6.840000000000001,0.0
2025-01-17 15:00:00+00:00,9.620000000000001,6.7,0.0
2025-01-17 16:00:00+00:00,8.58,6.1,0.0
2025-01-17 17:00:00+00:00,6.4,4.0200000000000005,0.0
2025-01-17 18:00:00+00:00,4.78,2.2399999999999998,0.0
2025-01-17 19:00:00+00:00,3.4,0.82,0.0
2025-01-17 20:00:00+00:00,2.44,-0.24000000000000005,0.0
2025-01-17 21:00:00+00:00,1.7599999999999998,-0.9199999999999999,0.0
2025-01-17 22:00:00+00:00,1.2,-1.6,0.0
2025-01-17 23:00:00+00:00,1.02,-1.8800000000000001,0.0
2025-01-18 00:00:00+00:00,0.43999999999999995,-2.6,0.0
2025-01-18 01:00:00+00:00,-0.19999999999999996,-3.28,0.0
2025-01-18 02:00:00+00:00,-0.5199999999999999,-3.78,0.0
2025-01-18 03:00:00+00:00,-0.9400000000000001,-4.2,45.0
2025-01-18 04:00:00+00:00,-1.26,-4.5,0.0
2025-01-18 05:00:00+00:00,-1.58,-4.9,0.0
2025-01-18 06:00:00+00:00,-1.64,-4.9399999999999995,0.0
2025-01-18 07:00:00+00:00,-1.7600000000000002,-5.0600000000000005,0.0
2025-01-18 08:00:00+00:00,-1.94,-5.32,45.0
2025-01-18 09:00:00+00:00,-1.06,-4.36,45.0
2025-01-18 10:00:00+00:00,1.0,-2.06,45.0
2025-01-18 11:00:00+00:00,3.3200000000000003,0.43999999999999995,0.0
2025-01-18 12:00:00+00:00,3.9200000000000004,1.2600000000000002,3.0
2025-01-18 13:00:00+00:00,5.1,2.5799999999999996,3.0
2025-01-18 14:00:00+00:00,5.92,3.4200000000000004,3.0
2025-01-18 15:00:00+00:00,6.32,3.8400000000000007,3.0
2025-01-18 16:00:00+00:00,5.94,3.5799999999999996,2.0
2025-01-18 17:00:00+00:00,4.58,2.1799999999999997,2.0
2025-01-18 18:00:00+00:00,3.22,0.56,3.0
2025-01-18 19:00:00+00:00,2.34,-0.3999999999999999,0.0
2025-01-18 20:00:00+00:00,1.38,-1.4600000000000002,1.0
2025-01-18 21:00:00+00:00,0.62,-2.2600000000000002,1.0
2025-01-18 22:00:00+00:00,0.16,-2.66,1.0
2025-01-18 23:00:00+00:00,-0.039999999999999994,-2.92,45.0
2025-01-19 00:00:00+00:00,-0.4,-3.34,45.0
2025-01-19 01:00:00+00:00,-0.6,-3.6399999999999997,45.0
2025-01-19 02:00:00+00:00,-0.9,-4.0,45.0
2025-01-19 03:00:00+00:00,-1.2399999999999998,-4.42,45.0
2025-01-19 04:00:00+00:00,-1.54,-4.82,45.0
2025-01-19 05:00:00+00:00,-1.72,-5.08,45.0
2025-01-19 06:00:00+00:00,-1.86,-5.24,45.0
2025-01-19 07:00:00+00:00,-1.9600000000000002,-5.380000000000001,45.0
2025-01-19 08:00:00+00:00,-2.06,-5.4799999999999995,45.0
2025-01-19 09:00:00+00:00,-1.04,-4.4,0.0
2025-01-19 10:00:00+00:00,1.7600000000000002,-1.3199999999999998,0.0
2025-01-19 11:00:00+00:00,4.26,1.2,1.0
2025-01-19 12:00:00+00:00,6.18,3.14,0.0
2025-01-19 13:00:00+00:00,7.540000000000001,4.62,0.0
2025-01-19 14:00:00+00:00,8.4,5.359999999999999,0.0
2025-01-19 15:00:00+00:00,8.34,5.42,0.0
2025-01-19 16:00:00+00:00,7.38,4.720000000000001,0.0
2025-01-19 17:00:00+00:00,5.58,2.98,3.0
2025-01-19 18:00:00+00:00,3.8200000000000003,0.9199999999999999,0.0
2025-01-19 19:00:00+00:00,2.46,-0.5800000000000001,0.0
2025-01-19 20:00:00+00:00,1.6199999999999999,-1.4,1.0
2025-01-19 21:00:00+00:00,1.04,-2.02,0.0
2025-01-19 22:00:00+00:00,0.52,-2.7,0.0
2025-01-19 23:00:00+00:00,0.10000000000000005,-3.22,0.0
2025-01-20 00:00:00+00:00,-0.12000000000000006,-3.5,1.0
2025-01-20 01:00:00+00:00,-0.18,-3.6,1.0
2025-01-20 02:00:00+00:00,-0.24,-3.7,0.0
2025-01-20 03:00:00+00:00,-0.34,-3.8,0.0
2025-01-20 04:00:00+00:00,-0.48,-4.0,0.0
2025-01-20 05:00:00+00:00,-0.6,-4.0600000000000005,0.0
2025-01-20 06:00:00+00:00,-0.8,-4.2,2.0
2025-01-20 07:00:00+00:00,-0.74,-4.18,0.0
2025-01-20 08:00:00+00:00,-0.6799999999999999,-4.14,0.0
2025-01-20 09:00:00+00:00,0.68,-2.66,0.0
2025-01-20 10:00:00+00:00,3.84,0.8,0.0
2025-01-20 11:00:00+00:00,6.82,3.72,0.0
2025-01-20 12:00:00+00:00,9.16,6.3,2.0
2025-01-20 13:00:00+00:00,10.16,7.24,2.0
2025-01-20 14:00:00+00:00,10.74,7.88,0.0
2025-01-20 15:00:00+00:00,10.719999999999999,8.02,0.0
2025-01-20 16:00:00+00:00,9.780000000000001,7.56,0.0
2025-01-20 17:00:00+00:00,7.859999999999999,5.640000000000001,0.0
2025-01-20 18:00:00+00:00,6.34,3.78,0.0
2025-01-20 19:00:00+00:00,4.88,2.18,0.0
2025-01-20 20:00:00+00:00,3.8800000000000003,1.16,0.0
2025-01-20 21:00:00+00:00,3.3200000000000003,0.52,0.0
2025-01-20 22:00:00+00:00,3.16,0.32,3.0
2025-01-20 23:00:00+00:00,2.94,-0.019999999999999973,3.0
2025-01-21 00:00:00+00:00,2.36,-0.5999999999999999,1.0
2025-01-21 01:00:00+00:00,2.3600000000000003,-0.6399999999999999,0.0
2025-01-21 02:00:00+00:00,2.46,-0.6199999999999999,1.0
2025-01-21 03:00:00+00:00,2.68,-0.39999999999999997,3.0
2025-01-21 04:00:00+00:00,2.8200000000000003,-0.36,3.0
2025-01-21 05:00:00+00:00,3.0,-0.2000000000000001,3.0
2025-01-21 06:00:00+00:00,3.3200000000000003,0.1600000000000001,3.0
2025-01-21 07:00:00+00:00,3.3600000000000003,0.13999999999999993,3.0
2025-01-21 08:00:00+00:00,3.78,0.5199999999999999,3.0
2025-01-21 09:00:00+00:00,4.82,1.7400000000000002,3.0
2025-01-21 10:00:00+00:00,6.94,3.8400000000000007,3.0
2025-01-21 11:00:00+00:00,8.78,5.76,3.0
2025-01-21 12:00:00+00:00,9.72,6.94,3.0
2025-01-21 13:00:00+00:00,10.58,7.8,3.0
2025-01-21 14:00:00+00:00,11.36,8.5,3.0
2025-01-21 15:00:00+00:00,11.48,8.76,61.0
2025-01-21 16:00:00+00:00,11.120000000000001,8.64,3.0
2025-01-21 17:00:00+00:00,10.46,8.14,3.0
2025-01-21 18:00:00+00:00,10.139999999999999,7.7,3.0
2025-01-21 19:00:00+00:00,9.72,7.32,3.0
2025-01-21 20:00:00+00:00,9.34,6.720000000000001,3.0
2025-01-21 21:00:00+00:00,9.4,6.859999999999999,3.0
2025-01-21 22:00:00+00:00,9.459999999999999,6.780000000000001,3.0
2025-01-21 23:00:00+00:00,9.440000000000001,6.76,3.0
2025-01-22 00:00:00+00:00,9.2,6.3,3.0
2025-01-22 01:00:00+00:00,9.379999999999999,6.5,3.0
2025-01-22 02:00:00+00:00,9.379999999999999,6.58,3.0
2025-01-22 03:00:00+00:00,9.24,6.56,3.0
2025-01-22 04:00:00+00:00,9.059999999999999,6.459999999999999,3.0
2025-01-22 05:00:00+00:00,8.940000000000001,6.38,3.0
2025-01-22 06:00:00+00:00,8.96,6.4,3.0
2025-01-22 07:00:00+00:00,9.28,6.68,3.0
2025-01-22 08:00:00+00:00,9.42,6.779999999999999,3.0
2025-01-22 09:00:00+00:00,10.219999999999999,7.540000000000001,3.0
2025-01-22 10:00:00+00:00,11.459999999999999,8.92,3.0
2025-01-22 11:00:00+00:00,12.440000000000001,9.9,3.0
2025-01-22 12:00:00+00:00,13.440000000000001,10.959999999999999,3.0
2025-01-22 13:00:00+00:00,13.74,11.18,3.0
2025-01-22 14:00:00+00:00,14.059999999999999,11.559999999999999,3.0
2025-01-22 15:00:00+00:00,14.02,11.78,3.0
2025-01-22 16:00:00+00:00,13.5,11.52,3.0
2025-01-22 17:00:00+00:00,12.74,10.84,3.0
2025-01-22 18:00:00+00:00,12.16,10.08,3.0
2025-01-22 19:00:00+00:00,11.8,9.8,3.0
2025-01-22 20:00:00+00:00,11.580000000000002,9.540000000000001,80.0
2025-01-22 21:00:00+00:00,11.5,9.48,3.0
2025-01-22 22:00:00+00:00,11.18,9.120000000000001,3.0
2025-01-22 23:00:00+00:00,10.760000000000002,8.48,3.0
2025-01-23 00:00:00+00:00,10.2,7.779999999999999,61.0
2025-01-23 01:00:00+00:00,9.64,7.1,61.0
2025-01-23 02:00:00+00:00,8.98,6.26,61.0
2025-01-23 03:00:00+00:00,8.48,5.52,2.0
2025-01-23 04:00:00+00:00,7.779999999999999,4.76,2.0
2025-01-23 05:00:00+00:00,7.220000000000001,4.5,3.0
2025-01-23 06:00:00+00:00,6.26,4.24,3.0
2025-01-23 07:00:00+00:00,5.64,3.5800000000000005,3.0
2025-01-23 08:00:00+00:00,5.18,3.1399999999999997,3.0
2025-01-23 09:00:00+00:00,5.88,3.7399999999999998,2.0
2025-01-23 10:00:00+00:00,7.38,5.04,1.0
2025-01-23 11:00:00+00:00,8.8,6.5,1.0
2025-01-23 12:00:00+00:00,10.24,7.74,2.0
2025-01-23 13:00:00+00:00,10.86,8.48,1.0
2025-01-23 14:00:00+00:00,11.1,8.74,2.0
2025-01-23 15:00:00+00:00,11.08,8.680000000000001,2.0
2025-01-23 16:00:00+00:00,10.379999999999999,8.14,1.0
2025-01-23 17:00:00+00:00,8.92,7.160000000000001,0.0
2025-01-23 18:00:00+00:00,7.6,5.4,2.0
2025-01-23 19:00:00+00:00,6.68,4.2,3.0
2025-01-23 20:00:00+00:00,6.08,3.54,3.0
2025-01-23 21:00:00+00:00,5.779999999999999,3.22,3.0
2025-01-23 22:00:00+00:00,5.4799999999999995,2.76,3.0
2025-01-23 23:00:00+00:00,5.38,2.46,3.0
2025-01-24 00:00:00+00:00,5.96,2.8600000000000003,3.0
2025-01-24 01:00:00+00:00,5.840000000000001,2.68,3.0
2025-01-24 02:00:00+00:00,5.7,2.2399999999999998,3.0
2025-01-24 03:00:00+00:00,5.680000000000001,2.06,3.0
2025-01-24 04:00:00+00:00,6.0200000000000005,2.2199999999999998,3.0
2025-01-24 05:00:00+00:00,6.540000000000001,2.54,3.0
2025-01-24 06:00:00+00:00,6.739999999999999,3.0599999999999996,3.0
2025-01-24 07:00:00+00:00,6.6,3.02,1.0
2025-01-24 08:00:00+00:00,6.959999999999999,3.4,1.0
2025-01-24 09:00:00+00:00,8.459999999999999,4.959999999999999,2.0
2025-01-24 10:00:00+00:00,10.5,7.0,3.0
2025-01-24 11:00:00+00:00,12.4,8.8,3.0
2025-01-24 12:00:00+00:00,13.180000000000001,9.919999999999998,3.0
2025-01-24 13:00:00+00:00,13.86,10.76,3.0
2025-01-24 14:00:00+00:00,14.16,11.08,3.0
2025-01-24 15:00:00+00:00,14.3,11.540000000000001,3.0
2025-01-24 16:00:00+00:00,14.059999999999999,11.32,3.0
2025-01-24 17:00:00+00:00,13.24,10.440000000000001,3.0
2025-01-24 18:00:00+00:00,13.059999999999999,10.7,3.0
2025-01-24 19:00:00+00:00,12.28,9.7,3.0
2025-01-24 20:00:00+00:00,11.98,9.22,3.0
2025-01-24 21:00:00+00:00,11.84,9.0,3.0
2025-01-24 22:00:00+00:00,11.9,8.919999999999998,3.0
2025-01-24 23:00:00+00:00,11.959999999999999,8.9,3.0
2025-01-25 00:00:00+00:00,11.64,8.6,3.0
2025-01-25 01:00:00+00:00,11.5,8.48,3.0
2025-01-25 02:00:00+00:00,11.26,8.36,61.0
2025-01-25 03:00:00+00:00,11.26,8.34,61.0
2025-01-25 04:00:00+00:00,11.34,8.459999999999999,61.0
2025-01-25 05:00:00+00:00,11.580000000000002,8.739999999999998,3.0
2025-01-25 06:00:00+00:00,12.040000000000001,9.08,3.0
2025-01-25 07:00:00+00:00,11.7,8.940000000000001,3.0
2025-01-25 08:00:00+00:00,11.34,9.120000000000001,3.0
2025-01-25 09:00:00+00:00,11.459999999999999,9.4,3.0
2025-01-25 10:00:00+00:00,12.0,10.26,3.0
2025-01-25 11:00:00+00:00,12.24,10.08,3.0
2025-01-25 12:00:00+00:00,12.74,11.34,3.0
2025-01-25 13:00:00+00:00,12.22,10.620000000000001,61.0
2025-01-25 14:00:00+00:00,11.66,10.2,61.0
2025-01-25 15:00:00+00:00,11.18,9.28,61.0
2025-01-25 16:00:00+00:00,10.18,8.059999999999999,61.0
2025-01-25 17:00:00+00:00,9.58,7.640000000000001,61.0
2025-01-25 18:00:00+00:00,9.18,7.0,3.0
2025-01-25 19:00:00+00:00,8.940000000000001,6.779999999999999,80.0
2025-01-25 20:00:00+00:00,8.66,6.5200000000000005,3.0
2025-01-25 21:00:00+00:00,8.26,6.3,3.0
2025-01-25 22:00:00+00:00,7.68,5.74,3.0
2025-01-25 23:00:00+00:00,7.220000000000001,5.2,1.0
2025-01-26 00:00:00+00:00,6.140000000000001,4.0200000000000005,1.0
2025-01-26 01:00:00+00:00,5.6,3.3199999999999994,1.0
2025-01-26 02:00:00+00:00,5.38,3.0,0.0
2025-01-26 03:00:00+00:00,5.180000000000001,2.58,0.0
2025-01-26 04:00:00+00:00,5.18,2.36,2.0
2025-01-26 05:00:00+00:00,5.12,2.16,1.0
2025-01-26 06:00:00+00:00,4.9,1.6,2.0
2025-01-26 07:00:00+00:00,4.7,1.1400000000000001,3.0
2025-01-26 08:00:00+00:00,4.82,0.9400000000000001,3.0
2025-01-26 09:00:00+00:00,6.7,2.5,3.0
2025-01-26 10:00:00+00:00,8.7,4.26,3.0
2025-01-26 11:00:00+00:00,9.919999999999998,5.16,3.0
2025-01-26 12:00:00+00:00,10.0,5.3,3.0
2025-01-26 13:00:00+00:00,10.5,5.9399999999999995,3.0
2025-01-26 14:00:00+00:00,10.940000000000001,6.56,61.0
2025-01-26 15:00:00+00:00,11.4,6.9,61.0
2025-01-26 16:00:00+00:00,11.379999999999999,6.8,61.0
2025-01-26 17:00:00+00:00,11.16,6.7,61.0
2025-01-26 18:00:00+00:00,10.9,6.62,61.0
2025-01-26 19:00:00+00:00,10.84,6.7,61.0
2025-01-26 20:00:00+00:00,10.86,6.540000000000001,61.0
2025-01-26 21:00:00+00:00,11.4,7.06,61.0
2025-01-26 22:00:00+00:00,11.92,7.540000000000001,61.0
2025-01-26 23:00:00+00:00,12.7,8.28,3.0
2025-01-27 00:00:00+00:00,13.66,9.959999999999999,2.0
2025-01-27 01:00:00+00:00,13.4,10.18,3.0
2025-01-27 02:00:00+00:00,13.2,10.2,3.0
2025-01-27 03:00:00+00:00,13.2,10.28,3.0
2025-01-27 04:00:00+00:00,13.6,10.66,61.0
2025-01-27 05:00:00+00:00,12.76,10.1,61.0
2025-01-27 06:00:00+00:00,11.76,9.540000000000001,3.0
2025-01-27 07:00:00+00:00,11.379999999999999,9.120000000000001,61.0
2025-01-27 08:00:00+00:00,11.120000000000001,9.02,61.0
2025-01-27 09:00:00+00:00,11.1,8.74,61.0
2025-01-27 10:00:00+00:00,11.379999999999999,8.940000000000001,3.0
2025-01-27 11:00:00+00:00,11.56,8.74,61.0
2025-01-27 12:00:00+00:00,12.819999999999999,9.48,3.0
2025-01-27 13:00:00+00:00,12.819999999999999,8.7,3.0
2025-01-27 14:00:00+00:00,12.02,7.4799999999999995,3.0
2025-01-27 15:00:00+00:00,11.72,7.219999999999999,3.0
2025-01-27 16:00:00+00:00,11.4,7.4,3.0
2025-01-27 17:00:00+00:00,10.42,6.3,3.0
2025-01-27 18:00:00+00:00,10.6,6.6,3.0
2025-01-27 19:00:00+00:00,10.18,6.34,3.0
2025-01-27 20:00:00+00:00,9.74,5.82,3.0
2025-01-27 21:00:00+00:00,9.639999999999999,5.64,3.0
2025-01-27 22:00:00+00:00,9.4,5.4399999999999995,3.0
2025-01-27 23:00:00+00:00,9.14,5.24,3.0
2025-01-28 00:00:00+00:00,8.879999999999999,4.9399999999999995,3.0
2025-01-28 01:00:00+00:00,8.440000000000001,4.5200000000000005,3.0
2025-01-28 02:00:00+00:00,8.040000000000001,4.16,2.0
2025-01-28 03:00:00+00:00,7.720000000000001,3.5,2.0
2025-01-28 04:00:00+00:00,7.5,3.08,2.0
2025-01-28 05:00:00+00:00,7.539999999999999,2.8,3.0
2025-01-28 06:00:00+00:00,8.22,2.9400000000000004,0.0
2025-01-28 07:00:00+00:00,8.22,3.0799999999999996,80.0
2025-01-28 08:00:00+00:00,8.540000000000001,3.5200000000000005,3.0
2025-01-28 09:00:00+00:00,9.2,4.12,3.0
2025-01-28 10:00:00+00:00,9.84,4.58,1.0
2025-01-28 11:00:00+00:00,10.26,4.84,80.0
2025-01-28 12:00:00+00:00,10.440000000000001,5.279999999999999,3.0
2025-01-28 13:00:00+00:00,10.379999999999999,5.0200000000000005,80.0
2025-01-28 14:00:00+00:00,10.32,5.2,95.0
2025-01-28 15:00:00+00:00,10.1,5.2,80.0
2025-01-28 16:00:00+00:00,9.540000000000001,4.779999999999999,80.0
2025-01-28 17:00:00+00:00,9.22,4.66,2.0
2025-01-28 18:00:00+00:00,9.08,4.66,2.0
2025-01-28 19:00:00+00:00,8.940000000000001,4.62,2.0
2025-01-28 20:00:00+00:00,8.78,4.5200000000000005,80.0
2025-01-28 21:00:00+00:00,8.580000000000002,4.5200000000000005,2.0
2025-01-28 22:00:00+00:00,8.459999999999999,4.62,80.0
2025-01-28 23:00:00+00:00,8.34,4.8,2.0
2025-01-29 00:00:00+00:00,8.219999999999999,5.220000000000001,2.0
2025-01-29 01:00:00+00:00,7.92,5.34,3.0
2025-01-29 02:00:00+00:00,7.38,4.68,3.0
2025-01-29 03:00:00+00:00,6.859999999999999,4.0,3.0
2025-01-29 04:00:00+00:00,6.860000000000001,3.8200000000000003,3.0
2025-01-29 05:00:00+00:00,6.82,3.62,3.0
2025-01-29 06:00:00+00:00,6.659999999999999,3.6799999999999997,3.0
2025-01-29 07:00:00+00:00,6.82,3.6,3.0
2025-01-29 08:00:00+00:00,7.140000000000001,3.7,3.0
2025-01-29 09:00:00+00:00,7.74,4.04,3.0
2025-01-29 10:00:00+00:00,8.419999999999998,4.3,3.0
2025-01-29 11:00:00+00:00,8.9,4.62,3.0
2025-01-29 12:00:00+00:00,10.059999999999999,5.720000000000001,3.0
2025-01-29 13:00:00+00:00,10.4,5.82,3.0
2025-01-29 14:00:00+00:00,10.440000000000001,6.04,61.0
2025-01-29 15:00:00+00:00,10.16,6.0,61.0
2025-01-29 16:00:00+00:00,10.0,6.1,61.0
2025-01-29 17:00:00+00:00,9.9,6.34,61.0
2025-01-29 18:00:00+00:00,9.42,6.0200000000000005,61.0
2025-01-29 19:00:00+00:00,9.14,6.16,61.0
2025-01-29 20:00:00+00:00,8.82,5.44,3.0
2025-01-29 21:00:00+00:00,8.4,5.26,61.0
2025-01-29 22:00:00+00:00,8.16,5.1,3.0
2025-01-29 23:00:00+00:00,8.08,4.9,3.0
2025-01-30 00:00:00+00:00,7.459999999999999,4.16,3.0
2025-01-30 01:00:00+00:00,7.4799999999999995,3.9799999999999995,2.0
2025-01-30 02:00:00+00:00,7.4,3.7,3.0
2025-01-30 03:00:00+00:00,7.56,3.9800000000000004,3.0
2025-01-30 04:00:00+00:00,7.9799999999999995,4.24,80.0
2025-01-30 05:00:00+00:00,8.24,4.5600000000000005,61.0
2025-01-30 06:00:00+00:00,7.74,3.9799999999999995,3.0
2025-01-30 07:00:00+00:00,7.959999999999999,4.26,3.0
2025-01-30 08:00:00+00:00,8.48,4.68,61.0
2025-01-30 09:00:00+00:00,8.959999999999999,4.9799999999999995,61.0
2025-01-30 10:00:00+00:00,9.32,5.220000000000001,80.0
2025-01-30 11:00:00+00:00,9.78,5.62,61.0
2025-01-30 12:00:00+00:00,9.52,5.1,3.0
2025-01-30 13:00:00+00:00,9.76,5.38,3.0
2025-01-30 14:00:00+00:00,9.9,5.9,3.0
2025-01-30 15:00:00+00:00,9.8,5.84,3.0
2025-01-30 16:00:00+00:00,9.32,5.34,61.0
2025-01-30 17:00:00+00:00,8.919999999999998,4.9799999999999995,3.0
2025-01-30 18:00:00+00:00,7.720000000000001,3.2,3.0
2025-01-30 19:00:00+00:00,7.459999999999999,2.9200000000000004,3.0
2025-01-30 20:00:00+00:00,7.0600000000000005,2.66,3.0
2025-01-30 21:00:00+00:00,6.8,2.7199999999999998,3.0
2025-01-30 22:00:00+00:00,6.5200000000000005,2.7800000000000002,61.0
2025-01-30 23:00:00+00:00,6.220000000000001,2.6,3.0
2025-01-31 00:00:00+00:00,6.06,3.08,3.0
2025-01-31 01:00:00+00:00,5.5600000000000005,2.7,0.0
2025-01-31 02:00:00+00:00,5.1,2.34,0.0
2025-01-31 03:00:00+00:00,4.62,2.02,2.0
2025-01-31 04:00:00+00:00,4.18,1.5,2.0
2025-01-31 05:00:00+00:00,3.84,1.1800000000000002,2.0
2025-01-31 06:00:00+00:00,3.62,1.08,2.0
2025-01-31 07:00:00+00:00,3.1799999999999997,0.78,2.0
2025-01-31 08:00:00+00:00,3.02,0.74,2.0
2025-01-31 09:00:00+00:00,3.9799999999999995,1.7,2.0
2025-01-31 10:00:00+00:00,5.5,3.38,1.0
2025-01-31 11:00:00+00:00,6.92,4.6,2.0
2025-01-31 12:00:00+00:00,7.62,5.06,0.0
2025-01-31 13:00:00+00:00,8.440000000000001,5.62,2.0
2025-01-31 14:00:00+00:00,8.84,5.5200000000000005,1.0
2025-01-31 15:00:00+00:00,8.86,5.46,1.0
2025-01-31 16:00:00+00:00,8.42,5.24,2.0
2025-01-31 17:00:00+00:00,7.38,4.68,1.0
2025-01-31 18:00:00+00:00,7.12,4.62,2.0
2025-01-31 19:00:00+00:00,6.4,3.9199999999999995,61.0
2025-01-31 20:00:00+00:00,5.96,3.4200000000000004,3.0
2025-01-31 21:00:00+00:00,5.84,2.96,3.0
2025-01-31 22:00:00+00:00,5.84,3.06,1.0
2025-01-31 23:00:00+00:00,5.82,3.2,61.0
2025-02-01 00:00:00+00:00,5.9399999999999995,3.2399999999999998,2.0
2025-02-01 01:00:00+00:00,5.9,3.34,2.0
2025-02-01 02:00:00+00:00,5.82,3.18,3.0
2025-02-01 03:00:00+00:00,5.92,3.4,2.0
2025-02-01 04:00:00+00:00,6.04,3.56,3.0
2025-02-01 05:00:00+00:00,5.94,3.5,2.0
2025-02-01 06:00:00+00:00,5.58,2.96,2.0
2025-02-01 07:00:00+00:00,4.92,2.22,2.0
2025-02-01 08:00:00+00:00,4.5600000000000005,2.02,2.0
2025-02-01 09:00:00+00:00,5.12,2.6599999999999997,2.0
2025-02-01 10:00:00+00:00,5.9799999999999995,3.4,2.0
2025-02-01 11:00:00+00:00,6.82,4.220000000000001,2.0
2025-02-01 12:00:00+00:00,8.26,5.36,2.0
2025-02-01 13:00:00+00:00,8.84,6.08,2.0
2025-02-01 14:00:00+00:00,9.14,6.459999999999999,2.0
2025-02-01 15:00:00+00:00,9.08,6.44,2.0
2025-02-01 16:00:00+00:00,8.639999999999999,6.12,2.0
2025-02-01 17:00:00+00:00,7.58,5.4399999999999995,2.0
2025-02-01 18:00:00+00:00,6.5,4.4799999999999995,1.0
2025-02-01 19:00:00+00:00,5.8,3.7399999999999998,0.0
2025-02-01 20:00:00+00:00,5.16,3.06,0.0
2025-02-01 21:00:00+00:00,4.4399999999999995,2.2600000000000002,0.0
2025-02-01 22:00:00+00:00,3.8,1.6800000000000002,0.0
2025-02-01 23:00:00+00:00,3.44,1.1600000000000001,0.0
2025-02-02 00:00:00+00:00,3.44,1.1800000000000002,0.0
2025-02-02 01:00:00+00:00,3.0,0.74,0.0
2025-02-02 02:00:00+00:00,2.64,0.3,45.0
2025-02-02 03:00:00+00:00,2.1399999999999997,-0.24000000000000007,45.0
2025-02-02 04:00:00+00:00,1.8199999999999998,-0.6399999999999999,45.0
2025-02-02 05:00:00+00:00,1.24,-1.4,45.0
2025-02-02 06:00:00+00:00,0.5,-2.42,45.0
2025-02-02 07:00:00+00:00,0.28,-2.66,45.0
2025-02-02 08:00:00+00:00,0.36,-2.56,45.0
2025-02-02 09:00:00+00:00,1.78,-0.9800000000000001,0.0
2025-02-02 10:00:00+00:00,4.4,1.7200000000000002,0.0
2025-02-02 11:00:00+00:00,6.4799999999999995,3.8600000000000003,0.0
2025-02-02 12:00:00+00:00,8.2,5.68,0.0
2025-02-02 13:00:00+00:00,9.36,7.2,0.0
2025-02-02 14:00:00+00:00,10.16,8.040000000000001,0.0
2025-02-02 15:00:00+00:00,10.28,7.919999999999999,1.0
2025-02-02 16:00:00+00:00,9.82,7.4799999999999995,0.0
2025-02-02 17:00:00+00:00,8.7,6.62,0.0
2025-02-02 18:00:00+00:00,7.1,5.04,0.0
2025-02-02 19:00:00+00:00,6.0,3.84,0.0
2025-02-02 20:00:00+00:00,4.96,2.6799999999999997,0.0
2025-02-02 21:00:00+00:00,4.1,1.78,1.0
2025-02-02 22:00:00+00:00,3.3800000000000003,0.9199999999999999,1.0
2025-02-02 23:00:00+00:00,2.88,0.38,45.0
2025-02-03 00:00:00+00:00,2.62,0.1,45.0
2025-02-03 01:00:00+00:00,2.1,-0.44000000000000006,45.0
2025-02-03 02:00:00+00:00,1.8,-0.82,45.0
2025-02-03 03:00:00+00:00,1.56,-1.08,45.0
2025-02-03 04:00:00+00:00,1.3199999999999998,-1.38,45.0
2025-02-03 05:00:00+00:00,1.04,-1.7399999999999998,45.0
2025-02-03 06:00:00+00:00,2.0,-0.2799999999999999,45.0
2025-02-03 07:00:00+00:00,1.6,-0.8,45.0
2025-02-03 08:00:00+00:00,1.42,-1.1,45.0
2025-02-03 09:00:00+00:00,2.46,0.2,45.0
2025-02-03 10:00:00+00:00,4.46,2.48,45.0
2025-02-03 11:00:00+00:00,6.659999999999999,4.84,1.0
2025-02-03 12:00:00+00:00,7.4799999999999995,5.8,1.0
2025-02-03 13:00:00+00:00,8.78,6.9,1.0
2025-02-03 14:00:00+00:00,9.440000000000001,7.340000000000001,0.0
2025-02-03 15:00:00+00:00,9.42,7.4,1.0
2025-02-03 16:00:00+00:00,8.98,7.0200000000000005,0.0
2025-02-03 17:00:00+00:00,7.76,6.14,0.0
2025-02-03 18:00:00+00:00,6.720000000000001,5.1,0.0
2025-02-03 19:00:00+00:00,5.92,4.32,0.0
2025-02-03 20:00:00+00:00,5.1,3.4,0.0
2025-02-03 21:00:00+00:00,4.5,2.7199999999999998,45.0
2025-02-03 22:00:00+00:00,3.9200000000000004,1.98,45.0
2025-02-03 23:00:00+00:00,3.28,1.18,45.0
2025-02-04 00:00:00+00:00,2.94,0.6799999999999999,45.0
2025-02-04 01:00:00+00:00,2.04,-0.42000000000000004,45.0
2025-02-04 02:00:00+00:00,1.3800000000000001,-1.2,45.0
2025-02-04 03:00:00+00:00,1.08,-1.5399999999999998,45.0
2025-02-04 04:00:00+00:00,0.76,-1.9400000000000002,45.0
2025-02-04 05:00:00+00:00,0.39999999999999997,-2.4,45.0
2025-02-04 06:00:00+00:00,0.9400000000000001,-1.6800000000000002,45.0
2025-02-04 07:00:00+00:00,0.54,-2.18,45.0
2025-02-04 08:00:00+00:00,0.31999999999999995,-2.52,45.0
2025-02-04 09:00:00+00:00,1.3599999999999999,-1.2999999999999998,45.0
2025-02-04 10:00:00+00:00,3.84,1.7,45.0
2025-02-04 11:00:00+00:00,6.840000000000001,4.840000000000001,0.0
2025-02-04 12:00:00+00:00,9.260000000000002,7.280000000000001,0.0
2025-02-04 13:00:00+00:00,11.0,9.1,0.0
2025-02-04 14:00:00+00:00,11.9,9.98,0.0
2025-02-04 15:00:00+00:00,12.08,10.24,0.0
2025-02-04 16:00:00+00:00,11.66,9.98,0.0
2025-02-04 17:00:00+00:00,10.3,8.92,0.0
2025-02-04 18:00:00+00:00,8.86,7.24,0.0
2025-02-04 19:00:00+00:00,7.6,6.0,0.0
2025-02-04 20:00:00+00:00,6.58,4.76,0.0
2025-02-04 21:00:00+00:00,5.66,3.7199999999999998,2.0
2025-02-04 22:00:00+00:00,5.32,3.4200000000000004,2.0
2025-02-04 23:00:00+00:00,4.92,3.04,2.0
2025-02-05 00:00:00+00:00,3.2399999999999998,0.9800000000000002,45.0
2025-02-05 01:00:00+00:00,2.7600000000000002,0.5200000000000001,45.0
2025-02-05 02:00:00+00:00,2.6,0.24,45.0
2025-02-05 03:00:00+00:00,2.44,0.0999999999999999,45.0
2025-02-05 04:00:00+00:00,2.22,-0.2,45.0
2025-02-05 05:00:00+00:00,1.9,-0.5200000000000001,45.0
2025-02-05 06:00:00+00:00,2.04,-0.33999999999999997,45.0
2025-02-05 07:00:00+00:00,1.9,-0.5,45.0
2025-02-05 08:00:00+00:00,2.04,-0.29999999999999993,45.0
2025-02-05 09:00:00+00:00,3.28,1.2399999999999998,45.0
2025-02-05 10:00:00+00:00,5.4799999999999995,3.72,45.0
2025-02-05 11:00:00+00:00,7.6800000000000015,6.039999999999999,0.0
2025-02-05 12:00:00+00:00,9.540000000000001,7.5,2.0
2025-02-05 13:00:00+00:00,10.58,8.48,1.0
2025-02-05 14:00:00+00:00,11.120000000000001,8.879999999999999,1.0
2025-02-05 15:00:00+00:00,11.18,8.72,2.0
2025-02-05 16:00:00+00:00,10.82,8.440000000000001,1.0
2025-02-05 17:00:00+00:00,9.7,7.62,1.0
2025-02-05 18:00:00+00:00,8.3,6.279999999999999,0.0
2025-02-05 19:00:00+00:00,7.38,5.24,0.0
2025-02-05 20:00:00+00:00,6.859999999999999,4.6,0.0
2025-02-05 21:00:00+00:00,6.119999999999999,3.6799999999999997,0.0
2025-02-05 22:00:00+00:00,5.24,2.7600000000000002,1.0
2025-02-05 23:00:00+00:00,4.779999999999999,2.1599999999999997,45.0
2025-02-06 00:00:00+00:00,4.3,1.34,3.0
2025-02-06 01:00:00+00:00,3.8200000000000003,0.8,3.0
2025-02-06 02:00:00+00:00,3.72,0.64,3.0
2025-02-06 03:00:00+00:00,3.56,0.56,3.0
2025-02-06 04:00:00+00:00,3.4,0.38,3.0
2025-02-06 05:00:00+00:00,3.1799999999999997,-0.02,2.0
2025-02-06 06:00:00+00:00,2.66,-0.44000000000000006,45.0
2025-02-06 07:00:00+00:00,2.3,-0.96,45.0
2025-02-06 08:00:00+00:00,2.66,-0.68,2.0
2025-02-06 09:00:00+00:00,3.8,0.38,3.0
2025-02-06 10:00:00+00:00,5.54,2.16,2.0
2025-02-06 11:00:00+00:00,7.3,3.9199999999999995,2.0
2025-02-06 12:00:00+00:00,8.879999999999999,5.5600000000000005,0.0
2025-02-06 13:00:00+00:00,9.74,6.32,0.0
2025-02-06 14:00:00+00:00,10.18,6.74,1.0
2025-02-06 15:00:00+00:00,10.120000000000001,6.6,1.0
2025-02-06 16:00:00+00:00,9.559999999999999,6.040000000000001,0.0
2025-02-06 17:00:00+00:00,8.22,4.88,0.0
2025-02-06 18:00:00+00:00,6.5,3.54,3.0
2025-02-06 19:00:00+00:00,5.36,2.46,3.0
2025-02-06 20:00:00+00:00,4.4799999999999995,1.6199999999999999,3.0
2025-02-06 21:00:00+00:00,3.4799999999999995,0.58,3.0
2025-02-06 22:00:00+00:00,2.62,-0.24,3.0
2025-02-06 23:00:00+00:00,2.18,-0.6599999999999999,3.0
2025-02-07 00:00:00+00:00,3.5,0.4999999999999999,3.0
2025-02-07 01:00:00+00:00,3.54,0.5199999999999999,3.0
2025-02-07 02:00:00+00:00,3.56,0.68,3.0
2025-02-07 03:00:00+00:00,3.34,0.5,3.0
2025-02-07 04:00:00+00:00,3.28,0.4,3.0
2025-02-07 05:00:00+00:00,3.5799999999999996,0.78,3.0
2025-02-07 06:00:00+00:00,3.0,0.18000000000000002,3.0
2025-02-07 07:00:00+00:00,2.94,0.1,3.0
2025-02-07 08:00:00+00:00,3.18,0.43999999999999995,3.0
2025-02-07 09:00:00+00:00,3.7399999999999998,0.82,3.0
2025-02-07 10:00:00+00:00,4.34,1.48,3.0
2025-02-07 11:00:00+00:00,5.0200000000000005,2.08,3.0
2025-02-07 12:00:00+00:00,6.279999999999999,3.6799999999999997,3.0
2025-02-07 13:00:00+00:00,6.859999999999999,4.2,61.0
2025-02-07 14:00:00+00:00,7.040000000000001,4.2,61.0
2025-02-07 15:00:00+00:00,6.9799999999999995,4.32,61.0
2025-02-07 16:00:00+00:00,6.7,4.0600000000000005,61.0
2025-02-07 17:00:00+00:00,6.24,3.78,3.0
2025-02-07 18:00:00+00:00,9.22,6.3,3.0
2025-02-07 19:00:00+00:00,8.64,5.64,3.0
2025-02-07 20:00:00+00:00,8.379999999999999,5.4,3.0
2025-02-07 21:00:00+00:00,7.8,4.819999999999999,3.0
2025-02-07 22:00:00+00:00,7.38,4.46,61.0
2025-02-07 23:00:00+00:00,7.26,4.62,61.0
2025-02-08 00:00:00+00:00,6.58,3.46,61.0
2025-02-08 01:00:00+00:00,5.9,2.8600000000000003,61.0
2025-02-08 02:00:00+00:00,5.8,2.86,61.0
2025-02-08 03:00:00+00:00,5.9,2.98,3.0
2025-02-08 04:00:00+00:00,5.84,2.98,3.0
2025-02-08 05:00:00+00:00,5.74,2.92,3.0
2025-02-08 06:00:00+00:00,3.44,0.64,3.0
2025-02-08 07:00:00+00:00,3.34,0.48,3.0
2025-02-08 08:00:00+00:00,3.34,0.5399999999999999,45.0
2025-02-08 09:00:00+00:00,4.4799999999999995,1.58,2.0
2025-02-08 10:00:00+00:00,6.0,2.8,1.0
2025-02-08 11:00:00+00:00,7.159999999999999,3.8,2.0
2025-02-08 12:00:00+00:00,8.02,3.9,3.0
2025-02-08 13:00:00+00:00,8.319999999999999,4.2,2.0
2025-02-08 14:00:00+00:00,8.64,4.62,3.0
2025-02-08 15:00:00+00:00,8.559999999999999,4.659999999999999,80.0
2025-02-08 16:00:00+00:00,8.14,4.54,2.0
2025-02-08 17:00:00+00:00,7.3,4.34,1.0
2025-02-08 18:00:00+00:00,6.44,4.24,2.0
2025-02-08 19:00:00+00:00,5.66,3.56,2.0
2025-02-08 20:00:00+00:00,4.959999999999999,2.8600000000000003,2.0
2025-02-08 21:00:00+00:00,4.24,2.02,2.0
2025-02-08 22:00:00+00:00,3.6,1.2200000000000002,1.0
2025-02-08 23:00:00+00:00,2.94,0.44000000000000006,45.0
2025-02-09 00:00:00+00:00,3.08,0.6,3.0
2025-02-09 01:00:00+00:00,2.9999999999999996,0.41999999999999993,2.0
2025-02-09 02:00:00+00:00,2.84,0.2000000000000001,2.0
2025-02-09 03:00:00+00:00,2.74,0.039999999999999994,2.0
2025-02-09 04:00:00+00:00,2.66,-0.07999999999999996,2.0
2025-02-09 05:00:00+00:00,2.6399999999999997,-0.11999999999999995,2.0
2025-02-09 06:00:00+00:00,3.1399999999999997,0.4200000000000001,3.0
2025-02-09 07:00:00+00:00,3.22,0.5,2.0
2025-02-09 08:00:00+00:00,3.4799999999999995,0.78,2.0
2025-02-09 09:00:00+00:00,4.459999999999999,1.7399999999999998,3.0
2025-02-09 10:00:00+00:00,6.04,3.2,3.0
2025-02-09 11:00:00+00:00,7.340000000000001,4.46,1.0
2025-02-09 12:00:00+00:00,8.52,5.84,3.0
2025-02-09 13:00:00+00:00,9.2,6.68,2.0
2025-02-09 14:00:00+00:00,9.440000000000001,7.140000000000001,3.0
2025-02-09 15:00:00+00:00,9.58,7.359999999999999,3.0
2025-02-09 16:00:00+00:00,9.4,7.26,3.0
2025-02-09 17:00:00+00:00,8.76,6.94,3.0
2025-02-09 18:00:00+00:00,8.02,6.26,3.0
2025-02-09 19:00:00+00:00,7.540000000000001,5.779999999999999,3.0
2025-02-09 20:00:00+00:00,7.0200000000000005,5.26,3.0
2025-02-09 21:00:00+00:00,6.62,4.82,3.0
2025-02-09 22:00:00+00:00,6.279999999999999,4.42,3.0
2025-02-09 23:00:00+00:00,6.06,4.220000000000001,3.0
2025-02-10 00:00:00+00:00,6.82,4.9,3.0
2025-02-10 01:00:00+00:00,6.76,4.9,3.0
2025-02-10 02:00:00+00:00,6.68,4.76,3.0
2025-02-10 03:00:00+00:00,6.62,4.7,3.0
2025-02-10 04:00:00+00:00,6.56,4.64,3.0
2025-02-10 05:00:00+00:00,6.56,4.68,3.0
2025-02-10 06:00:00+00:00,6.68,4.74,3.0
2025-02-10 07:00:00+00:00,6.62,4.7,3.0
2025-02-10 08:00:00+00:00,6.8,5.0200000000000005,3.0
2025-02-10 09:00:00+00:00,7.659999999999999,6.12,3.0
2025-02-10 10:00:00+00:00,8.719999999999999,7.4,3.0
2025-02-10 11:00:00+00:00,9.98,8.72,3.0
2025-02-10 12:00:00+00:00,11.0,9.34,3.0
2025-02-10 13:00:00+00:00,11.459999999999999,9.82,3.0
2025-02-10 14:00:00+00:00,11.66,10.3,80.0
2025-02-10 15:00:00+00:00,11.64,10.34,2.0
2025-02-10 16:00:00+00:00,11.3,10.1,2.0
2025-02-10 17:00:00+00:00,10.66,9.559999999999999,3.0
2025-02-10 18:00:00+00:00,10.620000000000001,9.68,3.0
2025-02-10 19:00:00+00:00,9.98,8.98,3.0
2025-02-10 20:00:00+00:00,9.379999999999999,8.32,45.0
2025-02-10 21:00:00+00:00,8.84,7.780000000000001,45.0
2025-02-10 22:00:00+00:00,8.48,7.359999999999999,2.0
2025-02-10 23:00:00+00:00,8.24,6.9799999999999995,45.0
2025-02-11 00:00:00+00:00,6.18,4.3,3.0
2025-02-11 01:00:00+00:00,5.9799999999999995,4.06,3.0
2025-02-11 02:00:00+00:00,5.860000000000001,3.8600000000000003,3.0
2025-02-11 03:00:00+00:00,5.78,3.6799999999999997,3.0
2025-02-11 04:00:00+00:00,5.7,3.62,3.0
2025-02-11 05:00:00+00:00,5.7,3.6,3.0
2025-02-11 06:00:00+00:00,6.4799999999999995,4.38,3.0
2025-02-11 07:00:00+00:00,6.5200000000000005,4.42,3.0
2025-02-11 08:00:00+00:00,6.74,4.66,3.0
2025-02-11 09:00:00+00:00,8.120000000000001,6.36,3.0
2025-02-11 10:00:00+00:00,10.260000000000002,8.58,3.0
2025-02-11 11:00:00+00:00,11.8,10.24,3.0
2025-02-11 12:00:00+00:00,13.4,11.66,3.0
2025-02-11 13:00:00+00:00,14.319999999999999,12.459999999999999,3.0
2025-02-11 14:00:00+00:00,14.559999999999999,12.8,3.0
2025-02-11 15:00:00+00:00,14.52,12.84,3.0
2025-02-11 16:00:00+00:00,14.1,12.84,3.0
2025-02-11 17:00:00+00:00,12.959999999999999,11.98,3.0
2025-02-11 18:00:00+00:00,10.92,9.66,0.0
2025-02-11 19:00:00+00:00,9.82,8.36,0.0
2025-02-11 20:00:00+00:00,9.14,7.459999999999999,2.0
2025-02-11 21:00:00+00:00,8.66,6.859999999999999,1.0
2025-02-11 22:00:00+00:00,8.34,6.36,2.0
2025-02-11 23:00:00+00:00,7.9,5.86,1.0
2025-02-12 00:00:00+00:00,7.779999999999999,5.7,1.0
2025-02-12 01:00:00+00:00,7.5200000000000005,5.42,1.0
2025-02-12 02:00:00+00:00,7.4,5.279999999999999,2.0
2025-02-12 03:00:00+00:00,7.4,5.279999999999999,3.0
2025-02-12 04:00:00+00:00,7.42,5.42,3.0
2025-02-12 05:00:00+00:00,7.58,5.48,3.0
2025-02-12 06:00:00+00:00,6.859999999999999,4.76,3.0
2025-02-12 07:00:00+00:00,7.1,5.08,3.0
2025-02-12 08:00:00+00:00,7.58,5.640000000000001,3.0
2025-02-12 09:00:00+00:00,8.84,7.18,3.0
2025-02-12 10:00:00+00:00,10.459999999999999,8.92,3.0
2025-02-12 11:00:00+00:00,11.42,9.739999999999998,3.0
2025-02-12 12:00:00+00:00,11.440000000000001,9.26,61.0
2025-02-12 13:00:00+00:00,11.64,9.66,61.0
2025-02-12 14:00:00+00:00,11.559999999999999,9.739999999999998,61.0
2025-02-12 15:00:00+00:00,11.5,9.8,3.0
2025-02-12 16:00:00+00:00,11.28,9.719999999999999,3.0
2025-02-12 17:00:00+00:00,10.7,9.18,3.0
2025-02-12 18:00:00+00:00,10.26,8.9,3.0
2025-02-12 19:00:00+00:00,9.959999999999999,8.58,3.0
2025-02-12 20:00:00+00:00,9.72,8.28,3.0
2025-02-12 21:00:00+00:00,9.440000000000001,7.859999999999999,2.0
2025-02-12 22:00:00+00:00,9.0,7.4,2.0
2025-02-12 23:00:00+00:00,8.540000000000001,6.9799999999999995,2.0
2025-02-13 00:00:00+00:00,9.059999999999999,7.720000000000001,3.0
2025-02-13 01:00:00+00:00,8.760000000000002,7.459999999999999,3.0
2025-02-13 02:00:00+00:00,8.5,7.24,3.0
2025-02-13 03:00:00+00:00,8.02,6.6,1.0
2025-02-13 04:00:00+00:00,7.44,5.88,2.0
2025-02-13 05:00:00+00:00,6.9,5.220000000000001,2.0
2025-02-13 06:00:00+00:00,6.92,5.16,3.0
2025-02-13 07:00:00+00:00,6.62,4.8,2.0
2025-02-13 08:00:00+00:00,6.94,5.04,3.0
2025-02-13 09:00:00+00:00,8.64,6.82,2.0
2025-02-13 10:00:00+00:00,10.66,8.86,3.0
2025-02-13 11:00:00+00:00,11.9,10.040000000000001,3.0
2025-02-13 12:00:00+00:00,12.76,10.959999999999999,3.0
2025-02-13 13:00:00+00:00,13.26,11.819999999999999,3.0
2025-02-13 14:00:00+00:00,13.38,11.919999999999998,3.0
2025-02-13 15:00:00+00:00,13.2,11.84,3.0
2025-02-13 16:00:00+00:00,12.6,11.48,3.0
2025-02-13 17:00:00+00:00,11.8,10.940000000000001,3.0
2025-02-13 18:00:00+00:00,11.059999999999999,10.36,3.0
2025-02-13 19:00:00+00:00,10.440000000000001,9.66,3.0
2025-02-13 20:00:00+00:00,9.959999999999999,9.16,3.0
2025-02-13 21:00:00+00:00,9.58,8.72,3.0
2025-02-13 22:00:00+00:00,9.42,8.559999999999999,3.0
2025-02-13 23:00:00+00:00,9.22,8.18,61.0
2025-02-14 00:00:00+00:00,9.28,8.34,61.0
2025-02-14 01:00:00+00:00,9.22,8.26,45.0
2025-02-14 02:00:00+00:00,9.24,8.28,3.0
2025-02-14 03:00:00+00:00,9.16,8.120000000000001,3.0
2025-02-14 04:00:00+00:00,9.0,7.859999999999999,3.0
2025-02-14 05:00:00+00:00,8.78,7.62,3.0
2025-02-14 06:00:00+00:00,8.52,7.140000000000001,3.0
2025-02-14 07:00:00+00:00,8.3,6.94,45.0
2025-02-14 08:00:00+00:00,8.32,6.9,3.0
2025-02-14 09:00:00+00:00,9.5,8.3,3.0
2025-02-14 10:00:00+00:00,10.74,9.58,2.0
2025-02-14 11:00:00+00:00,11.9,10.64,3.0
2025-02-14 12:00:00+00:00,13.62,12.64,3.0
2025-02-14 13:00:00+00:00,14.16,13.059999999999999,2.0
2025-02-14 14:00:00+00:00,14.440000000000001,13.16,2.0
2025-02-14 15:00:00+00:00,14.38,13.040000000000001,3.0
2025-02-14 16:00:00+00:00,14.1,12.76,1.0
2025-02-14 17:00:00+00:00,12.979999999999999,11.76,1.0
2025-02-14 18:00:00+00:00,10.379999999999999,8.42,0.0
2025-02-14 19:00:00+00:00,9.26,7.220000000000001,0.0
2025-02-14 20:00:00+00:00,8.42,6.2,0.0
2025-02-14 21:00:00+00:00,7.840000000000001,5.6,2.0
2025-02-14 22:00:00+00:00,7.220000000000001,4.8,1.0
2025-02-14 23:00:00+00:00,6.459999999999999,3.9599999999999995,0.0
2025-02-15 00:00:00+00:00,6.0600000000000005,3.38,0.0
2025-02-15 01:00:00+00:00,5.64,2.68,0.0
2025-02-15 02:00:00+00:00,5.279999999999999,2.38,1.0
2025-02-15 03:00:00+00:00,4.88,2.04,2.0
2025-02-15 04:00:00+00:00,4.459999999999999,1.5,3.0
2025-02-15 05:00:00+00:00,3.9799999999999995,1.06,3.0
2025-02-15 06:00:00+00:00,3.9,0.8600000000000001,3.0
2025-02-15 07:00:00+00:00,3.7399999999999998,0.6599999999999998,3.0
2025-02-15 08:00:00+00:00,4.0200000000000005,0.9399999999999998,3.0
2025-02-15 09:00:00+00:00,6.12,3.2600000000000002,3.0
2025-02-15 10:00:00+00:00,8.66,5.9399999999999995,3.0
2025-02-15 11:00:00+00:00,10.64,8.02,3.0
2025-02-15 12:00:00+00:00,12.8,10.48,1.0
2025-02-15 13:00:00+00:00,14.040000000000001,11.84,3.0
2025-02-15 14:00:00+00:00,14.8,12.74,3.0
2025-02-15 15:00:00+00:00,14.940000000000001,13.14,3.0
2025-02-15 16:00:00+00:00,14.36,12.9,3.0
2025-02-15 17:00:00+00:00,12.819999999999999,11.52,3.0
2025-02-15 18:00:00+00:00,11.18,9.62,3.0
2025-02-15 19:00:00+00:00,9.8,8.040000000000001,3.0
2025-02-15 20:00:00+00:00,8.62,6.62,3.0
2025-02-15 21:00:00+00:00,7.74,5.6,3.0
2025-02-15 22:00:00+00:00,7.18,4.84,3.0
2025-02-15 23:00:00+00:00,6.9,4.459999999999999,3.0
2025-02-16 00:00:00+00:00,6.94,4.4399999999999995,3.0
2025-02-16 01:00:00+00:00,6.859999999999999,4.34,3.0
2025-02-16 02:00:00+00:00,6.76,4.3,3.0
2025-02-16 03:00:00+00:00,6.56,4.0,3.0
2025-02-16 04:00:00+00:00,6.32,3.9199999999999995,3.0
2025-02-16 05:00:00+00:00,6.14,3.6799999999999997,3.0
2025-02-16 06:00:00+00:00,6.12,3.6,3.0
2025-02-16 07:00:00+00:00,6.0,3.5200000000000005,3.0
2025-02-16 08:00:00+00:00,6.74,4.42,3.0
2025-02-16 09:00:00+00:00,8.959999999999999,6.959999999999999,3.0
2025-02-16 10:00:00+00:00,11.14,9.540000000000001,3.0
2025-02-16 11:00:00+00:00,12.580000000000002,10.6,3.0
2025-02-16 12:00:00+00:00,14.02,12.08,3.0
2025-02-16 13:00:00+00:00,14.280000000000001,12.28,3.0
2025-02-16 14:00:00+00:00,13.920000000000002,12.059999999999999,3.0
2025-02-16 15:00:00+00:00,13.440000000000001,11.96,3.0
2025-02-16 16:00:00+00:00,12.84,11.620000000000001,3.0
2025-02-16 17:00:00+00:00,12.059999999999999,11.32,3.0
2025-02-16 18:00:00+00:00,11.72,10.360000000000001,61.0
2025-02-16 19:00:00+00:00,11.18,9.879999999999999,61.0
2025-02-16 20:00:00+00:00,10.8,9.42,3.0
2025-02-16 21:00:00+00:00,10.580000000000002,8.98,2.0
2025-02-16 22:00:00+00:00,10.16,8.48,2.0
2025-02-16 23:00:00+00:00,9.82,8.32,3.0
2025-02-17 00:00:00+00:00,9.959999999999999,8.84,61.0
2025-02-17 01:00:00+00:00,9.879999999999999,8.76,3.0
2025-02-17 02:00:00+00:00,9.78,8.72,3.0
2025-02-17 03:00:00+00:00,9.620000000000001,8.620000000000001,3.0
2025-02-17 04:00:00+00:00,9.42,8.379999999999999,2.0
2025-02-17 05:00:00+00:00,9.22,8.2,2.0
2025-02-17 06:00:00+00:00,7.859999999999999,6.359999999999999,2.0
2025-02-17 07:00:00+00:00,7.76,6.24,3.0
2025-02-17 08:00:00+00:00,7.94,6.44,2.0
2025-02-17 09:00:00+00:00,9.22,7.859999999999999,0.0
2025-02-17 10:00:00+00:00,10.48,8.9,1.0
2025-02-17 11:00:00+00:00,11.379999999999999,9.84,2.0
2025-02-17 12:00:00+00:00,12.819999999999999,11.620000000000001,2.0
2025-02-17 13:00:00+00:00,13.52,12.26,2.0
2025-02-17 14:00:00+00:00,13.680000000000001,12.26,2.0
2025-02-17 15:00:00+00:00,13.74,12.5,1.0
2025-02-17 16:00:00+00:00,13.5,12.120000000000001,1.0
2025-02-17 17:00:00+00:00,12.58,11.7,2.0
2025-02-17 18:00:00+00:00,11.7,10.440000000000001,2.0
2025-02-17 19:00:00+00:00,10.419999999999998,9.24,3.0
2025-02-17 20:00:00+00:00,9.4,8.059999999999999,0.0
2025-02-17 21:00:00+00:00,8.64,7.140000000000001,1.0
2025-02-17 22:00:00+00:00,7.88,6.26,1.0
2025-02-17 23:00:00+00:00,7.340000000000001,5.5,1.0
2025-02-18 00:00:00+00:00,6.6,4.5200000000000005,1.0
2025-02-18 01:00:00+00:00,6.220000000000001,4.1,2.0
2025-02-18 02:00:00+00:00,5.9,3.6399999999999997,2.0
2025-02-18 03:00:00+00:00,5.7,3.28,0.0
2025-02-18 04:00:00+00:00,5.54,3.04,0.0
2025-02-18 05:00:00+00:00,5.4399999999999995,2.8200000000000003,3.0
2025-02-18 06:00:00+00:00,5.76,3.1399999999999997,3.0
2025-02-18 07:00:00+00:00,5.7,2.9799999999999995,3.0
2025-02-18 08:00:00+00:00,6.319999999999999,3.66,3.0
2025-02-18 09:00:00+00:00,8.74,6.279999999999999,3.0
2025-02-18 10:00:00+00:00,11.66,9.26,3.0
2025-02-18 11:00:00+00:00,14.180000000000001,11.72,3.0
2025-02-18 12:00:00+00:00,16.080000000000002,13.6,3.0
2025-02-18 13:00:00+00:00,17.18,14.66,3.0
2025-02-18 14:00:00+00:00,17.580000000000002,15.0,3.0
2025-02-18 15:00:00+00:00,17.48,15.12,3.0
2025-02-18 16:00:00+00:00,16.78,14.919999999999998,3.0
2025-02-18 17:00:00+00:00,15.419999999999998,14.12,3.0
2025-02-18 18:00:00+00:00,13.8,12.4,3.0
2025-02-18 19:00:00+00:00,12.459999999999999,10.82,3.0
2025-02-18 20:00:00+00:00,11.4,9.64,3.0
2025-02-18 21:00:00+00:00,10.459999999999999,8.5,3.0
2025-02-18 22:00:00+00:00,9.66,7.540000000000001,3.0
2025-02-18 23:00:00+00:00,9.18,6.840000000000001,3.0
2025-02-19 00:00:00+00:00,8.74,6.459999999999999,3.0
2025-02-19 01:00:00+00:00,8.4,6.1,3.0
2025-02-19 02:00:00+00:00,8.22,5.86,3.0
2025-02-19 03:00:00+00:00,8.06,5.68,3.0
2025-02-19 04:00:00+00:00,8.0,5.6,3.0
2025-02-19 05:00:00+00:00,8.040000000000001,5.74,3.0
2025-02-19 06:00:00+00:00,8.940000000000001,6.6,3.0
2025-02-19 07:00:00+00:00,9.16,6.88,2.0
2025-02-19 08:00:00+00:00,9.96,7.719999999999999,3.0
2025-02-19 09:00:00+00:00,12.0,9.84,3.0
2025-02-19 10:00:00+00:00,14.3,12.14,3.0
2025-02-19 11:00:00+00:00,15.98,13.540000000000001,3.0
2025-02-19 12:00:00+00:00,16.82,14.580000000000002,3.0
2025-02-19 13:00:00+00:00,17.339999999999996,15.319999999999999,3.0
2025-02-19 14:00:00+00:00,17.380000000000003,15.680000000000001,3.0
2025-02-19 15:00:00+00:00,16.919999999999998,15.459999999999999,2.0
2025-02-19 16:00:00+00:00,16.22,14.959999999999999,2.0
2025-02-19 17:00:00+00:00,15.2,14.3,3.0
2025-02-19 18:00:00+00:00,13.84,13.040000000000001,3.0
2025-02-19 19:00:00+00:00,13.040000000000001,12.24,3.0
2025-02-19 20:00:00+00:00,12.24,11.4,3.0
2025-02-19 21:00:00+00:00,11.5,10.58,3.0
2025-02-19 22:00:00+00:00,10.82,9.72,2.0
2025-02-19 23:00:00+00:00,10.34,9.059999999999999,3.0
2025-02-20 00:00:00+00:00,10.1,8.9,2.0
2025-02-20 01:00:00+00:00,9.48,8.16,2.0
2025-02-20 02:00:00+00:00,9.02,7.56,2.0
2025-02-20 03:00:00+00:00,8.76,7.3,2.0
2025-02-20 04:00:00+00:00,8.559999999999999,6.9399999999999995,45.0
2025-02-20 05:00:00+00:00,8.48,6.859999999999999,3.0
2025-02-20 06:00:00+00:00,8.4,6.4,3.0
2025-02-20 07:00:00+00:00,8.32,6.32,3.0
2025-02-20 08:00:00+00:00,9.04,7.039999999999999,1.0
2025-02-20 09:00:00+00:00,11.48,9.7,1.0
2025-02-20 10:00:00+00:00,14.24,12.620000000000001,1.0
2025-02-20 11:00:00+00:00,16.1,14.36,1.0
2025-02-20 12:00:00+00:00,17.28,15.48,2.0
2025-02-20 13:00:00+00:00,18.14,16.380000000000003,2.0
2025-02-20 14:00:00+00:00,18.52,16.9,3.0
2025-02-20 15:00:00+00:00,18.56,17.119999999999997,1.0
2025-02-20 16:00:00+00:00,18.1,16.92,1.0
2025-02-20 17:00:00+00:00,16.78,16.119999999999997,1.0
2025-02-20 18:00:00+00:00,15.339999999999998,14.7,3.0
2025-02-20 19:00:00+00:00,13.8,13.080000000000002,2.0
2025-02-20 20:00:00+00:00,12.620000000000001,11.8,1.0
2025-02-20 21:00:00+00:00,11.860000000000001,10.9,1.0
2025-02-20 22:00:00+00:00,11.2,10.040000000000001,1.0
2025-02-20 23:00:00+00:00,10.620000000000001,9.28,1.0
2025-02-21 00:00:00+00:00,10.3,8.8,1.0
2025-02-21 01:00:00+00:00,9.84,8.08,1.0
2025-02-21 02:00:00+00:00,9.559999999999999,7.56,2.0
2025-02-21 03:00:00+00:00,9.22,6.94,3.0
2025-02-21 04:00:00+00:00,9.120000000000001,6.56,3.0
2025-02-21 05:00:00+00:00,9.1,6.5,3.0
2025-02-21 06:00:00+00:00,9.440000000000001,6.74,3.0
2025-02-21 07:00:00+00:00,9.32,6.4799999999999995,3.0
2025-02-21 08:00:00+00:00,9.9,6.9,3.0
2025-02-21 09:00:00+00:00,12.040000000000001,9.02,3.0
2025-02-21 10:00:00+00:00,14.6,11.24,3.0
2025-02-21 11:00:00+00:00,16.26,12.620000000000001,3.0
2025-02-21 12:00:00+00:00,17.5,13.88,3.0
2025-02-21 13:00:00+00:00,18.2,14.66,3.0
2025-02-21 14:00:00+00:00,18.380000000000003,14.86,3.0
2025-02-21 15:00:00+00:00,18.160000000000004,14.839999999999998,3.0
2025-02-21 16:00:00+00:00,17.4,14.36,3.0
2025-02-21 17:00:00+00:00,16.4,13.7,3.0
2025-02-21 18:00:00+00:00,15.66,12.64,3.0
2025-02-21 19:00:00+00:00,14.88,11.879999999999999,3.0
2025-02-21 20:00:00+00:00,14.1,11.040000000000001,3.0
2025-02-21 21:00:00+00:00,13.419999999999998,10.52,3.0
2025-02-21 22:00:00+00:00,13.12,10.28,3.0
2025-02-21 23:00:00+00:00,12.32,9.6,3.0
2025-02-22 00:00:00+00:00,12.680000000000001,9.66,3.0
2025-02-22 01:00:00+00:00,12.3,9.540000000000001,3.0
2025-02-22 02:00:00+00:00,11.559999999999999,8.84,3.0
2025-02-22 03:00:00+00:00,11.42,8.98,61.0
2025-02-22 04:00:00+00:00,11.4,8.879999999999999,63.0
2025-02-22 05:00:00+00:00,11.120000000000001,8.6,61.0
2025-02-22 06:00:00+00:00,10.72,8.26,61.0
2025-02-22 07:00:00+00:00,10.64,8.28,61.0
2025-02-22 08:00:00+00:00,10.68,8.459999999999999,61.0
2025-02-22 09:00:00+00:00,11.080000000000002,8.82,61.0
2025-02-22 10:00:00+00:00,11.48,9.14,61.0
2025-02-22 11:00:00+00:00,11.959999999999999,9.24,61.0
2025-02-22 12:00:00+00:00,13.34,10.9,2.0
2025-02-22 13:00:00+00:00,13.62,11.18,2.0
2025-02-22 14:00:00+00:00,13.66,11.26,2.0
2025-02-22 15:00:00+00:00,13.540000000000001,11.180000000000001,2.0
2025-02-22 16:00:00+00:00,13.059999999999999,11.040000000000001,2.0
2025-02-22 17:00:00+00:00,12.3,10.72,2.0
2025-02-22 18:00:00+00:00,10.98,9.860000000000001,2.0
2025-02-22 19:00:00+00:00,10.24,9.36,2.0
2025-02-22 20:00:00+00:00,9.540000000000001,8.620000000000001,0.0
2025-02-22 21:00:00+00:00,8.940000000000001,8.02,0.0
2025-02-22 22:00:00+00:00,8.5,7.42,2.0
2025-02-22 23:00:00+00:00,8.1,6.94,2.0
2025-02-23 00:00:00+00:00,8.059999999999999,6.959999999999999,2.0
2025-02-23 01:00:00+00:00,7.7,6.5,45.0
2025-02-23 02:00:00+00:00,7.359999999999999,6.0600000000000005,45.0
2025-02-23 03:00:00+00:00,7.0200000000000005,5.54,45.0
2025-02-23 04:00:00+00:00,6.7,5.16,45.0
2025-02-23 05:00:00+00:00,6.36,4.68,45.0
2025-02-23 06:00:00+00:00,5.68,3.8200000000000003,45.0
2025-02-23 07:00:00+00:00,5.4,3.46,45.0
2025-02-23 08:00:00+00:00,5.9399999999999995,3.94,45.0
2025-02-23 09:00:00+00:00,8.02,6.14,0.0
2025-02-23 10:00:00+00:00,10.24,8.34,0.0
2025-02-23 11:00:00+00:00,12.12,10.08,2.0
2025-02-23 12:00:00+00:00,13.059999999999999,11.0,1.0
2025-02-23 13:00:00+00:00,13.84,11.66,2.0
2025-02-23 14:00:00+00:00,14.3,12.059999999999999,2.0
2025-02-23 15:00:00+00:00,14.419999999999998,12.3,1.0
2025-02-23 16:00:00+00:00,14.080000000000002,12.040000000000001,1.0
2025-02-23 17:00:00+00:00,13.12,11.559999999999999,0.0
2025-02-23 18:00:00+00:00,11.58,10.16,0.0
2025-02-23 19:00:00+00:00,10.24,8.74,0.0
2025-02-23 20:00:00+00:00,9.379999999999999,7.82,3.0
2025-02-23 21:00:00+00:00,8.6,6.779999999999999,3.0
2025-02-23 22:00:00+00:00,8.02,6.159999999999999,3.0
2025-02-23 23:00:00+00:00,7.6,5.54,3.0
2025-02-24 00:00:00+00:00,8.2,6.279999999999999,3.0
2025-02-24 01:00:00+00:00,8.0,5.959999999999999,3.0
2025-02-24 02:00:00+00:00,7.82,5.659999999999999,3.0
2025-02-24 03:00:00+00:00,7.720000000000001,5.4799999999999995,3.0
2025-02-24 04:00:00+00:00,7.540000000000001,5.2,3.0
2025-02-24 05:00:00+00:00,7.459999999999999,5.16,3.0
2025-02-24 06:00:00+00:00,7.12,4.6,3.0
2025-02-24 07:00:00+00:00,7.4,4.86,3.0
2025-02-24 08:00:00+00:00,8.2,5.7,3.0
2025-02-24 09:00:00+00:00,9.9,7.58,3.0
2025-02-24 10:00:00+00:00,12.120000000000001,10.260000000000002,3.0
2025-02-24 11:00:00+00:00,13.8,11.84,3.0
2025-02-24 12:00:00+00:00,14.84,12.64,3.0
2025-02-24 13:00:00+00:00,15.3,13.02,3.0
2025-02-24 14:00:00+00:00,15.540000000000001,13.319999999999999,3.0
2025-02-24 15:00:00+00:00,15.580000000000002,13.62,3.0
2025-02-24 16:00:00+00:00,15.080000000000002,13.540000000000001,3.0
2025-02-24 17:00:00+00:00,14.180000000000001,13.180000000000001,3.0
2025-02-24 18:00:00+00:00,12.76,11.38,61.0
2025-02-24 19:00:00+00:00,11.82,10.120000000000001,61.0
2025-02-24 20:00:00+00:00,11.34,9.9,61.0
2025-02-24 21:00:00+00:00,11.1,9.739999999999998,61.0
2025-02-24 22:00:00+00:00,10.76,9.26,61.0
2025-02-24 23:00:00+00:00,10.48,9.0,3.0
2025-02-25 00:00:00+00:00,10.42,9.36,3.0
2025-02-25 01:00:00+00:00,10.3,9.22,3.0
2025-02-25 02:00:00+00:00,10.3,9.16,3.0
2025-02-25 03:00:00+00:00,10.5,9.28,61.0
2025-02-25 04:00:00+00:00,10.66,9.120000000000001,61.0
2025-02-25 05:00:00+00:00,10.639999999999999,8.94,61.0
2025-02-25 06:00:00+00:00,10.7,8.879999999999999,3.0
2025-02-25 07:00:00+00:00,10.4,8.3,80.0
2025-02-25 08:00:00+00:00,10.379999999999999,8.1,2.0
2025-02-25 09:00:00+00:00,10.82,8.059999999999999,80.0
2025-02-25 10:00:00+00:00,10.86,7.62,80.0
2025-02-25 11:00:00+00:00,11.28,7.7,80.0
2025-02-25 12:00:00+00:00,11.42,7.7,80.0
2025-02-25 13:00:00+00:00,11.48,7.540000000000001,3.0
2025-02-25 14:00:00+00:00,11.4,7.339999999999999,80.0
2025-02-25 15:00:00+00:00,11.120000000000001,6.94,3.0
2025-02-25 16:00:00+00:00,10.540000000000001,6.459999999999999,3.0
2025-02-25 17:00:00+00:00,9.82,6.16,2.0
2025-02-25 18:00:00+00:00,8.84,5.56,2.0
2025-02-25 19:00:00+00:00,8.3,5.4,80.0
2025-02-25 20:00:00+00:00,8.0,5.380000000000001,2.0
2025-02-25 21:00:00+00:00,7.7,5.220000000000001,2.0
2025-02-25 22:00:00+00:00,7.5200000000000005,4.9799999999999995,2.0
2025-02-25 23:00:00+00:00,7.220000000000001,4.779999999999999,0.0
2025-02-26 00:00:00+00:00,7.3,4.9399999999999995,2.0
2025-02-26 01:00:00+00:00,7.140000000000001,4.86,2.0
2025-02-26 02:00:00+00:00,7.0,4.86,2.0
2025-02-26 03:00:00+00:00,6.8,4.74,2.0
2025-02-26 04:00:00+00:00,6.68,4.720000000000001,2.0
2025-02-26 05:00:00+00:00,6.6,4.68,3.0
2025-02-26 06:00:00+00:00,6.279999999999999,4.18,1.0
2025-02-26 07:00:00+00:00,6.18,4.12,1.0
2025-02-26 08:00:00+00:00,6.779999999999999,4.779999999999999,2.0
2025-02-26 09:00:00+00:00,8.52,6.26,1.0
2025-02-26 10:00:00+00:00,9.8,7.159999999999999,2.0
2025-02-26 11:00:00+00:00,10.739999999999998,7.9,2.0
2025-02-26 12:00:00+00:00,11.120000000000001,8.08,2.0
2025-02-26 13:00:00+00:00,11.58,8.24,2.0
2025-02-26 14:00:00+00:00,11.8,8.440000000000001,2.0
2025-02-26 15:00:00+00:00,11.879999999999999,8.7,2.0
2025-02-26 16:00:00+00:00,11.5,8.580000000000002,1.0
2025-02-26 17:00:00+00:00,10.72,8.16,0.0
2025-02-26 18:00:00+00:00,10.16,7.9799999999999995,0.0
2025-02-26 19:00:00+00:00,9.22,6.88,0.0
2025-02-26 20:00:00+00:00,8.22,5.74,1.0
2025-02-26 21:00:00+00:00,7.359999999999999,4.82,3.0
2025-02-26 22:00:00+00:00,6.9799999999999995,4.36,3.0
2025-02-26 23:00:00+00:00,6.659999999999999,4.12,3.0
2025-02-27 00:00:00+00:00,6.42,3.7399999999999998,1.0
2025-02-27 01:00:00+00:00,6.24,3.6799999999999997,61.0
2025-02-27 02:00:00+00:00,6.1,3.56,3.0
2025-02-27 03:00:00+00:00,5.9399999999999995,3.4200000000000004,3.0
2025-02-27 04:00:00+00:00,5.7,3.2,3.0
2025-02-27 05:00:00+00:00,5.5200000000000005,3.2600000000000002,3.0
2025-02-27 06:00:00+00:00,5.819999999999999,3.7800000000000002,3.0
2025-02-27 07:00:00+00:00,5.74,3.7399999999999998,3.0
2025-02-27 08:00:00+00:00,6.220000000000001,4.319999999999999,3.0
2025-02-27 09:00:00+00:00,7.68,5.82,3.0
2025-02-27 10:00:00+00:00,9.32,7.24,3.0
2025-02-27 11:00:00+00:00,10.64,8.58,3.0
2025-02-27 12:00:00+00:00,11.120000000000001,8.74,3.0
2025-02-27 13:00:00+00:00,11.5,8.959999999999999,3.0
2025-02-27 14:00:00+00:00,11.620000000000001,8.92,3.0
2025-02-27 15:00:00+00:00,11.580000000000002,8.82,3.0
2025-02-27 16:00:00+00:00,11.22,8.379999999999999,3.0
2025-02-27 17:00:00+00:00,10.26,7.76,3.0
2025-02-27 18:00:00+00:00,9.5,7.3,1.0
2025-02-27 19:00:00+00:00,8.24,6.0200000000000005,1.0
2025-02-27 20:00:00+00:00,7.3,4.9799999999999995,1.0
2025-02-27 21:00:00+00:00,6.459999999999999,3.96,0.0
2025-02-27 22:00:00+00:00,5.76,3.22,0.0
2025-02-27 23:00:00+00:00,5.0600000000000005,2.46,0.0
2025-02-28 00:00:00+00:00,5.24,2.7600000000000002,2.0
2025-02-28 01:00:00+00:00,4.74,2.1399999999999997,0.0
2025-02-28 02:00:00+00:00,4.38,1.7399999999999998,0.0
2025-02-28 03:00:00+00:00,4.1,1.5,0.0
2025-02-28 04:00:00+00:00,3.9199999999999995,1.34,2.0
2025-02-28 05:00:00+00:00,3.84,1.1800000000000002,2.0
2025-02-28 06:00:00+00:00,2.44,-0.41999999999999993,0.0
2025-02-28 07:00:00+00:00,2.4,-0.36,0.0
2025-02-28 08:00:00+00:00,3.56,0.74,0.0
2025-02-28 09:00:00+00:00,6.12,3.22,3.0
2025-02-28 10:00:00+00:00,7.959999999999999,4.9,1.0
2025-02-28 11:00:00+00:00,9.42,6.16,1.0
2025-02-28 12:00:00+00:00,10.16,6.840000000000001,1.0
2025-02-28 13:00:00+00:00,10.68,7.18,2.0
2025-02-28 14:00:00+00:00,10.86,7.140000000000001,2.0
2025-02-28 15:00:00+00:00,10.6,6.859999999999999,2.0
2025-02-28 16:00:00+00:00,10.26,6.6,1.0
2025-02-28 17:00:00+00:00,9.379999999999999,6.2,1.0
2025-02-28 18:00:00+00:00,8.540000000000001,5.720000000000001,3.0
2025-02-28 19:00:00+00:00,7.540000000000001,4.7,1.0
2025-02-28 20:00:00+00:00,6.62,3.56,0.0
2025-02-28 21:00:00+00:00,5.9,2.82,1.0
2025-02-28 22:00:00+00:00,5.34,2.2199999999999998,0.0
2025-02-28 23:00:00+00:00,4.82,1.72,0.0
2025-03-01 00:00:00+00:00,4.58,1.5399999999999998,0.0
2025-03-01 01:00:00+00:00,4.279999999999999,1.1400000000000001,0.0
2025-03-01 02:00:00+00:00,4.0,0.8,0.0
2025-03-01 03:00:00+00:00,3.5799999999999996,0.36,1.0
2025-03-01 04:00:00+00:00,3.18,-0.11999999999999993,1.0
2025-03-01 05:00:00+00:00,2.8,-0.5800000000000001,1.0
2025-03-01 06:00:00+00:00,2.06,-1.46,2.0
2025-03-01 07:00:00+00:00,1.72,-1.8199999999999998,2.0
2025-03-01 08:00:00+00:00,2.38,-1.3,2.0
2025-03-01 09:00:00+00:00,3.9200000000000004,0.020000000000000018,2.0
2025-03-01 10:00:00+00:00,5.4399999999999995,1.46,2.0
2025-03-01 11:00:00+00:00,6.659999999999999,2.5,2.0
2025-03-01 12:00:00+00:00,7.779999999999999,3.3600000000000003,2.0
2025-03-01 13:00:00+00:00,8.34,3.6799999999999997,2.0
2025-03-01 14:00:00+00:00,9.02,4.32,2.0
2025-03-01 15:00:00+00:00,9.120000000000001,4.220000000000001,2.0
2025-03-01 16:00:00+00:00,9.040000000000001,4.279999999999999,2.0
2025-03-01 17:00:00+00:00,8.26,3.8,2.0
2025-03-01 18:00:00+00:00,7.4799999999999995,3.62,0.0
2025-03-01 19:00:00+00:00,6.540000000000001,2.7399999999999998,0.0
2025-03-01 20:00:00+00:00,5.92,2.04,0.0
2025-03-01 21:00:00+00:00,5.220000000000001,1.3,2.0
2025-03-01 22:00:00+00:00,4.7,0.68,0.0
2025-03-01 23:00:00+00:00,3.94,0.11999999999999997,0.0
2025-03-02 00:00:00+00:00,3.5,-0.3,0.0
2025-03-02 01:00:00+00:00,2.96,-0.76,0.0
2025-03-02 02:00:00+00:00,2.42,-1.24,1.0
2025-03-02 03:00:00+00:00,2.0200000000000005,-1.6,1.0
2025-03-02 04:00:00+00:00,1.7600000000000002,-1.9,2.0
2025-03-02 05:00:00+00:00,1.54,-2.04,2.0
2025-03-02 06:00:00+00:00,1.1400000000000001,-2.38,2.0
2025-03-02 07:00:00+00:00,1.0,-2.62,2.0
2025-03-02 08:00:00+00:00,1.94,-1.6800000000000002,2.0
2025-03-02 09:00:00+00:00,4.24,0.4999999999999999,1.0
2025-03-02 10:00:00+00:00,6.2,2.54,1.0
2025-03-02 11:00:00+00:00,7.92,4.279999999999999,1.0
2025-03-02 12:00:00+00:00,8.959999999999999,5.4,3.0
2025-03-02 13:00:00+00:00,9.78,6.38,0.0
2025-03-02 14:00:00+00:00,10.379999999999999,7.0,1.0
2025-03-02 15:00:00+00:00,10.6,7.220000000000001,3.0
2025-03-02 16:00:00+00:00,10.379999999999999,7.0200000000000005,1.0
2025-03-02 17:00:00+00:00,9.580000000000002,6.5200000000000005,1.0
2025-03-02 18:00:00+00:00,9.16,6.659999999999999,3.0
2025-03-02 19:00:00+00:00,8.120000000000001,5.68,3.0
2025-03-02 20:00:00+00:00,7.2,4.74,3.0
2025-03-02 21:00:00+00:00,6.18,3.66,0.0
2025-03-02 22:00:00+00:00,5.18,2.58,3.0
2025-03-02 23:00:00+00:00,4.4399999999999995,1.8,2.0
2025-03-03 00:00:00+00:00,4.52,1.86,0.0
2025-03-03 01:00:00+00:00,4.12,1.5,0.0
2025-03-03 02:00:00+00:00,3.7,1.06,0.0
2025-03-03 03:00:00+00:00,3.38,0.6599999999999999,3.0
2025-03-03 04:00:00+00:00,3.04,0.32,0.0
2025-03-03 05:00:00+00:00,2.7600000000000002,0.040000000000000126,0.0
2025-03-03 06:00:00+00:00,2.56,-0.2799999999999999,3.0
2025-03-03 07:00:00+00:00,2.3,-0.52,2.0
2025-03-03 08:00:00+00:00,3.4200000000000004,0.76,0.0
2025-03-03 09:00:00+00:00,6.74,4.2,1.0
2025-03-03 10:00:00+00:00,9.620000000000001,7.12,1.0
2025-03-03 11:00:00+00:00,11.72,9.18,1.0
2025-03-03 12:00:00+00:00,13.280000000000001,10.959999999999999,3.0
2025-03-03 13:00:00+00:00,14.16,11.940000000000001,2.0
2025-03-03 14:00:00+00:00,14.580000000000002,12.040000000000001,2.0
2025-03-03 15:00:00+00:00,14.64,12.14,2.0
2025-03-03 16:00:00+00:00,14.280000000000001,11.72,3.0
2025-03-03 17:00:00+00:00,13.26,11.0,3.0
2025-03-03 18:00:00+00:00,11.86,9.84,3.0
2025-03-03 19:00:00+00:00,10.440000000000001,8.379999999999999,3.0
2025-03-03 20:00:00+00:00,9.42,7.3,3.0
2025-03-03 21:00:00+00:00,8.48,6.34,3.0
2025-03-03 22:00:00+00:00,7.639999999999999,5.5,3.0
2025-03-03 23:00:00+00:00,6.92,4.8,3.0
2025-03-04 00:00:00+00:00,5.9399999999999995,3.66,3.0
2025-03-04 01:00:00+00:00,5.58,3.2399999999999998,3.0
2025-03-04 02:00:00+00:00,5.4,2.94,3.0
2025-03-04 03:00:00+00:00,5.34,2.7600000000000002,3.0
2025-03-04 04:00:00+00:00,5.38,2.82,3.0
2025-03-04 05:00:00+00:00,5.26,2.7,3.0
2025-03-04 06:00:00+00:00,5.779999999999999,3.4799999999999995,3.0
2025-03-04 07:00:00+00:00,5.66,3.4,3.0
2025-03-04 08:00:00+00:00,6.62,4.46,3.0
2025-03-04 09:00:00+00:00,9.36,7.38,2.0
2025-03-04 10:00:00+00:00,11.86,9.8,1.0
2025-03-04 11:00:00+00:00,13.64,11.5,3.0
2025-03-04 12:00:00+00:00,14.559999999999999,12.34,3.0
2025-03-04 13:00:00+00:00,15.1,12.940000000000001,3.0
2025-03-04 14:00:00+00:00,15.38,13.16,3.0
2025-03-04 15:00:00+00:00,15.419999999999998,13.219999999999999,3.0
2025-03-04 16:00:00+00:00,15.219999999999999,13.080000000000002,3.0
2025-03-04 17:00:00+00:00,14.419999999999998,12.74,3.0
2025-03-04 18:00:00+00:00,12.6,11.02,3.0
2025-03-04 19:00:00+00:00,11.3,9.66,3.0
2025-03-04 20:00:00+00:00,10.48,8.76,3.0
2025-03-04 21:00:00+00:00,9.74,7.9799999999999995,3.0
2025-03-04 22:00:00+00:00,9.0,7.26,3.0
2025-03-04 23:00:00+00:00,8.34,6.5,3.0
2025-03-05 00:00:00+00:00,7.44,5.5,1.0
2025-03-05 01:00:00+00:00,6.88,4.82,1.0
2025-03-05 02:00:00+00:00,6.32,4.24,2.0
2025-03-05 03:00:00+00:00,5.92,3.7399999999999998,1.0
2025-03-05 04:00:00+00:00,5.56,3.3200000000000003,2.0
2025-03-05 05:00:00+00:00,5.24,2.92,1.0
2025-03-05 06:00:00+00:00,4.7,2.2399999999999998,1.0
2025-03-05 07:00:00+00:00,4.5200000000000005,1.92,1.0
2025-03-05 08:00:00+00:00,6.26,3.8,1.0
2025-03-05 09:00:00+00:00,10.02,7.76,0.0
2025-03-05 10:00:00+00:00,12.8,10.4,0.0
2025-03-05 11:00:00+00:00,14.86,12.22,1.0
2025-03-05 12:00:00+00:00,16.28,13.719999999999999,0.0
2025-03-05 13:00:00+00:00,17.080000000000002,14.419999999999998,1.0
2025-03-05 14:00:00+00:00,17.46,14.62,0.0
2025-03-05 15:00:00+00:00,17.64,14.559999999999999,0.0
2025-03-05 16:00:00+00:00,17.2,14.34,0.0
2025-03-05 17:00:00+00:00,16.06,13.979999999999999,0.0
2025-03-05 18:00:00+00:00,14.559999999999999,12.9,0.0
2025-03-05 19:00:00+00:00,13.1,11.459999999999999,0.0
2025-03-05 20:00:00+00:00,11.92,10.08,0.0
2025-03-05 21:00:00+00:00,10.64,8.64,0.0
2025-03-05 22:00:00+00:00,9.540000000000001,7.340000000000001,3.0
2025-03-05 23:00:00+00:00,8.7,6.32,0.0
2025-03-06 00:00:00+00:00,8.16,5.64,1.0
2025-03-06 01:00:00+00:00,7.56,4.96,0.0
2025-03-06 02:00:00+00:00,7.140000000000001,4.5200000000000005,1.0
2025-03-06 03:00:00+00:00,6.9,4.18,2.0
2025-03-06 04:00:00+00:00,6.76,3.9800000000000004,1.0
2025-03-06 05:00:00+00:00,6.68,3.84,3.0
2025-03-06 06:00:00+00:00,6.74,3.96,3.0
2025-03-06 07:00:00+00:00,6.9799999999999995,4.24,3.0
2025-03-06 08:00:00+00:00,8.42,5.66,3.0
2025-03-06 09:00:00+00:00,10.879999999999999,8.08,3.0
2025-03-06 10:00:00+00:00,13.2,10.26,1.0
2025-03-06 11:00:00+00:00,15.14,12.26,2.0
2025-03-06 12:00:00+00:00,16.26,13.7,2.0
2025-03-06 13:00:00+00:00,17.259999999999998,14.7,3.0
2025-03-06 14:00:00+00:00,17.580000000000002,15.12,3.0
2025-03-06 15:00:00+00:00,17.880000000000003,15.419999999999998,3.0
2025-03-06 16:00:00+00:00,17.44,15.180000000000001,3.0
2025-03-06 17:00:00+00:00,16.54,14.76,3.0
2025-03-06 18:00:00+00:00,15.64,12.98,3.0
2025-03-06 19:00:00+00:00,14.52,11.6,3.0
2025-03-06 20:00:00+00:00,13.440000000000001,10.34,2.0
2025-03-06 21:00:00+00:00,12.42,9.16,1.0
2025-03-06 22:00:00+00:00,11.74,8.5,1.0
2025-03-06 23:00:00+00:00,11.28,8.16,3.0
2025-03-07 00:00:00+00:00,10.52,7.540000000000001,3.0
2025-03-07 01:00:00+00:00,10.02,7.1,3.0
2025-03-07 02:00:00+00:00,9.84,6.9799999999999995,3.0
2025-03-07 03:00:00+00:00,9.66,6.859999999999999,61.0
2025-03-07 04:00:00+00:00,9.4,6.640000000000001,0.0
2025-03-07 05:00:00+00:00,9.3,6.5,2.0
2025-03-07 06:00:00+00:00,8.98,6.220000000000001,2.0
2025-03-07 07:00:00+00:00,8.98,6.3,3.0
2025-03-07 08:00:00+00:00,10.16,7.62,2.0
2025-03-07 09:00:00+00:00,12.6,10.02,3.0
2025-03-07 10:00:00+00:00,14.580000000000002,11.680000000000001,2.0
2025-03-07 11:00:00+00:00,16.06,13.0,3.0
2025-03-07 12:00:00+00:00,17.66,14.64,2.0
2025-03-07 13:00:00+00:00,18.4,15.16,3.0
2025-03-07 14:00:00+00:00,19.06,15.84,2.0
2025-03-07 15:00:00+00:00,19.04,15.86,3.0
2025-03-07 16:00:00+00:00,18.580000000000002,15.48,3.0
2025-03-07 17:00:00+00:00,17.580000000000002,14.9,2.0
2025-03-07 18:00:00+00:00,15.919999999999998,13.280000000000001,0.0
2025-03-07 19:00:00+00:00,14.459999999999999,11.84,0.0
2025-03-07 20:00:00+00:00,13.34,10.440000000000001,0.0
2025-03-07 21:00:00+00:00,12.16,9.24,0.0
2025-03-07 22:00:00+00:00,11.36,8.379999999999999,0.0
2025-03-07 23:00:00+00:00,10.8,7.840000000000001,1.0
2025-03-08 00:00:00+00:00,10.72,8.0,3.0
2025-03-08 01:00:00+00:00,10.620000000000001,7.9799999999999995,3.0
2025-03-08 02:00:00+00:00,10.74,8.08,3.0
2025-03-08 03:00:00+00:00,10.9,8.16,3.0
2025-03-08 04:00:00+00:00,11.059999999999999,8.36,3.0
2025-03-08 05:00:00+00:00,11.120000000000001,8.52,3.0
2025-03-08 06:00:00+00:00,10.84,8.14,3.0
2025-03-08 07:00:00+00:00,10.959999999999999,8.120000000000001,3.0
2025-03-08 08:00:00+00:00,11.959999999999999,9.02,3.0
2025-03-08 09:00:00+00:00,13.459999999999999,10.8,3.0
2025-03-08 10:00:00+00:00,15.12,12.3,3.0
2025-03-08 11:00:00+00:00,16.619999999999997,13.560000000000002,3.0
2025-03-08 12:00:00+00:00,17.68,14.919999999999998,3.0
2025-03-08 13:00:00+00:00,18.28,15.680000000000001,3.0
2025-03-08 14:00:00+00:00,18.880000000000003,16.28,3.0
2025-03-08 15:00:00+00:00,19.3,16.5,3.0
2025-03-08 16:00:00+00:00,18.96,16.02,3.0
2025-03-08 17:00:00+00:00,18.119999999999997,15.4,3.0
2025-03-08 18:00:00+00:00,17.259999999999998,13.84,3.0
2025-03-08 19:00:00+00:00,16.06,12.620000000000001,3.0
2025-03-08 20:00:00+00:00,14.8,11.540000000000001,3.0
2025-03-08 21:00:00+00:00,14.419999999999998,11.18,3.0
2025-03-08 22:00:00+00:00,14.14,10.86,3.0
2025-03-08 23:00:00+00:00,13.459999999999999,10.28,61.0
2025-03-09 00:00:00+00:00,13.280000000000001,10.8,3.0
2025-03-09 01:00:00+00:00,12.819999999999999,10.64,3.0
2025-03-09 02:00:00+00:00,12.38,10.440000000000001,61.0
2025-03-09 03:00:00+00:00,12.08,10.239999999999998,61.0
2025-03-09 04:00:00+00:00,11.84,10.32,61.0
2025-03-09 05:00:00+00:00,11.540000000000001,10.1,3.0
2025-03-09 06:00:00+00:00,11.08,9.58,61.0
2025-03-09 07:00:00+00:00,10.98,9.3,3.0
2025-03-09 08:00:00+00:00,11.379999999999999,9.56,61.0
2025-03-09 09:00:00+00:00,12.1,10.14,61.0
2025-03-09 10:00:00+00:00,12.88,10.6,3.0
2025-03-09 11:00:00+00:00,13.419999999999998,11.28,3.0
2025-03-09 12:00:00+00:00,14.1,11.9,3.0
2025-03-09 13:00:00+00:00,14.66,12.540000000000001,3.0
2025-03-09 14:00:00+00:00,14.88,12.64,3.0
2025-03-09 15:00:00+00:00,14.84,12.98,3.0
2025-03-09 16:00:00+00:00,14.62,13.12,3.0
2025-03-09 17:00:00+00:00,14.219999999999999,12.78,3.0
2025-03-09 18:00:00+00:00,12.540000000000001,11.14,3.0
2025-03-09 19:00:00+00:00,11.6,10.120000000000001,3.0
2025-03-09 20:00:00+00:00,10.76,9.2,3.0
2025-03-09 21:00:00+00:00,10.02,8.3,3.0
2025-03-09 22:00:00+00:00,9.459999999999999,7.6,3.0
2025-03-09 23:00:00+00:00,8.98,6.9799999999999995,0.0
2025-03-10 00:00:00+00:00,8.959999999999999,6.94,3.0
2025-03-10 01:00:00+00:00,8.74,6.58,3.0
2025-03-10 02:00:00+00:00,8.4,6.12,3.0
2025-03-10 03:00:00+00:00,8.2,5.84,3.0
2025-03-10 04:00:00+00:00,8.0,5.619999999999999,3.0
2025-03-10 05:00:00+00:00,7.8,5.34,0.0
2025-03-10 06:00:00+00:00,6.840000000000001,4.4,1.0
2025-03-10 07:00:00+00:00,6.82,4.36,2.0
2025-03-10 08:00:00+00:00,8.5,6.220000000000001,1.0
2025-03-10 09:00:00+00:00,11.440000000000001,9.040000000000001,1.0
2025-03-10 10:00:00+00:00,13.440000000000001,10.76,2.0
2025-03-10 11:00:00+00:00,14.580000000000002,12.14,1.0
2025-03-10 12:00:00+00:00,15.079999999999998,12.940000000000001,3.0
2025-03-10 13:00:00+00:00,15.48,13.319999999999999,3.0
2025-03-10 14:00:00+00:00,15.64,13.4,3.0
2025-03-10 15:00:00+00:00,15.379999999999999,13.2,3.0
2025-03-10 16:00:00+00:00,14.64,12.68,1.0
2025-03-10 17:00:00+00:00,14.24,12.48,1.0
2025-03-10 18:00:00+00:00,13.12,11.32,3.0
2025-03-10 19:00:00+00:00,11.68,10.14,1.0
2025-03-10 20:00:00+00:00,10.6,9.1,3.0
2025-03-10 21:00:00+00:00,9.76,8.16,3.0
2025-03-10 22:00:00+00:00,9.24,7.640000000000001,3.0
2025-03-10 23:00:00+00:00,8.76,7.12,3.0
2025-03-11 00:00:00+00:00,7.82,6.0600000000000005,1.0
2025-03-11 01:00:00+00:00,7.5,5.64,3.0
2025-03-11 02:00:00+00:00,7.359999999999999,5.4799999999999995,3.0
2025-03-11 03:00:00+00:00,7.26,5.42,3.0
2025-03-11 04:00:00+00:00,7.06,5.14,3.0
2025-03-11 05:00:00+00:00,6.919999999999999,4.9799999999999995,3.0
2025-03-11 06:00:00+00:00,6.76,4.96,3.0
2025-03-11 07:00:00+00:00,6.840000000000001,5.12,61.0
2025-03-11 08:00:00+00:00,8.06,6.540000000000001,2.0
2025-03-11 09:00:00+00:00,10.120000000000001,8.780000000000001,3.0
2025-03-11 10:00:00+00:00,11.82,10.3,3.0
2025-03-11 11:00:00+00:00,13.059999999999999,11.54,3.0
2025-03-11 12:00:00+00:00,13.219999999999999,12.059999999999999,61.0
2025-03-11 13:00:00+00:00,13.719999999999999,12.620000000000001,3.0
2025-03-11 14:00:00+00:00,14.059999999999999,12.78,2.0
2025-03-11 15:00:00+00:00,14.16,12.559999999999999,3.0
2025-03-11 16:00:00+00:00,13.479999999999999,11.559999999999999,3.0
2025-03-11 17:00:00+00:00,12.74,11.02,2.0
2025-03-11 18:00:00+00:00,11.72,10.4,0.0
2025-03-11 19:00:00+00:00,10.9,9.68,0.0
2025-03-11 20:00:00+00:00,10.24,8.959999999999999,80.0
2025-03-11 21:00:00+00:00,9.78,8.4,0.0
2025-03-11 22:00:00+00:00,9.42,8.02,3.0
2025-03-11 23:00:00+00:00,9.120000000000001,7.7,0.0
2025-03-12 00:00:00+00:00,8.82,7.279999999999999,2.0
2025-03-12 01:00:00+00:00,8.620000000000001,6.959999999999999,80.0
2025-03-12 02:00:00+00:00,8.26,6.42,80.0
2025-03-12 03:00:00+00:00,7.94,6.04,45.0
2025-03-12 04:00:00+00:00,7.9799999999999995,6.040000000000001,80.0
2025-03-12 05:00:00+00:00,7.9799999999999995,5.9399999999999995,3.0
2025-03-12 06:00:00+00:00,8.14,5.92,3.0
2025-03-12 07:00:00+00:00,8.08,5.74,3.0
2025-03-12 08:00:00+00:00,8.7,6.38,3.0
2025-03-12 09:00:00+00:00,9.5,6.7,3.0
2025-03-12 10:00:00+00:00,9.84,6.58,3.0
2025-03-12 11:00:00+00:00,10.36,6.840000000000001,3.0
2025-03-12 12:00:00+00:00,9.84,6.44,2.0
2025-03-12 13:00:00+00:00,10.059999999999999,6.7,2.0
2025-03-12 14:00:00+00:00,9.98,6.4,3.0
2025-03-12 15:00:00+00:00,9.72,6.2,3.0
2025-03-12 16:00:00+00:00,9.56,6.0,3.0
2025-03-12 17:00:00+00:00,9.0,5.74,3.0
2025-03-12 18:00:00+00:00,8.379999999999999,5.28,2.0
2025-03-12 19:00:00+00:00,7.840000000000001,5.0,61.0
2025-03-12 20:00:00+00:00,7.32,4.72,61.0
2025-03-12 21:00:00+00:00,6.859999999999999,4.5200000000000005,0.0
2025-03-12 22:00:00+00:00,6.380000000000001,4.24,3.0
2025-03-12 23:00:00+00:00,6.06,3.96,0.0
2025-03-13 00:00:00+00:00,6.26,3.8,0.0
2025-03-13 01:00:00+00:00,5.94,3.5200000000000005,3.0
2025-03-13 02:00:00+00:00,5.540000000000001,3.2,3.0
2025-03-13 03:00:00+00:00,5.18,2.8,3.0
2025-03-13 04:00:00+00:00,4.84,2.48,2.0
2025-03-13 05:00:00+00:00,4.4399999999999995,2.1399999999999997,0.0
2025-03-13 06:00:00+00:00,4.4799999999999995,2.3600000000000003,2.0
2025-03-13 07:00:00+00:00,4.4399999999999995,2.3600000000000003,61.0
2025-03-13 08:00:00+00:00,5.18,2.92,2.0
2025-03-13 09:00:00+00:00,6.36,3.6399999999999997,2.0
2025-03-13 10:00:00+00:00,7.540000000000001,4.54,2.0
2025-03-13 11:00:00+00:00,8.32,5.0200000000000005,2.0
2025-03-13 12:00:00+00:00,9.440000000000001,5.96,3.0
2025-03-13 13:00:00+00:00,9.66,6.2,3.0
2025-03-13 14:00:00+00:00,9.68,6.220000000000001,80.0
2025-03-13 15:00:00+00:00,9.68,6.12,2.0
2025-03-13 16:00:00+00:00,9.4,5.720000000000001,2.0
2025-03-13 17:00:00+00:00,8.84,5.159999999999999,1.0
2025-03-13 18:00:00+00:00,8.379999999999999,4.92,3.0
2025-03-13 19:00:00+00:00,7.3,4.119999999999999,3.0
2025-03-13 20:00:00+00:00,6.62,3.6,0.0
2025-03-13 21:00:00+00:00,6.04,3.2,1.0
2025-03-13 22:00:00+00:00,5.5600000000000005,2.72,1.0
2025-03-13 23:00:00+00:00,5.06,1.98,0.0
2025-03-14 00:00:00+00:00,3.7600000000000002,0.9600000000000002,0.0
2025-03-14 01:00:00+00:00,3.56,0.6799999999999999,0.0
2025-03-14 02:00:00+00:00,3.22,0.24000000000000005,0.0
2025-03-14 03:00:00+00:00,2.94,-0.05999999999999996,0.0
2025-03-14 04:00:00+00:00,2.68,-0.3200000000000001,0.0
2025-03-14 05:00:00+00:00,2.4,-0.6199999999999999,0.0
2025-03-14 06:00:00+00:00,2.12,-0.76,0.0
2025-03-14 07:00:00+00:00,2.04,-0.9600000000000002,0.0
2025-03-14 08:00:00+00:00,3.38,0.20000000000000004,0.0
2025-03-14 09:00:00+00:00,5.140000000000001,1.6,0.0
2025-03-14 10:00:00+00:00,6.840000000000001,3.16,0.0
2025-03-14 11:00:00+00:00,8.32,4.5600000000000005,2.0
2025-03-14 12:00:00+00:00,9.18,5.5,2.0
2025-03-14 13:00:00+00:00,9.76,5.88,2.0
2025-03-14 14:00:00+00:00,9.92,5.720000000000001,2.0
2025-03-14 15:00:00+00:00,10.0,5.62,1.0
2025-03-14 16:00:00+00:00,9.82,5.46,1.0
2025-03-14 17:00:00+00:00,9.280000000000001,5.08,0.0
2025-03-14 18:00:00+00:00,7.7,4.18,0.0
2025-03-14 19:00:00+00:00,6.540000000000001,3.34,0.0
2025-03-14 20:00:00+00:00,5.5200000000000005,2.46,0.0
2025-03-14 21:00:00+00:00,4.8,1.8200000000000003,0.0
2025-03-14 22:00:00+00:00,4.26,1.3,0.0
2025-03-14 23:00:00+00:00,3.8,0.86,0.0
2025-03-15 00:00:00+00:00,3.44,0.32,0.0
2025-03-15 01:00:00+00:00,3.04,-0.12000000000000002,1.0
2025-03-15 02:00:00+00:00,2.5799999999999996,-0.58,0.0
2025-03-15 03:00:00+00:00,2.0,-1.26,0.0
2025-03-15 04:00:00+00:00,1.48,-1.8599999999999999,0.0
2025-03-15 05:00:00+00:00,1.1400000000000001,-2.22,0.0
2025-03-15 06:00:00+00:00,1.44,-1.92,0.0
2025-03-15 07:00:00+00:00,1.56,-1.7799999999999998,0.0
2025-03-15 08:00:00+00:00,3.02,-0.4800000000000001,1.0
2025-03-15 09:00:00+00:00,4.92,1.22,0.0
2025-03-15 10:00:00+00:00,6.5200000000000005,2.66,0.0
2025-03-15 11:00:00+00:00,7.5,3.78,2.0
2025-03-15 12:00:00+00:00,7.92,3.96,2.0
2025-03-15 13:00:00+00:00,8.32,4.24,2.0
2025-03-15 14:00:00+00:00,8.36,4.12,1.0
2025-03-15 15:00:00+00:00,8.34,4.1,2.0
2025-03-15 16:00:00+00:00,8.040000000000001,3.8,1.0
2025-03-15 17:00:00+00:00,7.460000000000001,3.3600000000000003,1.0
2025-03-15 18:00:00+00:00,6.220000000000001,2.7,1.0
2025-03-15 19:00:00+00:00,5.24,2.0200000000000005,2.0
2025-03-15 20:00:00+00:00,4.640000000000001,1.5,1.0
2025-03-15 21:00:00+00:00,4.24,1.16,2.0
2025-03-15 22:00:00+00:00,3.88,0.8399999999999999,2.0
2025-03-15 23:00:00+00:00,3.5,0.5399999999999999,3.0
2025-03-16 00:00:00+00:00,3.18,0.41999999999999993,1.0
2025-03-16 01:00:00+00:00,2.96,0.13999999999999996,1.0
2025-03-16 02:00:00+00:00,2.68,-0.08000000000000003,2.0
2025-03-16 03:00:00+00:00,2.46,-0.27999999999999997,3.0
2025-03-16 04:00:00+00:00,2.16,-0.58,0.0
2025-03-16 05:00:00+00:00,1.8399999999999999,-1.02,3.0
2025-03-16 06:00:00+00:00,1.46,-1.42,45.0
2025-03-16 07:00:00+00:00,1.4,-1.46,45.0
2025-03-16 08:00:00+00:00,2.7199999999999998,0.04,2.0
2025-03-16 09:00:00+00:00,4.58,1.94,2.0
2025-03-16 10:00:00+00:00,5.88,3.2,2.0
2025-03-16 11:00:00+00:00,6.859999999999999,4.1,2.0
2025-03-16 12:00:00+00:00,7.580000000000001,4.5,2.0
2025-03-16 13:00:00+00:00,7.92,4.8,3.0
2025-03-16 14:00:00+00:00,8.059999999999999,4.84,3.0
2025-03-16 15:00:00+00:00,7.859999999999999,4.6,3.0
2025-03-16 16:00:00+00:00,7.7,4.5600000000000005,3.0
2025-03-16 17:00:00+00:00,7.1,4.26,61.0
2025-03-16 18:00:00+00:00,5.7,2.96,3.0
2025-03-16 19:00:00+00:00,5.0600000000000005,2.5,3.0
2025-03-16 20:00:00+00:00,4.5200000000000005,2.0,2.0
2025-03-16 21:00:00+00:00,4.0600000000000005,1.5599999999999998,2.0
2025-03-16 22:00:00+00:00,3.56,1.04,2.0
2025-03-16 23:00:00+00:00,3.04,0.4800000000000001,1.0
2025-03-17 00:00:00+00:00,2.0599999999999996,-0.5800000000000001,45.0
2025-03-17 01:00:00+00:00,1.56,-1.1800000000000002,45.0
2025-03-17 02:00:00+00:00,1.1,-1.6800000000000002,45.0
2025-03-17 03:00:00+00:00,0.74,-2.1,45.0
2025-03-17 04:00:00+00:00,0.5999999999999999,-2.3600000000000003,45.0
2025-03-17 05:00:00+00:00,0.5,-2.46,45.0
2025-03-17 06:00:00+00:00,0.6,-2.4400000000000004,45.0
2025-03-17 07:00:00+00:00,0.66,-2.44,45.0
2025-03-17 08:00:00+00:00,2.96,-0.12000000000000002,0.0
2025-03-17 09:00:00+00:00,5.88,2.6399999999999997,0.0
2025-03-17 10:00:00+00:00,8.36,4.88,0.0
2025-03-17 11:00:00+00:00,10.16,6.8,0.0
2025-03-17 12:00:00+00:00,11.16,8.24,0.0
2025-03-17 13:00:00+00:00,11.959999999999999,8.559999999999999,1.0
2025-03-17 14:00:00+00:00,12.48,8.5,1.0
2025-03-17 15:00:00+00:00,12.540000000000001,8.139999999999999,1.0
2025-03-17 16:00:00+00:00,12.24,7.88,1.0
2025-03-17 17:00:00+00:00,11.440000000000001,7.340000000000001,3.0
2025-03-17 18:00:00+00:00,10.34,7.219999999999999,2.0
2025-03-17 19:00:00+00:00,9.02,6.04,2.0
2025-03-17 20:00:00+00:00,7.94,4.96,1.0
2025-03-17 21:00:00+00:00,7.08,4.14,2.0
2025-03-17 22:00:00+00:00,6.26,3.34,3.0
2025-03-17 23:00:00+00:00,5.62,2.7,3.0
2025-03-18 00:00:00+00:00,5.04,2.16,3.0
2025-03-18 01:00:00+00:00,4.82,1.94,3.0
2025-03-18 02:00:00+00:00,4.76,1.8399999999999999,3.0
2025-03-18 03:00:00+00:00,4.66,1.7,0.0
2025-03-18 04:00:00+00:00,4.46,1.5,1.0
2025-03-18 05:00:00+00:00,4.46,1.4600000000000002,3.0
2025-03-18 06:00:00+00:00,2.96,0.0,1.0
2025-03-18 07:00:00+00:00,3.38,0.42000000000000004,1.0
2025-03-18 08:00:00+00:00,6.04,3.2,0.0
2025-03-18 09:00:00+00:00,9.42,6.58,0.0
2025-03-18 10:00:00+00:00,12.08,9.12,2.0
2025-03-18 11:00:00+00:00,14.040000000000001,11.16,3.0
2025-03-18 12:00:00+00:00,14.780000000000001,11.74,3.0
2025-03-18 13:00:00+00:00,15.819999999999999,12.8,3.0
2025-03-18 14:00:00+00:00,16.14,13.219999999999999,3.0
2025-03-18 15:00:00+00:00,16.02,13.319999999999999,3.0
2025-03-18 16:00:00+00:00,15.66,13.5,3.0
2025-03-18 17:00:00+00:00,15.02,13.38,3.0
2025-03-18 18:00:00+00:00,13.6,11.940000000000001,3.0
2025-03-18 19:00:00+00:00,12.42,10.52,3.0
2025-03-18 20:00:00+00:00,11.64,9.4,3.0
2025-03-18 21:00:00+00:00,11.0,8.559999999999999,3.0
2025-03-18 22:00:00+00:00,10.280000000000001,7.68,3.0
2025-03-18 23:00:00+00:00,9.76,7.12,3.0
2025-03-19 00:00:00+00:00,9.540000000000001,6.720000000000001,3.0
2025-03-19 01:00:00+00:00,9.3,6.4,3.0
2025-03-19 02:00:00+00:00,9.120000000000001,6.18,3.0
2025-03-19 03:00:00+00:00,9.02,6.1,3.0
2025-03-19 04:00:00+00:00,8.78,5.8,2.0
2025-03-19 05:00:00+00:00,8.459999999999999,5.5200000000000005,3.0
2025-03-19 06:00:00+00:00,8.42,5.22,2.0
2025-03-19 07:00:00+00:00,8.379999999999999,5.24,2.0
2025-03-19 08:00:00+00:00,10.18,7.1,2.0
2025-03-19 09:00:00+00:00,12.440000000000001,9.18,2.0
2025-03-19 10:00:00+00:00,14.1,10.64,2.0
2025-03-19 11:00:00+00:00,15.459999999999999,12.059999999999999,1.0
2025-03-19 12:00:00+00:00,16.919999999999998,13.88,1.0
2025-03-19 13:00:00+00:00,17.740000000000002,14.719999999999999,1.0
2025-03-19 14:00:00+00:00,18.16,15.180000000000001,1.0
2025-03-19 15:00:00+00:00,18.259999999999998,15.38,1.0
2025-03-19 16:00:00+00:00,17.9,15.219999999999999,1.0
2025-03-19 17:00:00+00:00,16.94,14.48,0.0
2025-03-19 18:00:00+00:00,15.84,13.5,0.0
2025-03-19 19:00:00+00:00,14.02,11.78,0.0
2025-03-19 20:00:00+00:00,12.58,10.2,0.0
2025-03-19 21:00:00+00:00,11.379999999999999,8.8,0.0
2025-03-19 22:00:00+00:00,10.34,7.640000000000001,1.0
2025-03-19 23:00:00+00:00,9.58,6.82,1.0
2025-03-20 00:00:00+00:00,9.14,6.220000000000001,0.0
2025-03-20 01:00:00+00:00,8.78,5.779999999999999,0.0
2025-03-20 02:00:00+00:00,8.58,5.5600000000000005,1.0
2025-03-20 03:00:00+00:00,8.379999999999999,5.32,1.0
2025-03-20 04:00:00+00:00,8.24,5.22,1.0
2025-03-20 05:00:00+00:00,8.1,4.9799999999999995,1.0
2025-03-20 06:00:00+00:00,7.82,4.8,2.0
2025-03-20 07:00:00+00:00,8.34,5.26,3.0
2025-03-20 08:00:00+00:00,10.6,7.58,3.0
2025-03-20 09:00:00+00:00,13.16,10.02,3.0
2025-03-20 10:00:00+00:00,14.819999999999999,11.620000000000001,3.0
2025-03-20 11:00:00+00:00,16.54,13.5,3.0
2025-03-20 12:00:00+00:00,18.28,15.580000000000002,3.0
2025-03-20 13:00:00+00:00,19.419999999999998,16.64,3.0
2025-03-20 14:00:00+00:00,20.119999999999997,17.36,3.0
2025-03-20 15:00:00+00:00,20.2,17.68,3.0
2025-03-20 16:00:00+00:00,19.740000000000002,17.619999999999997,3.0
2025-03-20 17:00:00+00:00,18.8,17.02,3.0
2025-03-20 18:00:00+00:00,17.16,15.76,3.0
2025-03-20 19:00:00+00:00,15.540000000000001,14.040000000000001,3.0
2025-03-20 20:00:00+00:00,14.180000000000001,12.4,3.0
2025-03-20 21:00:00+00:00,13.24,11.040000000000001,3.0
2025-03-20 22:00:00+00:00,12.72,10.280000000000001,3.0
2025-03-20 23:00:00+00:00,12.66,10.08,3.0
2025-03-21 00:00:00+00:00,12.36,10.2,3.0
2025-03-21 01:00:00+00:00,11.959999999999999,9.7,3.0
2025-03-21 02:00:00+00:00,12.040000000000001,9.72,3.0
2025-03-21 03:00:00+00:00,12.52,10.08,3.0
2025-03-21 04:00:00+00:00,12.819999999999999,10.0,3.0
2025-03-21 05:00:00+00:00,12.74,9.86,3.0
2025-03-21 06:00:00+00:00,12.6,9.860000000000001,3.0
2025-03-21 07:00:00+00:00,12.440000000000001,10.040000000000001,3.0
2025-03-21 08:00:00+00:00,13.16,10.86,3.0
2025-03-21 09:00:00+00:00,14.14,11.540000000000001,3.0
2025-03-21 10:00:00+00:00,14.7,12.0,3.0
2025-03-21 11:00:00+00:00,14.98,12.26,3.0
2025-03-21 12:00:00+00:00,15.719999999999999,12.959999999999999,61.0
2025-03-21 13:00:00+00:00,15.959999999999999,13.4,2.0
2025-03-21 14:00:00+00:00,16.119999999999997,13.719999999999999,3.0
2025-03-21 15:00:00+00:00,16.46,13.9,3.0
2025-03-21 16:00:00+00:00,16.380000000000003,13.66,3.0
2025-03-21 17:00:00+00:00,15.84,13.3,3.0
2025-03-21 18:00:00+00:00,16.06,13.16,3.0
2025-03-21 19:00:00+00:00,15.02,12.379999999999999,3.0
2025-03-21 20:00:00+00:00,14.52,11.74,3.0
2025-03-21 21:00:00+00:00,14.12,11.2,3.0
2025-03-21 22:00:00+00:00,13.5,10.559999999999999,3.0
2025-03-21 23:00:00+00:00,13.080000000000002,10.24,3.0
2025-03-22 00:00:00+00:00,11.940000000000001,9.459999999999999,3.0
2025-03-22 01:00:00+00:00,11.86,9.36,3.0
2025-03-22 02:00:00+00:00,11.76,9.5,3.0
2025-03-22 03:00:00+00:00,11.440000000000001,9.34,3.0
2025-03-22 04:00:00+00:00,11.26,9.120000000000001,3.0
2025-03-22 05:00:00+00:00,11.059999999999999,8.72,3.0
2025-03-22 06:00:00+00:00,10.88,8.58,3.0
2025-03-22 07:00:00+00:00,10.92,8.84,3.0
2025-03-22 08:00:00+00:00,12.08,10.040000000000001,3.0
2025-03-22 09:00:00+00:00,13.16,10.66,3.0
2025-03-22 10:00:00+00:00,13.7,10.040000000000001,3.0
2025-03-22 11:00:00+00:00,13.9,10.02,3.0
2025-03-22 12:00:00+00:00,14.8,11.040000000000001,3.0
2025-03-22 13:00:00+00:00,14.780000000000001,10.76,0.0
2025-03-22 14:00:00+00:00,14.3,10.66,0.0
2025-03-22 15:00:00+00:00,14.059999999999999,10.620000000000001,0.0
2025-03-22 16:00:00+00:00,13.36,10.0,3.0
2025-03-22 17:00:00+00:00,12.42,9.440000000000001,3.0
2025-03-22 18:00:00+00:00,12.1,9.8,3.0
2025-03-22 19:00:00+00:00,10.98,8.82,3.0
2025-03-22 20:00:00+00:00,10.48,8.32,3.0
2025-03-22 21:00:00+00:00,10.059999999999999,8.02,2.0
2025-03-22 22:00:00+00:00,9.620000000000001,7.5200000000000005,3.0
2025-03-22 23:00:00+00:00,9.2,6.92,3.0
2025-03-23 00:00:00+00:00,9.559999999999999,6.1,3.0
2025-03-23 01:00:00+00:00,9.4,6.1,3.0
2025-03-23 02:00:00+00:00,9.459999999999999,6.44,3.0
2025-03-23 03:00:00+00:00,9.6,6.459999999999999,3.0
2025-03-23 04:00:00+00:00,9.52,6.5200000000000005,3.0
2025-03-23 05:00:00+00:00,9.5,6.5200000000000005,3.0
2025-03-23 06:00:00+00:00,9.58,6.4799999999999995,3.0
2025-03-23 07:00:00+00:00,9.76,6.840000000000001,3.0
2025-03-23 08:00:00+00:00,10.5,7.519999999999999,3.0
2025-03-23 09:00:00+00:00,11.14,7.859999999999999,3.0
2025-03-23 10:00:00+00:00,11.66,7.959999999999999,3.0
2025-03-23 11:00:00+00:00,11.84,7.94,3.0
2025-03-23 12:00:00+00:00,11.56,8.0,3.0
2025-03-23 13:00:00+00:00,11.76,8.32,3.0
2025-03-23 14:00:00+00:00,11.819999999999999,8.4,3.0
2025-03-23 15:00:00+00:00,11.76,8.620000000000001,3.0
2025-03-23 16:00:00+00:00,11.440000000000001,8.48,3.0
2025-03-23 17:00:00+00:00,11.02,8.36,3.0
2025-03-23 18:00:00+00:00,10.42,7.76,61.0
2025-03-23 19:00:00+00:00,10.14,7.82,3.0
2025-03-23 20:00:00+00:00,9.9,7.779999999999999,3.0
2025-03-23 21:00:00+00:00,9.82,7.840000000000001,3.0
2025-03-23 22:00:00+00:00,9.68,7.74,3.0
2025-03-23 23:00:00+00:00,9.64,7.659999999999999,3.0
2025-03-24 00:00:00+00:00,9.9,7.76,1.0
2025-03-24 01:00:00+00:00,9.84,7.720000000000001,61.0
2025-03-24 02:00:00+00:00,9.76,7.540000000000001,3.0
2025-03-24 03:00:00+00:00,9.84,7.68,3.0
2025-03-24 04:00:00+00:00,9.7,7.5200000000000005,3.0
2025-03-24 05:00:00+00:00,9.58,7.62,2.0
2025-03-24 06:00:00+00:00,9.620000000000001,7.68,3.0
2025-03-24 07:00:00+00:00,9.68,7.76,3.0
2025-03-24 08:00:00+00:00,10.379999999999999,8.5,3.0
2025-03-24 09:00:00+00:00,11.26,9.28,3.0
2025-03-24 10:00:00+00:00,12.14,10.14,3.0
2025-03-24 11:00:00+00:00,12.78,10.8,2.0
2025-03-24 12:00:00+00:00,14.36,12.58,2.0
2025-03-24 13:00:00+00:00,15.16,13.4,1.0
2025-03-24 14:00:00+00:00,15.62,13.62,2.0
2025-03-24 15:00:00+00:00,15.64,13.540000000000001,3.0
2025-03-24 16:00:00+00:00,15.040000000000001,12.940000000000001,0.0
2025-03-24 17:00:00+00:00,14.3,12.26,2.0
2025-03-24 18:00:00+00:00,13.1,11.6,2.0
2025-03-24 19:00:00+00:00,12.1,10.78,0.0
2025-03-24 20:00:00+00:00,11.459999999999999,10.24,1.0
2025-03-24 21:00:00+00:00,11.040000000000001,9.940000000000001,1.0
2025-03-24 22:00:00+00:00,10.68,9.66,1.0
2025-03-24 23:00:00+00:00,10.28,9.16,2.0
2025-03-25 00:00:00+00:00,9.84,8.620000000000001,3.0
2025-03-25 01:00:00+00:00,9.58,8.34,2.0
2025-03-25 02:00:00+00:00,9.22,7.88,2.0
2025-03-25 03:00:00+00:00,9.08,7.720000000000001,1.0
2025-03-25 04:00:00+00:00,9.120000000000001,7.720000000000001,3.0
2025-03-25 05:00:00+00:00,9.120000000000001,7.780000000000001,2.0
2025-03-25 06:00:00+00:00,8.959999999999999,7.82,3.0
2025-03-25 07:00:00+00:00,9.34,8.34,3.0
2025-03-25 08:00:00+00:00,10.64,9.82,2.0
2025-03-25 09:00:00+00:00,11.98,10.92,3.0
2025-03-25 10:00:00+00:00,12.940000000000001,11.76,3.0
2025-03-25 11:00:00+00:00,13.86,12.52,2.0
2025-03-25 12:00:00+00:00,13.86,12.2,3.0
2025-03-25 13:00:00+00:00,14.16,12.4,2.0
2025-03-25 14:00:00+00:00,14.4,12.48,3.0
2025-03-25 15:00:00+00:00,14.059999999999999,11.879999999999999,3.0
2025-03-25 16:00:00+00:00,13.580000000000002,11.440000000000001,2.0
2025-03-25 17:00:00+00:00,13.0,11.0,2.0
2025-03-25 18:00:00+00:00,11.82,9.84,2.0
2025-03-25 19:00:00+00:00,10.940000000000001,9.28,80.0
2025-03-25 20:00:00+00:00,10.3,8.66,3.0
2025-03-25 21:00:00+00:00,9.92,8.34,3.0
2025-03-25 22:00:00+00:00,9.66,8.16,3.0
2025-03-25 23:00:00+00:00,9.440000000000001,8.0,3.0
2025-03-26 00:00:00+00:00,9.24,7.82,3.0
2025-03-26 01:00:00+00:00,8.98,7.519999999999999,3.0
2025-03-26 02:00:00+00:00,8.74,7.340000000000001,3.0
2025-03-26 03:00:00+00:00,8.559999999999999,7.24,3.0
2025-03-26 04:00:00+00:00,8.32,7.0200000000000005,3.0
2025-03-26 05:00:00+00:00,8.059999999999999,6.7,2.0
2025-03-26 06:00:00+00:00,7.7,6.44,3.0
2025-03-26 07:00:00+00:00,8.14,6.94,3.0
2025-03-26 08:00:00+00:00,9.76,8.559999999999999,3.0
2025-03-26 09:00:00+00:00,10.940000000000001,9.48,2.0
2025-03-26 10:00:00+00:00,12.0,10.42,3.0
2025-03-26 11:00:00+00:00,12.559999999999999,10.6,2.0
2025-03-26 12:00:00+00:00,12.940000000000001,10.959999999999999,2.0
2025-03-26 13:00:00+00:00,13.280000000000001,11.18,3.0
2025-03-26 14:00:00+00:00,13.6,11.58,3.0
2025-03-26 15:00:00+00:00,13.64,11.540000000000001,3.0
2025-03-26 16:00:00+00:00,13.5,11.379999999999999,2.0
2025-03-26 17:00:00+00:00,12.940000000000001,10.92,2.0
2025-03-26 18:00:00+00:00,12.48,10.8,2.0
2025-03-26 19:00:00+00:00,11.34,9.8,3.0
2025-03-26 20:00:00+00:00,10.64,9.16,3.0
2025-03-26 21:00:00+00:00,10.26,8.879999999999999,3.0
2025-03-26 22:00:00+00:00,9.959999999999999,8.76,3.0
2025-03-26 23:00:00+00:00,9.64,8.48,3.0
2025-03-27 00:00:00+00:00,9.440000000000001,8.32,3.0
2025-03-27 01:00:00+00:00,9.319999999999999,8.18,3.0
2025-03-27 02:00:00+00:00,9.120000000000001,7.9799999999999995,2.0
2025-03-27 03:00:00+00:00,8.84,7.58,2.0
2025-03-27 04:00:00+00:00,8.66,7.38,2.0
2025-03-27 05:00:00+00:00,8.440000000000001,7.08,2.0
2025-03-27 06:00:00+00:00,8.34,6.859999999999999,3.0
2025-03-27 07:00:00+00:00,8.76,7.3,1.0
2025-03-27 08:00:00+00:00,10.08,8.440000000000001,3.0
2025-03-27 09:00:00+00:00,11.379999999999999,9.72,0.0
2025-03-27 10:00:00+00:00,12.74,10.860000000000001,1.0
2025-03-27 11:00:00+00:00,13.88,12.120000000000001,1.0
2025-03-27 12:00:00+00:00,14.319999999999999,12.2,2.0
2025-03-27 13:00:00+00:00,14.62,12.24,1.0
2025-03-27 14:00:00+00:00,14.780000000000001,12.120000000000001,2.0
2025-03-27 15:00:00+00:00,14.919999999999998,11.959999999999999,1.0
2025-03-27 16:00:00+00:00,14.66,11.84,2.0
2025-03-27 17:00:00+00:00,13.98,11.559999999999999,2.0
2025-03-27 18:00:00+00:00,12.74,10.940000000000001,2.0
2025-03-27 19:00:00+00:00,11.36,9.76,2.0
2025-03-27 20:00:00+00:00,10.52,9.06,2.0
2025-03-27 21:00:00+00:00,10.1,8.760000000000002,2.0
2025-03-27 22:00:00+00:00,9.86,8.440000000000001,2.0
2025-03-27 23:00:00+00:00,9.58,8.16,2.0
2025-03-28 00:00:00+00:00,8.940000000000001,7.42,2.0
2025-03-28 01:00:00+00:00,8.8,7.340000000000001,2.0
2025-03-28 02:00:00+00:00,8.5,6.94,2.0
2025-03-28 03:00:00+00:00,8.459999999999999,6.840000000000001,2.0
2025-03-28 04:00:00+00:00,8.48,6.859999999999999,2.0
2025-03-28 05:00:00+00:00,8.4,6.82,2.0
2025-03-28 06:00:00+00:00,7.779999999999999,6.08,2.0
2025-03-28 07:00:00+00:00,8.379999999999999,6.959999999999999,2.0
2025-03-28 08:00:00+00:00,10.14,8.56,2.0
2025-03-28 09:00:00+00:00,11.379999999999999,9.08,2.0
2025-03-28 10:00:00+00:00,12.28,9.540000000000001,2.0
2025-03-28 11:00:00+00:00,13.1,10.18,2.0
2025-03-28 12:00:00+00:00,13.64,10.7,3.0
2025-03-28 13:00:00+00:00,13.680000000000001,10.22,3.0
2025-03-28 14:00:00+00:00,13.780000000000001,10.26,3.0
2025-03-28 15:00:00+00:00,13.48,9.86,3.0
2025-03-28 16:00:00+00:00,13.080000000000002,9.620000000000001,3.0
2025-03-28 17:00:00+00:00,12.4,9.32,3.0
2025-03-28 18:00:00+00:00,11.879999999999999,9.139999999999999,3.0
2025-03-28 19:00:00+00:00,11.28,8.74,3.0
2025-03-28 20:00:00+00:00,11.0,8.58,3.0
2025-03-28 21:00:00+00:00,11.0,8.52,3.0
2025-03-28 22:00:00+00:00,10.64,7.68,2.0
2025-03-28 23:00:00+00:00,10.040000000000001,7.040000000000001,2.0
2025-03-29 00:00:00+00:00,9.1,5.86,0.0
2025-03-29 01:00:00+00:00,8.719999999999999,5.16,2.0
2025-03-29 02:00:00+00:00,8.14,4.76,0.0
2025-03-29 03:00:00+00:00,7.540000000000001,4.5,0.0
2025-03-29 04:00:00+00:00,7.12,4.14,2.0
2025-03-29 05:00:00+00:00,6.88,3.9,2.0
2025-03-29 06:00:00+00:00,6.220000000000001,3.4200000000000004,1.0
2025-03-29 07:00:00+00:00,6.44,3.54,1.0
2025-03-29 08:00:00+00:00,7.5200000000000005,4.32,3.0
2025-03-29 09:00:00+00:00,8.8,5.4799999999999995,2.0
2025-03-29 10:00:00+00:00,9.940000000000001,6.5,2.0
2025-03-29 11:00:00+00:00,10.74,6.840000000000001,2.0
2025-03-29 12:00:00+00:00,11.819999999999999,7.720000000000001,2.0
2025-03-29 13:00:00+00:00,12.28,8.120000000000001,2.0
2025-03-29 14:00:00+00:00,12.58,8.16,2.0
2025-03-29 15:00:00+00:00,12.48,7.859999999999999,3.0
2025-03-29 16:00:00+00:00,12.02,7.62,1.0
2025-03-29 17:00:00+00:00,11.48,7.4,1.0
2025-03-29 18:00:00+00:00,10.76,7.140000000000001,1.0
2025-03-29 19:00:00+00:00,9.48,6.42,0.0
2025-03-29 20:00:00+00:00,8.76,5.779999999999999,0.0
2025-03-29 21:00:00+00:00,8.059999999999999,5.26,0.0
2025-03-29 22:00:00+00:00,7.540000000000001,4.9399999999999995,0.0
2025-03-29 23:00:00+00:00,6.859999999999999,4.46,0.0
2025-03-30 00:00:00+00:00,5.82,3.56,0.0
2025-03-30 01:00:00+00:00,5.3,3.08,0.0
2025-03-30 02:00:00+00:00,4.8,2.5599999999999996,0.0
2025-03-30 03:00:00+00:00,4.36,2.2,0.0
2025-03-30 04:00:00+00:00,3.96,1.8199999999999998,0.0
2025-03-30 05:00:00+00:00,3.62,1.5,1.0
2025-03-30 06:00:00+00:00,3.12,0.9,1.0
2025-03-30 07:00:00+00:00,3.78,1.6800000000000002,1.0
2025-03-30 08:00:00+00:00,7.32,5.7,0.0
2025-03-30 09:00:00+00:00,9.92,8.14,0.0
2025-03-30 10:00:00+00:00,11.68,9.76,0.0
2025-03-30 11:00:00+00:00,12.84,10.92,1.0
2025-03-30 12:00:00+00:00,13.419999999999998,11.52,2.0
2025-03-30 13:00:00+00:00,13.680000000000001,11.66,2.0
2025-03-30 14:00:00+00:00,13.52,11.36,3.0
2025-03-30 15:00:00+00:00,13.36,10.959999999999999,3.0
2025-03-30 16:00:00+00:00,13.12,10.82,2.0
2025-03-30 17:00:00+00:00,12.72,10.64,1.0
2025-03-30 18:00:00+00:00,12.059999999999999,10.24,0.0
2025-03-30 19:00:00+00:00,11.059999999999999,9.6,0.0
2025-03-30 20:00:00+00:00,10.28,8.98,3.0
2025-03-30 21:00:00+00:00,9.58,8.32,2.0
2025-03-30 22:00:00+00:00,8.9,7.659999999999999,0.0
2025-03-30 23:00:00+00:00,8.459999999999999,7.220000000000001,0.0
2025-03-31 00:00:00+00:00,8.24,6.959999999999999,2.0
2025-03-31 01:00:00+00:00,7.92,6.540000000000001,1.0
2025-03-31 02:00:00+00:00,7.640000000000001,6.1,1.0
2025-03-31 03:00:00+00:00,7.279999999999999,5.6,1.0
2025-03-31 04:00:00+00:00,6.839999999999999,5.0600000000000005,0.0
2025-03-31 05:00:00+00:00,6.5,4.64,0.0
2025-03-31 06:00:00+00:00,6.6,4.66,2.0
2025-03-31 07:00:00+00:00,7.44,5.5,2.0
2025-03-31 08:00:00+00:00,9.6,7.460000000000001,2.0
2025-03-31 09:00:00+00:00,11.42,9.22,0.0
2025-03-31 10:00:00+00:00,13.0,10.76,1.0
2025-03-31 11:00:00+00:00,14.24,12.34,1.0
2025-03-31 12:00:00+00:00,15.4,13.780000000000001,1.0
2025-03-31 13:00:00+00:00,16.1,14.24,1.0
2025-03-31 14:00:00+00:00,16.56,14.36,1.0
2025-03-31 15:00:00+00:00,16.619999999999997,13.86,0.0
2025-03-31 16:00:00+00:00,16.3,13.2,1.0
2025-03-31 17:00:00+00:00,15.420000000000002,12.440000000000001,1.0
2025-03-31 18:00:00+00:00,14.74,12.059999999999999,0.0
2025-03-31 19:00:00+00:00,13.02,10.46,0.0
2025-03-31 20:00:00+00:00,11.82,9.120000000000001,0.0
2025-03-31 21:00:00+00:00,10.9,8.040000000000001,0.0
2025-03-31 22:00:00+00:00,10.059999999999999,7.1,0.0
2025-03-31 23:00:00+00:00,9.32,6.24,0.0
2025-04-01 00:00:00+00:00,8.440000000000001,5.6,0.0
2025-04-01 01:00:00+00:00,7.9,5.0200000000000005,0.0
2025-04-01 02:00:00+00:00,7.44,4.46,0.0
2025-04-01 03:00:00+00:00,7.08,4.0,0.0
2025-04-01 04:00:00+00:00,6.74,3.56,0.0
2025-04-01 05:00:00+00:00,6.4,3.1399999999999997,0.0
2025-04-01 06:00:00+00:00,5.88,2.48,0.0
2025-04-01 07:00:00+00:00,6.840000000000001,3.44,0.0
2025-04-01 08:00:00+00:00,9.34,5.8,0.0
2025-04-01 09:00:00+00:00,11.52,7.92,0.0
2025-04-01 10:00:00+00:00,13.5,10.26,0.0
2025-04-01 11:00:00+00:00,15.24,12.64,0.0
2025-04-01 12:00:00+00:00,16.8,14.1,0.0
2025-04-01 13:00:00+00:00,17.72,14.779999999999998,0.0
2025-04-01 14:00:00+00:00,18.1,14.680000000000001,0.0
2025-04-01 15:00:00+00:00,17.98,13.88,0.0
2025-04-01 16:00:00+00:00,17.34,12.8,0.0
2025-04-01 17:00:00+00:00,16.36,12.120000000000001,0.0
2025-04-01 18:00:00+00:00,15.76,11.959999999999999,0.0
2025-04-01 19:00:00+00:00,13.780000000000001,10.379999999999999,0.0
2025-04-01 20:00:00+00:00,12.28,9.080000000000002,0.0
2025-04-01 21:00:00+00:00,10.72,7.5200000000000005,0.0
2025-04-01 22:00:00+00:00,9.58,6.44,0.0
2025-04-01 23:00:00+00:00,8.84,5.64,0.0
2025-04-02 00:00:00+00:00,8.14,5.0200000000000005,0.0
2025-04-02 01:00:00+00:00,7.44,4.3,0.0
2025-04-02 02:00:00+00:00,6.74,3.5799999999999996,0.0
2025-04-02 03:00:00+00:00,6.3,2.98,0.0
2025-04-02 04:00:00+00:00,6.159999999999999,2.9799999999999995,0.0
2025-04-02 05:00:00+00:00,5.9799999999999995,2.7800000000000002,0.0
2025-04-02 06:00:00+00:00,6.12,2.92,0.0
2025-04-02 07:00:00+00:00,7.4799999999999995,4.42,0.0
2025-04-02 08:00:00+00:00,9.959999999999999,6.62,0.0
2025-04-02 09:00:00+00:00,12.379999999999999,8.78,0.0
2025-04-02 10:00:00+00:00,14.14,10.48,0.0
2025-04-02 11:00:00+00:00,15.26,11.42,2.0
2025-04-02 12:00:00+00:00,14.12,10.540000000000001,2.0
2025-04-02 13:00:00+00:00,13.98,10.86,3.0
2025-04-02 14:00:00+00:00,14.14,10.940000000000001,2.0
2025-04-02 15:00:00+00:00,14.280000000000001,11.52,3.0
2025-04-02 16:00:00+00:00,14.180000000000001,11.7,3.0
2025-04-02 17:00:00+00:00,13.540000000000001,11.52,3.0
2025-04-02 18:00:00+00:00,12.74,10.3,3.0
2025-04-02 19:00:00+00:00,11.82,9.459999999999999,3.0
2025-04-02 20:00:00+00:00,11.28,9.2,3.0
2025-04-02 21:00:00+00:00,11.139999999999999,8.84,2.0
2025-04-02 22:00:00+00:00,10.92,8.4,3.0
2025-04-02 23:00:00+00:00,10.82,8.3,3.0
2025-04-03 00:00:00+00:00,11.3,8.9,3.0
2025-04-03 01:00:00+00:00,11.02,8.459999999999999,3.0
2025-04-03 02:00:00+00:00,10.819999999999999,8.36,3.0
2025-04-03 03:00:00+00:00,10.98,8.48,3.0
2025-04-03 04:00:00+00:00,11.02,8.5,3.0
2025-04-03 05:00:00+00:00,11.08,8.42,3.0
2025-04-03 06:00:00+00:00,11.120000000000001,8.940000000000001,3.0
2025-04-03 07:00:00+00:00,11.22,8.98,3.0
2025-04-03 08:00:00+00:00,12.64,10.36,2.0
2025-04-03 09:00:00+00:00,14.1,11.6,3.0
2025-04-03 10:00:00+00:00,15.440000000000001,12.9,3.0
2025-04-03 11:00:00+00:00,16.4,13.84,3.0
2025-04-03 12:00:00+00:00,17.2,14.74,3.0
2025-04-03 13:00:00+00:00,17.380000000000003,14.940000000000001,3.0
2025-04-03 14:00:00+00:00,17.56,15.34,3.0
2025-04-03 15:00:00+00:00,17.02,15.280000000000001,61.0
2025-04-03 16:00:00+00:00,16.3,15.080000000000002,61.0
2025-04-03 17:00:00+00:00,15.76,14.919999999999998,3.0
2025-04-03 18:00:00+00:00,14.7,13.6,3.0
2025-04-03 19:00:00+00:00,13.5,12.5,3.0
2025-04-03 20:00:00+00:00,12.540000000000001,11.620000000000001,0.0
2025-04-03 21:00:00+00:00,11.739999999999998,10.8,3.0
2025-04-03 22:00:00+00:00,11.14,9.92,3.0
2025-04-03 23:00:00+00:00,10.76,9.44,3.0
2025-04-04 00:00:00+00:00,10.24,8.66,3.0
2025-04-04 01:00:00+00:00,9.72,8.059999999999999,2.0
2025-04-04 02:00:00+00:00,9.26,7.44,3.0
2025-04-04 03:00:00+00:00,9.1,7.26,0.0
2025-04-04 04:00:00+00:00,8.940000000000001,6.959999999999999,3.0
2025-04-04 05:00:00+00:00,8.92,6.859999999999999,1.0
2025-04-04 06:00:00+00:00,8.98,6.959999999999999,3.0
2025-04-04 07:00:00+00:00,10.1,8.14,3.0
2025-04-04 08:00:00+00:00,12.459999999999999,10.78,3.0
2025-04-04 09:00:00+00:00,14.62,12.8,3.0
2025-04-04 10:00:00+00:00,16.5,14.38,3.0
2025-04-04 11:00:00+00:00,17.86,15.959999999999999,3.0
2025-04-04 12:00:00+00:00,18.6,16.94,3.0
2025-04-04 13:00:00+00:00,19.619999999999997,18.0,3.0
2025-04-04 14:00:00+00:00,20.34,18.740000000000002,3.0
2025-04-04 15:00:00+00:00,20.419999999999998,18.8,3.0
2025-04-04 16:00:00+00:00,20.119999999999997,18.84,3.0
2025-04-04 17:00:00+00:00,19.28,18.419999999999998,2.0
2025-04-04 18:00:00+00:00,17.44,17.04,3.0
2025-04-04 19:00:00+00:00,15.940000000000001,15.540000000000001,2.0
2025-04-04 20:00:00+00:00,14.680000000000001,14.16,3.0
2025-04-04 21:00:00+00:00,13.76,12.919999999999998,3.0
2025-04-04 22:00:00+00:00,13.040000000000001,11.72,3.0
2025-04-04 23:00:00+00:00,12.36,10.739999999999998,3.0
2025-04-05 00:00:00+00:00,11.959999999999999,10.5,3.0
2025-04-05 01:00:00+00:00,11.52,9.92,3.0
2025-04-05 02:00:00+00:00,11.059999999999999,9.379999999999999,3.0
2025-04-05 03:00:00+00:00,10.7,8.959999999999999,3.0
2025-04-05 04:00:00+00:00,10.5,8.72,2.0
2025-04-05 05:00:00+00:00,10.379999999999999,8.620000000000001,2.0
2025-04-05 06:00:00+00:00,10.379999999999999,8.58,2.0
2025-04-05 07:00:00+00:00,11.440000000000001,9.9,2.0
2025-04-05 08:00:00+00:00,14.26,13.280000000000001,2.0
2025-04-05 09:00:00+00:00,16.34,14.98,0.0
2025-04-05 10:00:00+00:00,17.68,16.34,2.0
2025-04-05 11:00:00+00:00,18.78,17.9,2.0
2025-04-05 12:00:00+00:00,17.6,16.8,3.0
2025-04-05 13:00:00+00:00,17.880000000000003,17.080000000000002,2.0
2025-04-05 14:00:00+00:00,17.759999999999998,17.14,2.0
2025-04-05 15:00:00+00:00,17.56,16.72,3.0
2025-04-05 16:00:00+00:00,17.04,16.259999999999998,3.0
2025-04-05 17:00:00+00:00,16.22,15.440000000000001,0.0
2025-04-05 18:00:00+00:00,15.819999999999999,15.219999999999999,3.0
2025-04-05 19:00:00+00:00,14.459999999999999,13.959999999999999,2.0
2025-04-05 20:00:00+00:00,13.5,13.14,3.0
2025-04-05 21:00:00+00:00,12.84,12.4,2.0
2025-04-05 22:00:00+00:00,12.319999999999999,11.8,2.0
2025-04-05 23:00:00+00:00,11.940000000000001,11.52,1.0
2025-04-06 00:00:00+00:00,11.940000000000001,11.42,1.0
2025-04-06 01:00:00+00:00,11.58,11.040000000000001,0.0
2025-04-06 02:00:00+00:00,11.42,10.86,3.0
2025-04-06 03:00:00+00:00,11.3,10.7,3.0
2025-04-06 04:00:00+00:00,11.2,10.6,2.0
2025-04-06 05:00:00+00:00,11.12,10.4,3.0
2025-04-06 06:00:00+00:00,10.72,10.16,3.0
2025-04-06 07:00:00+00:00,11.6,11.120000000000001,3.0
2025-04-06 08:00:00+00:00,13.440000000000001,13.040000000000001,3.0
2025-04-06 09:00:00+00:00,14.780000000000001,14.24,3.0
2025-04-06 10:00:00+00:00,16.0,15.5,3.0
2025-04-06 11:00:00+00:00,17.14,16.9,2.0
2025-04-06 12:00:00+00:00,18.06,17.880000000000003,3.0
2025-04-06 13:00:00+00:00,18.619999999999997,18.02,3.0
2025-04-06 14:00:00+00:00,19.0,18.04,2.0
2025-04-06 15:00:00+00:00,18.860000000000003,17.5,2.0
2025-04-06 16:00:00+00:00,18.32,16.9,1.0
2025-04-06 17:00:00+00:00,17.46,16.14,1.0
2025-04-06 18:00:00+00:00,16.14,14.84,0.0
2025-04-06 19:00:00+00:00,14.6,13.440000000000001,0.0
2025-04-06 20:00:00+00:00,13.559999999999999,12.3,0.0
2025-04-06 21:00:00+00:00,12.9,11.440000000000001,0.0
2025-04-06 22:00:00+00:00,12.36,10.879999999999999,0.0
2025-04-06 23:00:00+00:00,11.719999999999999,10.16,0.0
2025-04-07 00:00:00+00:00,11.58,10.28,0.0
2025-04-07 01:00:00+00:00,11.1,9.72,0.0
2025-04-07 02:00:00+00:00,10.6,9.14,0.0
2025-04-07 03:00:00+00:00,10.1,8.52,0.0
2025-04-07 04:00:00+00:00,9.620000000000001,8.0,0.0
2025-04-07 05:00:00+00:00,9.28,7.4799999999999995,0.0
2025-04-07 06:00:00+00:00,8.940000000000001,7.3,0.0
2025-04-07 07:00:00+00:00,9.879999999999999,8.28,0.0
2025-04-07 08:00:00+00:00,12.080000000000002,10.26,0.0
2025-04-07 09:00:00+00:00,13.780000000000001,11.82,0.0
2025-04-07 10:00:00+00:00,15.459999999999999,13.88,0.0
2025-04-07 11:00:00+00:00,17.04,15.959999999999999,0.0
2025-04-07 12:00:00+00:00,18.66,18.0,0.0
2025-04-07 13:00:00+00:00,19.56,18.919999999999998,0.0
2025-04-07 14:00:00+00:00,20.02,18.880000000000003,0.0
2025-04-07 15:00:00+00:00,20.14,18.32,0.0
2025-04-07 16:00:00+00:00,19.86,17.5,0.0
2025-04-07 17:00:00+00:00,19.080000000000002,16.8,0.0
2025-04-07 18:00:00+00:00,18.04,16.4,0.0
2025-04-07 19:00:00+00:00,15.76,14.459999999999999,0.0
2025-04-07 20:00:00+00:00,14.16,12.8,0.0
2025-04-07 21:00:00+00:00,12.959999999999999,11.68,0.0
2025-04-07 22:00:00+00:00,12.16,10.86,0.0
2025-04-07 23:00:00+00:00,11.36,10.040000000000001,0.0
2025-04-08 00:00:00+00:00,10.540000000000001,9.14,0.0
2025-04-08 01:00:00+00:00,9.84,8.3,0.0
2025-04-08 02:00:00+00:00,9.0,7.3199999999999985,0.0
2025-04-08 03:00:00+00:00,8.18,6.34,0.0
2025-04-08 04:00:00+00:00,7.56,5.68,0.0
2025-04-08 05:00:00+00:00,7.08,5.159999999999999,0.0
2025-04-08 06:00:00+00:00,6.62,4.7,0.0
2025-04-08 07:00:00+00:00,8.08,6.36,0.0
2025-04-08 08:00:00+00:00,11.680000000000001,10.3,0.0
2025-04-08 09:00:00+00:00,14.9,13.719999999999999,0.0
2025-04-08 10:00:00+00:00,17.4,16.84,0.0
2025-04-08 11:00:00+00:00,19.18,19.14,0.0
2025-04-08 12:00:00+00:00,20.259999999999998,20.259999999999998,0.0
2025-04-08 13:00:00+00:00,21.080000000000002,20.740000000000002,0.0
2025-04-08 14:00:00+00:00,21.36,20.2,1.0
2025-04-08 15:00:00+00:00,21.14,19.02,3.0
2025-04-08 16:00:00+00:00,20.66,18.04,3.0
2025-04-08 17:00:00+00:00,19.68,17.34,3.0
2025-04-08 18:00:00+00:00,18.54,16.7,1.0
2025-04-08 19:00:00+00:00,16.16,14.540000000000001,0.0
2025-04-08 20:00:00+00:00,14.780000000000001,13.12,2.0
2025-04-08 21:00:00+00:00,13.459999999999999,11.719999999999999,0.0
2025-04-08 22:00:00+00:00,12.26,10.459999999999999,0.0
2025-04-08 23:00:00+00:00,11.36,9.580000000000002,0.0
2025-04-09 00:00:00+00:00,10.680000000000001,8.879999999999999,0.0
2025-04-09 01:00:00+00:00,10.0,8.14,0.0
2025-04-09 02:00:00+00:00,9.36,7.58,0.0
2025-04-09 03:00:00+00:00,9.02,7.2,3.0
2025-04-09 04:00:00+00:00,8.66,6.7,3.0
2025-04-09 05:00:00+00:00,8.16,6.2,0.0
2025-04-09 06:00:00+00:00,8.08,6.0200000000000005,3.0
2025-04-09 07:00:00+00:00,9.6,7.8,3.0
2025-04-09 08:00:00+00:00,12.940000000000001,11.24,3.0
2025-04-09 09:00:00+00:00,15.059999999999999,12.940000000000001,3.0
2025-04-09 10:00:00+00:00,16.56,14.580000000000002,3.0
2025-04-09 11:00:00+00:00,17.78,15.940000000000001,3.0
2025-04-09 12:00:00+00:00,18.860000000000003,17.36,3.0
2025-04-09 13:00:00+00:00,19.419999999999998,17.7,3.0
2025-04-09 14:00:00+00:00,19.66,17.419999999999998,1.0
2025-04-09 15:00:00+00:00,19.740000000000002,17.02,0.0
2025-04-09 16:00:00+00:00,19.36,16.0,0.0
2025-04-09 17:00:00+00:00,18.580000000000002,15.219999999999999,0.0
2025-04-09 18:00:00+00:00,17.5,14.719999999999999,0.0
2025-04-09 19:00:00+00:00,15.560000000000002,13.24,0.0
2025-04-09 20:00:00+00:00,14.319999999999999,12.059999999999999,0.0
2025-04-09 21:00:00+00:00,13.4,10.98,0.0
2025-04-09 22:00:00+00:00,12.52,10.040000000000001,0.0
2025-04-09 23:00:00+00:00,11.68,9.1,0.0
2025-04-10 00:00:00+00:00,10.620000000000001,8.26,0.0
2025-04-10 01:00:00+00:00,10.04,7.640000000000001,0.0
2025-04-10 02:00:00+00:00,9.440000000000001,7.0200000000000005,0.0
2025-04-10 03:00:00+00:00,8.8,6.220000000000001,0.0
2025-04-10 04:00:00+00:00,8.22,5.6,0.0
2025-04-10 05:00:00+00:00,7.779999999999999,5.1,0.0
2025-04-10 06:00:00+00:00,7.640000000000001,5.04,0.0
2025-04-10 07:00:00+00:00,9.58,7.140000000000001,0.0
2025-04-10 08:00:00+00:00,12.9,10.379999999999999,0.0
2025-04-10 09:00:00+00:00,15.26,12.64,0.0
2025-04-10 10:00:00+00:00,17.240000000000002,15.080000000000002,0.0
2025-04-10 11:00:00+00:00,18.9,17.1,0.0
2025-04-10 12:00:00+00:00,20.14,18.54,0.0
2025-04-10 13:00:00+00:00,21.22,19.36,0.0
2025-04-10 14:00:00+00:00,21.66,19.44,0.0
2025-04-10 15:00:00+00:00,21.880000000000003,18.98,0.0
2025-04-10 16:00:00+00:00,21.660000000000004,18.44,0.0
2025-04-10 17:00:00+00:00,21.119999999999997,18.16,0.0
2025-04-10 18:00:00+00:00,20.080000000000002,18.14,0.0
2025-04-10 19:00:00+00:00,17.78,16.22,0.0
2025-04-10 20:00:00+00:00,15.959999999999999,14.339999999999998,0.0
2025-04-10 21:00:00+00:00,14.74,13.1,0.0
2025-04-10 22:00:00+00:00,13.540000000000001,11.68,0.0
2025-04-10 23:00:00+00:00,12.68,10.86,0.0
2025-04-11 00:00:00+00:00,12.040000000000001,10.42,0.0
2025-04-11 01:00:00+00:00,11.620000000000001,9.940000000000001,0.0
2025-04-11 02:00:00+00:00,11.16,9.42,0.0
2025-04-11 03:00:00+00:00,10.68,8.879999999999999,0.0
2025-04-11 04:00:00+00:00,10.14,8.26,2.0
2025-04-11 05:00:00+00:00,9.76,7.82,0.0
2025-04-11 06:00:00+00:00,8.52,6.3,1.0
2025-04-11 07:00:00+00:00,10.82,8.86,1.0
2025-04-11 08:00:00+00:00,14.660000000000002,12.819999999999999,0.0
2025-04-11 09:00:00+00:00,17.619999999999997,15.9,0.0
2025-04-11 10:00:00+00:00,19.98,18.84,0.0
2025-04-11 11:00:00+00:00,21.76,20.94,0.0
2025-04-11 12:00:00+00:00,22.32,22.18,1.0
2025-04-11 13:00:00+00:00,23.28,22.84,3.0
2025-04-11 14:00:00+00:00,23.919999999999998,23.04,3.0
2025-04-11 15:00:00+00:00,24.06,22.7,0.0
2025-04-11 16:00:00+00:00,23.619999999999997,21.759999999999998,3.0
2025-04-11 17:00:00+00:00,22.44,20.6,3.0
2025-04-11 18:00:00+00:00,20.759999999999998,20.04,3.0
2025-04-11 19:00:00+00:00,19.06,18.48,3.0
2025-04-11 20:00:00+00:00,17.32,16.44,3.0
2025-04-11 21:00:00+00:00,16.36,15.219999999999999,3.0
2025-04-11 22:00:00+00:00,15.52,14.8,3.0
2025-04-11 23:00:00+00:00,14.959999999999999,14.36,3.0
2025-04-12 00:00:00+00:00,14.419999999999998,13.74,3.0
2025-04-12 01:00:00+00:00,13.86,13.040000000000001,3.0
2025-04-12 02:00:00+00:00,13.540000000000001,12.72,3.0
2025-04-12 03:00:00+00:00,13.2,12.18,3.0
2025-04-12 04:00:00+00:00,12.68,11.72,3.0
2025-04-12 05:00:00+00:00,12.6,11.52,3.0
2025-04-12 06:00:00+00:00,12.620000000000001,11.58,3.0
2025-04-12 07:00:00+00:00,13.6,12.620000000000001,3.0
2025-04-12 08:00:00+00:00,15.180000000000001,14.040000000000001,3.0
2025-04-12 09:00:00+00:00,16.2,14.819999999999999,3.0
2025-04-12 10:00:00+00:00,17.44,15.62,3.0
2025-04-12 11:00:00+00:00,18.2,16.220000000000002,3.0
2025-04-12 12:00:00+00:00,20.06,17.72,3.0
2025-04-12 13:00:00+00:00,20.240000000000002,18.14,3.0
2025-04-12 14:00:00+00:00,19.66,17.68,3.0
2025-04-12 15:00:00+00:00,19.06,17.28,3.0
2025-04-12 16:00:00+00:00,17.779999999999998,16.14,80.0
2025-04-12 17:00:00+00:00,17.22,15.98,3.0
2025-04-12 18:00:00+00:00,16.3,15.24,3.0
2025-04-12 19:00:00+00:00,15.219999999999999,14.48,3.0
2025-04-12 20:00:00+00:00,14.719999999999999,13.819999999999999,3.0
2025-04-12 21:00:00+00:00,14.280000000000001,13.38,3.0
2025-04-12 22:00:00+00:00,14.1,13.24,3.0
2025-04-12 23:00:00+00:00,13.919999999999998,13.080000000000002,3.0
2025-04-13 00:00:00+00:00,13.26,12.3,3.0
2025-04-13 01:00:00+00:00,13.059999999999999,12.02,3.0
2025-04-13 02:00:00+00:00,12.9,12.0,3.0
2025-04-13 03:00:00+00:00,12.66,11.74,3.0
2025-04-13 04:00:00+00:00,12.52,11.540000000000001,3.0
2025-04-13 05:00:00+00:00,12.14,10.92,3.0
2025-04-13 06:00:00+00:00,12.0,10.84,3.0
2025-04-13 07:00:00+00:00,12.4,11.1,3.0
2025-04-13 08:00:00+00:00,12.959999999999999,11.52,3.0
2025-04-13 09:00:00+00:00,13.64,12.16,3.0
2025-04-13 10:00:00+00:00,14.459999999999999,12.8,3.0
2025-04-13 11:00:00+00:00,15.12,13.319999999999999,3.0
2025-04-13 12:00:00+00:00,14.819999999999999,13.059999999999999,3.0
2025-04-13 13:00:00+00:00,15.120000000000001,13.3,3.0
2025-04-13 14:00:00+00:00,15.459999999999999,13.66,3.0
2025-04-13 15:00:00+00:00,15.459999999999999,13.52,3.0
2025-04-13 16:00:00+00:00,15.219999999999999,13.12,3.0
2025-04-13 17:00:00+00:00,14.66,12.7,3.0
2025-04-13 18:00:00+00:00,14.38,12.84,0.0
2025-04-13 19:00:00+00:00,13.1,11.879999999999999,1.0
2025-04-13 20:00:00+00:00,12.18,11.26,3.0
2025-04-13 21:00:00+00:00,11.5,10.639999999999999,2.0
2025-04-13 22:00:00+00:00,10.86,10.040000000000001,1.0
2025-04-13 23:00:00+00:00,10.4,9.6,2.0
2025-04-14 00:00:00+00:00,10.02,9.2,0.0
2025-04-14 01:00:00+00:00,9.620000000000001,8.78,2.0
2025-04-14 02:00:00+00:00,9.14,8.26,0.0
2025-04-14 03:00:00+00:00,8.5,7.4799999999999995,45.0
2025-04-14 04:00:00+00:00,8.16,7.08,45.0
2025-04-14 05:00:00+00:00,7.9,6.619999999999999,45.0
2025-04-14 06:00:00+00:00,7.719999999999999,6.24,45.0
2025-04-14 07:00:00+00:00,9.3,7.959999999999999,1.0
2025-04-14 08:00:00+00:00,11.72,10.379999999999999,3.0
2025-04-14 09:00:00+00:00,13.719999999999999,12.219999999999999,3.0
2025-04-14 10:00:00+00:00,15.3,14.180000000000001,3.0
2025-04-14 11:00:00+00:00,16.4,15.74,3.0
2025-04-14 12:00:00+00:00,17.84,17.759999999999998,2.0
2025-04-14 13:00:00+00:00,18.72,18.8,2.0
2025-04-14 14:00:00+00:00,19.18,18.639999999999997,3.0
2025-04-14 15:00:00+00:00,19.3,18.22,2.0
2025-04-14 16:00:00+00:00,18.78,17.919999999999998,3.0
2025-04-14 17:00:00+00:00,18.18,17.759999999999998,3.0
2025-04-14 18:00:00+00:00,15.84,15.320000000000002,3.0
2025-04-14 19:00:00+00:00,14.5,13.9,3.0
2025-04-14 20:00:00+00:00,13.98,13.680000000000001,3.0
2025-04-14 21:00:00+00:00,13.62,13.3,3.0
2025-04-14 22:00:00+00:00,13.14,12.8,3.0
2025-04-14 23:00:00+00:00,12.72,12.319999999999999,3.0
2025-04-15 00:00:00+00:00,12.959999999999999,10.86,3.0
2025-04-15 01:00:00+00:00,12.36,9.92,3.0
2025-04-15 02:00:00+00:00,12.02,9.559999999999999,3.0
2025-04-15 03:00:00+00:00,11.76,9.120000000000001,3.0
2025-04-15 04:00:00+00:00,11.28,8.6,3.0
2025-04-15 05:00:00+00:00,11.059999999999999,8.54,3.0
2025-04-15 06:00:00+00:00,10.879999999999999,7.6,3.0
2025-04-15 07:00:00+00:00,10.84,7.359999999999999,3.0
2025-04-15 08:00:00+00:00,10.940000000000001,7.42,3.0
2025-04-15 09:00:00+00:00,11.02,7.38,3.0
2025-04-15 10:00:00+00:00,11.2,7.639999999999999,3.0
2025-04-15 11:00:00+00:00,11.379999999999999,7.659999999999999,3.0
2025-04-15 12:00:00+00:00,12.120000000000001,8.6,80.0
2025-04-15 13:00:00+00:00,12.26,8.58,3.0
2025-04-15 14:00:00+00:00,12.28,8.879999999999999,3.0
2025-04-15 15:00:00+00:00,12.22,8.8,3.0
2025-04-15 16:00:00+00:00,12.1,8.879999999999999,3.0
2025-04-15 17:00:00+00:00,11.620000000000001,8.540000000000001,3.0
2025-04-15 18:00:00+00:00,11.22,8.98,3.0
2025-04-15 19:00:00+00:00,10.620000000000001,8.620000000000001,3.0
2025-04-15 20:00:00+00:00,10.2,8.24,3.0
2025-04-15 21:00:00+00:00,9.86,7.9799999999999995,3.0
2025-04-15 22:00:00+00:00,9.64,7.7,3.0
2025-04-15 23:00:00+00:00,9.34,7.359999999999999,3.0
2025-04-16 00:00:00+00:00,8.8,6.62,3.0
2025-04-16 01:00:00+00:00,8.5,6.4,2.0
2025-04-16 02:00:00+00:00,8.4,6.34,3.0
2025-04-16 03:00:00+00:00,8.26,6.220000000000001,2.0
2025-04-16 04:00:00+00:00,8.1,6.180000000000001,2.0
2025-04-16 05:00:00+00:00,7.840000000000001,6.08,2.0
2025-04-16 06:00:00+00:00,7.62,5.88,2.0
2025-04-16 07:00:00+00:00,8.78,7.159999999999999,2.0
2025-04-16 08:00:00+00:00,10.08,8.02,2.0
2025-04-16 09:00:00+00:00,11.219999999999999,9.040000000000001,2.0
2025-04-16 10:00:00+00:00,12.32,10.28,2.0
2025-04-16 11:00:00+00:00,13.2,11.64,2.0
2025-04-16 12:00:00+00:00,13.8,12.4,2.0
2025-04-16 13:00:00+00:00,14.34,12.88,3.0
2025-04-16 14:00:00+00:00,14.540000000000001,12.58,3.0
2025-04-16 15:00:00+00:00,14.7,12.52,1.0
2025-04-16 16:00:00+00:00,14.440000000000001,11.459999999999999,2.0
2025-04-16 17:00:00+00:00,13.7,10.760000000000002,2.0
2025-04-16 18:00:00+00:00,13.059999999999999,10.52,1.0
2025-04-16 19:00:00+00:00,11.64,9.34,3.0
2025-04-16 20:00:00+00:00,10.58,8.42,3.0
2025-04-16 21:00:00+00:00,10.08,8.02,3.0
2025-04-16 22:00:00+00:00,9.52,7.38,80.0
2025-04-16 23:00:00+00:00,8.88,6.859999999999999,1.0
2025-04-17 00:00:00+00:00,8.459999999999999,6.14,1.0
2025-04-17 01:00:00+00:00,8.22,5.9399999999999995,1.0
2025-04-17 02:00:00+00:00,7.959999999999999,5.68,2.0
2025-04-17 03:00:00+00:00,7.92,5.66,2.0
2025-04-17 04:00:00+00:00,8.06,5.9,2.0
2025-04-17 05:00:00+00:00,7.959999999999999,5.86,2.0
2025-04-17 06:00:00+00:00,8.02,6.14,2.0
2025-04-17 07:00:00+00:00,9.219999999999999,7.4,2.0
2025-04-17 08:00:00+00:00,10.42,8.26,2.0
2025-04-17 09:00:00+00:00,11.4,9.08,2.0
2025-04-17 10:00:00+00:00,12.2,9.98,2.0
2025-04-17 11:00:00+00:00,13.02,10.78,3.0
2025-04-17 12:00:00+00:00,13.9,11.959999999999999,2.0
2025-04-17 13:00:00+00:00,14.3,12.24,2.0
2025-04-17 14:00:00+00:00,14.8,12.74,2.0
2025-04-17 15:00:00+00:00,14.86,12.540000000000001,1.0
2025-04-17 16:00:00+00:00,14.8,12.26,1.0
2025-04-17 17:00:00+00:00,14.419999999999998,12.02,1.0
2025-04-17 18:00:00+00:00,12.9,10.64,1.0
2025-04-17 19:00:00+00:00,11.36,9.58,1.0
2025-04-17 20:00:00+00:00,10.22,8.540000000000001,1.0
2025-04-17 21:00:00+00:00,9.32,7.659999999999999,1.0
2025-04-17 22:00:00+00:00,8.76,7.06,1.0
2025-04-17 23:00:00+00:00,8.16,6.44,0.0
2025-04-18 00:00:00+00:00,8.28,6.58,2.0
2025-04-18 01:00:00+00:00,7.9,6.1,3.0
2025-04-18 02:00:00+00:00,7.459999999999999,5.44,2.0
2025-04-18 03:00:00+00:00,7.18,5.06,2.0
2025-04-18 04:00:00+00:00,6.9799999999999995,4.68,2.0
2025-04-18 05:00:00+00:00,6.9,4.5600000000000005,2.0
2025-04-18 06:00:00+00:00,7.219999999999999,4.64,3.0
2025-04-18 07:00:00+00:00,9.319999999999999,6.92,3.0
2025-04-18 08:00:00+00:00,12.059999999999999,9.72,3.0
2025-04-18 09:00:00+00:00,14.439999999999998,12.080000000000002,3.0
2025-04-18 10:00:00+00:00,16.419999999999998,14.040000000000001,2.0
2025-04-18 11:00:00+00:00,17.86,15.8,0.0
2025-04-18 12:00:00+00:00,19.96,18.160000000000004,0.0
2025-04-18 13:00:00+00:00,20.82,19.0,1.0
2025-04-18 14:00:00+00:00,21.52,19.5,2.0
2025-04-18 15:00:00+00:00,21.740000000000002,19.54,3.0
2025-04-18 16:00:00+00:00,21.6,19.24,2.0
2025-04-18 17:00:00+00:00,20.759999999999998,18.56,3.0
2025-04-18 18:00:00+00:00,17.04,16.44,3.0
2025-04-18 19:00:00+00:00,15.66,14.780000000000001,3.0
2025-04-18 20:00:00+00:00,14.319999999999999,13.780000000000001,61.0
2025-04-18 21:00:00+00:00,13.940000000000001,13.2,3.0
2025-04-18 22:00:00+00:00,13.4,12.559999999999999,61.0
2025-04-18 23:00:00+00:00,12.98,12.48,0.0
2025-04-19 00:00:00+00:00,13.16,12.52,2.0
2025-04-19 01:00:00+00:00,12.88,12.2,2.0
2025-04-19 02:00:00+00:00,12.5,11.559999999999999,3.0
2025-04-19 03:00:00+00:00,12.3,11.04,3.0
2025-04-19 04:00:00+00:00,11.78,10.3,3.0
2025-04-19 05:00:00+00:00,11.72,10.3,80.0
2025-04-19 06:00:00+00:00,11.7,9.84,80.0
2025-04-19 07:00:00+00:00,11.82,10.14,3.0
2025-04-19 08:00:00+00:00,12.02,10.02,61.0
2025-04-19 09:00:00+00:00,11.8,9.76,61.0
2025-04-19 10:00:00+00:00,11.940000000000001,9.86,61.0
2025-04-19 11:00:00+00:00,11.86,9.34,61.0
2025-04-19 12:00:00+00:00,12.5,10.36,61.0
2025-04-19 13:00:00+00:00,12.52,10.26,61.0
2025-04-19 14:00:00+00:00,12.459999999999999,10.120000000000001,61.0
2025-04-19 15:00:00+00:00,12.26,10.18,3.0
2025-04-19 16:00:00+00:00,12.08,10.14,3.0
2025-04-19 17:00:00+00:00,11.98,10.42,61.0
2025-04-19 18:00:00+00:00,12.22,10.459999999999999,3.0
2025-04-19 19:00:00+00:00,11.22,9.4,3.0
2025-04-19 20:00:00+00:00,10.7,8.74,61.0
2025-04-19 21:00:00+00:00,10.44,8.3,80.0
2025-04-19 22:00:00+00:00,10.16,8.14,3.0
2025-04-19 23:00:00+00:00,9.82,7.88,3.0
2025-04-20 00:00:00+00:00,9.379999999999999,6.26,3.0
2025-04-20 01:00:00+00:00,9.2,6.24,3.0
2025-04-20 02:00:00+00:00,9.18,6.359999999999999,3.0
2025-04-20 03:00:00+00:00,9.18,6.42,3.0
2025-04-20 04:00:00+00:00,9.26,6.82,61.0
2025-04-20 05:00:00+00:00,9.28,6.92,3.0
2025-04-20 06:00:00+00:00,9.26,6.56,3.0
2025-04-20 07:00:00+00:00,10.040000000000001,7.279999999999999,3.0
2025-04-20 08:00:00+00:00,11.080000000000002,7.94,3.0
2025-04-20 09:00:00+00:00,11.48,8.4,61.0
2025-04-20 10:00:00+00:00,11.879999999999999,8.540000000000001,61.0
2025-04-20 11:00:00+00:00,12.0,8.26,3.0
2025-04-20 12:00:00+00:00,12.36,8.5,61.0
2025-04-20 13:00:00+00:00,12.64,8.78,61.0
2025-04-20 14:00:00+00:00,12.5,8.780000000000001,61.0
2025-04-20 15:00:00+00:00,12.56,9.26,61.0
2025-04-20 16:00:00+00:00,12.74,9.879999999999999,61.0
2025-04-20 17:00:00+00:00,12.74,10.08,61.0
2025-04-20 18:00:00+00:00,12.46,9.64,61.0
2025-04-20 19:00:00+00:00,12.28,9.64,3.0
2025-04-20 20:00:00+00:00,12.040000000000001,9.32,61.0
2025-04-20 21:00:00+00:00,11.86,9.3,80.0
2025-04-20 22:00:00+00:00,11.76,9.040000000000001,80.0
2025-04-20 23:00:00+00:00,11.780000000000001,9.02,3.0
2025-04-21 00:00:00+00:00,11.319999999999999,8.440000000000001,3.0
2025-04-21 01:00:00+00:00,11.1,8.3,3.0
2025-04-21 02:00:00+00:00,10.959999999999999,8.260000000000002,2.0
2025-04-21 03:00:00+00:00,10.92,8.36,3.0
2025-04-21 04:00:00+00:00,10.8,8.379999999999999,3.0
2025-04-21 05:00:00+00:00,10.48,8.34,3.0
2025-04-21 06:00:00+00:00,10.36,8.459999999999999,3.0
2025-04-21 07:00:00+00:00,11.0,9.14,3.0
2025-04-21 08:00:00+00:00,12.02,10.16,3.0
2025-04-21 09:00:00+00:00,12.78,10.84,61.0
2025-04-21 10:00:00+00:00,13.780000000000001,11.4,3.0
2025-04-21 11:00:00+00:00,14.1,11.78,3.0
2025-04-21 12:00:00+00:00,14.959999999999999,13.180000000000001,3.0
2025-04-21 13:00:00+00:00,15.180000000000001,13.559999999999999,3.0
2025-04-21 14:00:00+00:00,15.040000000000001,13.34,3.0
2025-04-21 15:00:00+00:00,14.959999999999999,13.24,3.0
2025-04-21 16:00:00+00:00,14.76,12.979999999999999,3.0
2025-04-21 17:00:00+00:00,14.26,12.58,3.0
2025-04-21 18:00:00+00:00,13.38,11.9,3.0
2025-04-21 19:00:00+00:00,12.34,11.22,3.0
2025-04-21 20:00:00+00:00,11.76,10.7,3.0
2025-04-21 21:00:00+00:00,11.34,10.3,3.0
2025-04-21 22:00:00+00:00,11.059999999999999,10.059999999999999,3.0
2025-04-21 23:00:00+00:00,10.98,10.0,3.0
2025-04-22 00:00:00+00:00,10.82,9.58,3.0
2025-04-22 01:00:00+00:00,10.52,9.32,3.0
2025-04-22 02:00:00+00:00,10.26,9.24,3.0
2025-04-22 03:00:00+00:00,10.1,9.18,3.0
2025-04-22 04:00:00+00:00,9.9,8.98,3.0
2025-04-22 05:00:00+00:00,9.540000000000001,8.66,3.0
2025-04-22 06:00:00+00:00,9.48,8.719999999999999,3.0
2025-04-22 07:00:00+00:00,10.6,9.9,3.0
2025-04-22 08:00:00+00:00,11.7,10.959999999999999,2.0
2025-04-22 09:00:00+00:00,12.64,11.78,2.0
2025-04-22 10:00:00+00:00,13.34,12.559999999999999,2.0
2025-04-22 11:00:00+00:00,13.940000000000001,13.059999999999999,2.0
2025-04-22 12:00:00+00:00,14.559999999999999,13.34,2.0
2025-04-22 13:00:00+00:00,14.779999999999998,13.479999999999999,2.0
2025-04-22 14:00:00+00:00,14.98,13.419999999999998,2.0
2025-04-22 15:00:00+00:00,14.780000000000001,12.940000000000001,3.0
2025-04-22 16:00:00+00:00,14.38,12.4,3.0
2025-04-22 17:00:00+00:00,13.9,12.059999999999999,2.0
2025-04-22 18:00:00+00:00,13.0,11.540000000000001,1.0
2025-04-22 19:00:00+00:00,11.68,10.42,1.0
2025-04-22 20:00:00+00:00,10.68,9.52,2.0
2025-04-22 21:00:00+00:00,10.18,8.940000000000001,2.0
2025-04-22 22:00:00+00:00,9.74,8.48,2.0
2025-04-22 23:00:00+00:00,9.379999999999999,8.0,3.0
2025-04-23 00:00:00+00:00,9.459999999999999,8.040000000000001,3.0
2025-04-23 01:00:00+00:00,9.28,7.8,3.0
2025-04-23 02:00:00+00:00,9.040000000000001,7.5,3.0
2025-04-23 03:00:00+00:00,8.78,7.140000000000001,3.0
2025-04-23 04:00:00+00:00,8.559999999999999,6.659999999999999,3.0
2025-04-23 05:00:00+00:00,8.58,6.4799999999999995,3.0
2025-04-23 06:00:00+00:00,9.66,7.12,3.0
2025-04-23 07:00:00+00:00,10.540000000000001,7.9,61.0
2025-04-23 08:00:00+00:00,11.559999999999999,8.879999999999999,3.0
2025-04-23 09:00:00+00:00,12.3,9.58,61.0
2025-04-23 10:00:00+00:00,12.88,9.92,61.0
2025-04-23 11:00:00+00:00,13.48,10.319999999999999,3.0
2025-04-23 12:00:00+00:00,13.7,10.82,3.0
2025-04-23 13:00:00+00:00,14.280000000000001,11.18,3.0
2025-04-23 14:00:00+00:00,14.580000000000002,11.28,3.0
2025-04-23 15:00:00+00:00,14.559999999999999,11.34,3.0
2025-04-23 16:00:00+00:00,14.180000000000001,10.92,3.0
2025-04-23 17:00:00+00:00,13.819999999999999,10.8,3.0
2025-04-23 18:00:00+00:00,13.419999999999998,10.72,3.0
2025-04-23 19:00:00+00:00,12.919999999999998,10.64,3.0
2025-04-23 20:00:00+00:00,12.5,10.6,3.0
2025-04-23 21:00:00+00:00,12.32,10.32,3.0
2025-04-23 22:00:00+00:00,12.059999999999999,10.2,2.0
2025-04-23 23:00:00+00:00,11.78,10.059999999999999,2.0
2025-04-24 00:00:00+00:00,11.84,10.02,3.0
2025-04-24 01:00:00+00:00,11.8,10.080000000000002,3.0
2025-04-24 02:00:00+00:00,11.72,9.98,3.0
2025-04-24 03:00:00+00:00,11.66,10.16,3.0
2025-04-24 04:00:00+00:00,11.6,10.28,2.0
2025-04-24 05:00:00+00:00,11.6,10.3,2.0
2025-04-24 06:00:00+00:00,11.42,10.62,2.0
2025-04-24 07:00:00+00:00,12.16,11.180000000000001,2.0
2025-04-24 08:00:00+00:00,12.98,11.86,2.0
2025-04-24 09:00:00+00:00,13.66,12.42,2.0
2025-04-24 10:00:00+00:00,14.14,12.819999999999999,3.0
2025-04-24 11:00:00+00:00,14.88,13.540000000000001,2.0
2025-04-24 12:00:00+00:00,15.780000000000001,14.4,3.0
2025-04-24 13:00:00+00:00,16.2,14.86,2.0
2025-04-24 14:00:00+00:00,16.52,15.3,2.0
2025-04-24 15:00:00+00:00,16.52,15.12,2.0
2025-04-24 16:00:00+00:00,16.259999999999998,14.660000000000002,2.0
2025-04-24 17:00:00+00:00,15.7,14.36,1.0
2025-04-24 18:00:00+00:00,14.86,13.84,1.0
2025-04-24 19:00:00+00:00,13.459999999999999,12.919999999999998,0.0
2025-04-24 20:00:00+00:00,12.34,12.0,0.0
2025-04-24 21:00:00+00:00,11.56,11.18,0.0
2025-04-24 22:00:00+00:00,10.919999999999998,10.419999999999998,0.0
2025-04-24 23:00:00+00:00,10.32,9.72,0.0
2025-04-25 00:00:00+00:00,9.879999999999999,9.14,45.0
2025-04-25 01:00:00+00:00,9.5,8.72,45.0
2025-04-25 02:00:00+00:00,9.14,8.3,45.0
2025-04-25 03:00:00+00:00,8.84,7.859999999999999,45.0
2025-04-25 04:00:00+00:00,8.5,7.459999999999999,45.0
2025-04-25 05:00:00+00:00,8.26,7.159999999999999,45.0
2025-04-25 06:00:00+00:00,8.66,7.62,1.0
2025-04-25 07:00:00+00:00,10.58,9.82,2.0
2025-04-25 08:00:00+00:00,13.16,12.379999999999999,0.0
2025-04-25 09:00:00+00:00,15.38,14.7,2.0
2025-04-25 10:00:00+00:00,17.06,16.96,1.0
2025-04-25 11:00:00+00:00,18.18,18.4,1.0
2025-04-25 12:00:00+00:00,18.740000000000002,18.86,2.0
2025-04-25 13:00:00+00:00,19.28,19.36,2.0
2025-04-25 14:00:00+00:00,19.759999999999998,19.6,1.0
2025-04-25 15:00:00+00:00,19.839999999999996,19.18,2.0
2025-04-25 16:00:00+00:00,19.54,18.4,1.0
2025-04-25 17:00:00+00:00,18.94,17.86,3.0
2025-04-25 18:00:00+00:00,17.56,17.119999999999997,2.0
2025-04-25 19:00:00+00:00,15.719999999999999,15.219999999999999,3.0
2025-04-25 20:00:00+00:00,14.66,14.2,3.0
2025-04-25 21:00:00+00:00,13.7,12.66,3.0
2025-04-25 22:00:00+00:00,13.180000000000001,11.959999999999999,3.0
2025-04-25 23:00:00+00:00,12.78,11.4,3.0
2025-04-26 00:00:00+00:00,12.540000000000001,11.26,3.0
2025-04-26 01:00:00+00:00,12.14,11.040000000000001,3.0
2025-04-26 02:00:00+00:00,11.82,11.040000000000001,61.0
2025-04-26 03:00:00+00:00,11.76,10.879999999999999,61.0
2025-04-26 04:00:00+00:00,11.66,10.74,3.0
2025-04-26 05:00:00+00:00,11.66,10.64,3.0
2025-04-26 06:00:00+00:00,11.4,10.44,61.0
2025-04-26 07:00:00+00:00,12.120000000000001,11.24,61.0
2025-04-26 08:00:00+00:00,12.66,11.540000000000001,61.0
2025-04-26 09:00:00+00:00,13.059999999999999,11.68,3.0
2025-04-26 10:00:00+00:00,13.440000000000001,11.82,80.0
2025-04-26 11:00:00+00:00,13.940000000000001,11.959999999999999,80.0
2025-04-26 12:00:00+00:00,14.219999999999999,12.559999999999999,80.0
2025-04-26 13:00:00+00:00,14.38,12.66,80.0
2025-04-26 14:00:00+00:00,14.180000000000001,12.26,80.0
2025-04-26 15:00:00+00:00,13.7,11.76,80.0
2025-04-26 16:00:00+00:00,13.319999999999999,11.36,80.0
2025-04-26 17:00:00+00:00,13.1,11.24,61.0
2025-04-26 18:00:00+00:00,12.88,11.040000000000001,61.0
2025-04-26 19:00:00+00:00,12.48,10.940000000000001,3.0
2025-04-26 20:00:00+00:00,12.26,10.86,3.0
2025-04-26 21:00:00+00:00,12.1,10.74,80.0
2025-04-26 22:00:00+00:00,12.0,10.72,80.0
2025-04-26 23:00:00+00:00,11.940000000000001,10.66,3.0
2025-04-27 00:00:00+00:00,11.74,10.44,3.0
2025-04-27 01:00:00+00:00,11.58,10.4,3.0
2025-04-27 02:00:00+00:00,11.559999999999999,10.48,80.0
2025-04-27 03:00:00+00:00,11.540000000000001,10.419999999999998,2.0
2025-04-27 04:00:00+00:00,11.440000000000001,10.38,3.0
2025-04-27 05:00:00+00:00,11.28,10.28,3.0
2025-04-27 06:00:00+00:00,11.52,10.540000000000001,3.0
2025-04-27 07:00:00+00:00,12.18,11.219999999999999,2.0
2025-04-27 08:00:00+00:00,13.0,11.9,2.0
2025-04-27 09:00:00+00:00,13.86,12.78,3.0
2025-04-27 10:00:00+00:00,14.9,13.9,3.0
2025-04-27 11:00:00+00:00,15.819999999999999,15.0,2.0
2025-04-27 12:00:00+00:00,16.64,15.6,2.0
2025-04-27 13:00:00+00:00,17.06,15.74,2.0
2025-04-27 14:00:00+00:00,17.22,15.84,2.0
2025-04-27 15:00:00+00:00,17.46,16.06,2.0
2025-04-27 16:00:00+00:00,17.4,15.959999999999999,3.0
2025-04-27 17:00:00+00:00,16.880000000000003,15.64,1.0
2025-04-27 18:00:00+00:00,16.7,15.62,0.0
2025-04-27 19:00:00+00:00,15.24,14.7,0.0
2025-04-27 20:00:00+00:00,14.059999999999999,13.74,1.0
2025-04-27 21:00:00+00:00,13.12,12.78,1.0
2025-04-27 22:00:00+00:00,12.24,11.86,0.0
2025-04-27 23:00:00+00:00,11.48,11.0,0.0
2025-04-28 00:00:00+00:00,10.7,10.040000000000001,0.0
2025-04-28 01:00:00+00:00,10.08,9.280000000000001,0.0
2025-04-28 02:00:00+00:00,9.7,8.82,45.0
2025-04-28 03:00:00+00:00,9.440000000000001,8.48,45.0
2025-04-28 04:00:00+00:00,9.120000000000001,8.02,45.0
2025-04-28 05:00:00+00:00,8.860000000000001,7.659999999999999,45.0
2025-04-28 06:00:00+00:00,9.440000000000001,8.360000000000001,45.0
2025-04-28 07:00:00+00:00,11.98,11.22,0.0
2025-04-28 08:00:00+00:00,14.440000000000001,13.559999999999999,0.0
2025-04-28 09:00:00+00:00,16.46,15.76,0.0
2025-04-28 10:00:00+00:00,18.1,18.22,1.0
2025-04-28 11:00:00+00:00,19.419999999999998,19.860000000000003,1.0
2025-04-28 12:00:00+00:00,20.3,20.82,1.0
2025-04-28 13:00:00+00:00,20.919999999999998,21.24,1.0
2025-04-28 14:00:00+00:00,21.46,21.48,1.0
2025-04-28 15:00:00+00:00,21.580000000000002,20.860000000000003,1.0
2025-04-28 16:00:00+00:00,21.34,19.98,1.0
2025-04-28 17:00:00+00:00,20.78,19.5,1.0
2025-04-28 18:00:00+00:00,19.56,19.139999999999997,0.0
2025-04-28 19:00:00+00:00,17.72,17.619999999999997,0.0
2025-04-28 20:00:00+00:00,16.3,16.2,0.0
2025-04-28 21:00:00+00:00,15.12,14.88,0.0
2025-04-28 22:00:00+00:00,14.280000000000001,13.86,0.0
2025-04-28 23:00:00+00:00,13.6,13.059999999999999,1.0
2025-04-29 00:00:00+00:00,12.74,11.94,0.0
2025-04-29 01:00:00+00:00,12.28,11.440000000000001,0.0
2025-04-29 02:00:00+00:00,11.940000000000001,11.0,0.0
2025-04-29 03:00:00+00:00,11.559999999999999,10.440000000000001,0.0
2025-04-29 04:00:00+00:00,11.28,10.040000000000001,0.0
2025-04-29 05:00:00+00:00,11.0,9.7,0.0
2025-04-29 06:00:00+00:00,10.940000000000001,9.66,0.0
2025-04-29 07:00:00+00:00,13.88,13.180000000000001,0.0
2025-04-29 08:00:00+00:00,17.0,16.52,0.0
2025-04-29 09:00:00+00:00,19.22,19.04,0.0
2025-04-29 10:00:00+00:00,21.04,21.3,0.0
2025-04-29 11:00:00+00:00,22.18,22.6,1.0
2025-04-29 12:00:00+00:00,23.259999999999998,23.72,1.0
2025-04-29 13:00:00+00:00,23.619999999999997,23.8,1.0
2025-04-29 14:00:00+00:00,23.84,23.54,2.0
2025-04-29 15:00:00+00:00,23.64,22.86,2.0
2025-04-29 16:00:00+00:00,23.52,22.3,1.0
2025-04-29 17:00:00+00:00,22.919999999999998,22.119999999999997,0.0
2025-04-29 18:00:00+00:00,22.380000000000003,22.18,0.0
2025-04-29 19:00:00+00:00,20.4,20.46,0.0
2025-04-29 20:00:00+00:00,18.5,18.34,0.0
2025-04-29 21:00:00+00:00,16.919999999999998,16.72,0.0
2025-04-29 22:00:00+00:00,15.719999999999999,15.3,0.0
2025-04-29 23:00:00+00:00,14.819999999999999,14.219999999999999,0.0
2025-04-30 00:00:00+00:00,13.959999999999999,13.14,0.0
2025-04-30 01:00:00+00:00,13.219999999999999,12.2,0.0
2025-04-30 02:00:00+00:00,12.5,11.32,0.0
2025-04-30 03:00:00+00:00,11.82,10.5,1.0
2025-04-30 04:00:00+00:00,11.24,9.780000000000001,0.0
2025-04-30 05:00:00+00:00,10.74,9.18,0.0
2025-04-30 06:00:00+00:00,11.36,10.040000000000001,0.0
2025-04-30 07:00:00+00:00,14.16,13.4,0.0
2025-04-30 08:00:00+00:00,17.5,16.78,0.0
2025-04-30 09:00:00+00:00,19.46,18.48,0.0
2025-04-30 10:00:00+00:00,20.9,20.4,1.0
2025-04-30 11:00:00+00:00,22.119999999999997,22.080000000000002,0.0
2025-04-30 12:00:00+00:00,23.38,23.119999999999997,1.0
2025-04-30 13:00:00+00:00,24.18,23.66,1.0
2025-04-30 14:00:00+00:00,24.78,23.919999999999998,0.0
2025-04-30 15:00:00+00:00,24.96,23.52,1.0
2025-04-30 16:00:00+00:00,24.8,23.06,1.0
2025-04-30 17:00:00+00:00,24.36,22.96,1.0
2025-04-30 18:00:00+00:00,23.419999999999998,22.78,3.0
2025-04-30 19:00:00+00:00,21.380000000000003,21.04,0.0
2025-04-30 20:00:00+00:00,19.46,18.96,0.0
2025-04-30 21:00:00+00:00,17.86,16.96,1.0
2025-04-30 22:00:00+00:00,16.720000000000002,15.419999999999998,0.0
2025-04-30 23:00:00+00:00,15.719999999999999,14.280000000000001,0.0
2025-05-01 00:00:00+00:00,15.540000000000001,13.98,0.0
2025-05-01 01:00:00+00:00,14.719999999999999,13.280000000000001,0.0
2025-05-01 02:00:00+00:00,13.86,12.459999999999999,0.0
2025-05-01 03:00:00+00:00,13.14,11.76,0.0
2025-05-01 04:00:00+00:00,12.7,11.28,3.0
2025-05-01 05:00:00+00:00,12.32,10.9,1.0
2025-05-01 06:00:00+00:00,13.1,12.1,2.0
2025-05-01 07:00:00+00:00,15.3,14.720000000000002,2.0
2025-05-01 08:00:00+00:00,17.34,16.56,2.0
2025-05-01 09:00:00+00:00,18.7,18.119999999999997,2.0
2025-05-01 10:00:00+00:00,19.84,19.32,2.0
2025-05-01 11:00:00+00:00,20.78,20.46,2.0
2025-05-01 12:00:00+00:00,21.3,21.2,2.0
2025-05-01 13:00:00+00:00,21.96,21.880000000000003,1.0
2025-05-01 14:00:00+00:00,22.580000000000002,22.259999999999998,2.0
2025-05-01 15:00:00+00:00,22.759999999999998,22.28,1.0
2025-05-01 16:00:00+00:00,22.619999999999997,22.14,3.0
2025-05-01 17:00:00+00:00,22.22,22.1,2.0
2025-05-01 18:00:00+00:00,21.76,22.119999999999997,2.0
2025-05-01 19:00:00+00:00,20.28,20.7,0.0
2025-05-01 20:00:00+00:00,18.919999999999998,19.32,0.0
2025-05-01 21:00:00+00:00,17.84,18.240000000000002,2.0
2025-05-01 22:00:00+00:00,17.16,17.32,2.0
2025-05-01 23:00:00+00:00,16.48,16.56,2.0
2025-05-02 00:00:00+00:00,15.88,15.919999999999998,1.0
2025-05-02 01:00:00+00:00,15.26,15.040000000000001,1.0
2025-05-02 02:00:00+00:00,14.66,14.16,1.0
2025-05-02 03:00:00+00:00,14.219999999999999,13.4,0.0
2025-05-02 04:00:00+00:00,13.8,12.78,0.0
2025-05-02 05:00:00+00:00,13.26,12.22,1.0
2025-05-02 06:00:00+00:00,13.680000000000001,12.940000000000001,1.0
2025-05-02 07:00:00+00:00,16.46,16.02,3.0
2025-05-02 08:00:00+00:00,19.139999999999997,18.46,2.0
2025-05-02 09:00:00+00:00,21.14,20.54,3.0
2025-05-02 10:00:00+00:00,22.78,22.740000000000002,3.0
2025-05-02 11:00:00+00:00,24.119999999999997,24.52,3.0
2025-05-02 12:00:00+00:00,24.4,24.14,3.0
2025-05-02 13:00:00+00:00,24.48,24.32,3.0
2025-05-02 14:00:00+00:00,24.7,24.14,3.0
2025-05-02 15:00:00+00:00,24.580000000000002,23.880000000000003,3.0
2025-05-02 16:00:00+00:00,24.18,23.7,3.0
2025-05-02 17:00:00+00:00,23.04,22.68,3.0
2025-05-02 18:00:00+00:00,21.419999999999998,21.68,3.0
2025-05-02 19:00:00+00:00,19.8,20.44,3.0
2025-05-02 20:00:00+00:00,18.7,19.279999999999998,3.0
2025-05-02 21:00:00+00:00,17.740000000000002,18.3,3.0
2025-05-02 22:00:00+00:00,17.1,17.46,3.0
2025-05-02 23:00:00+00:00,16.68,16.740000000000002,3.0
2025-05-03 00:00:00+00:00,17.0,16.5,3.0
2025-05-03 01:00:00+00:00,16.82,16.080000000000002,3.0
2025-05-03 02:00:00+00:00,16.5,15.62,3.0
2025-05-03 03:00:00+00:00,16.18,15.479999999999999,0.0
2025-05-03 04:00:00+00:00,15.819999999999999,15.080000000000002,0.0
2025-05-03 05:00:00+00:00,15.3,14.5,0.0
2025-05-03 06:00:00+00:00,15.62,15.12,0.0
2025-05-03 07:00:00+00:00,17.68,17.3,0.0
2025-05-03 08:00:00+00:00,19.72,19.06,0.0
2025-05-03 09:00:00+00:00,21.32,20.48,0.0
2025-05-03 10:00:00+00:00,22.44,22.04,0.0
2025-05-03 11:00:00+00:00,23.26,22.84,2.0
2025-05-03 12:00:00+00:00,23.22,22.54,2.0
2025-05-03 13:00:00+00:00,23.36,22.78,1.0
2025-05-03 14:00:00+00:00,23.16,22.44,1.0
2025-05-03 15:00:00+00:00,22.66,21.54,1.0
2025-05-03 16:00:00+00:00,22.2,21.119999999999997,2.0
2025-05-03 17:00:00+00:00,21.54,20.740000000000002,1.0
2025-05-03 18:00:00+00:00,20.240000000000002,19.52,2.0
2025-05-03 19:00:00+00:00,18.52,18.6,1.0
2025-05-03 20:00:00+00:00,17.259999999999998,17.580000000000002,2.0
2025-05-03 21:00:00+00:00,16.3,16.68,3.0
2025-05-03 22:00:00+00:00,15.580000000000002,15.959999999999999,2.0
2025-05-03 23:00:00+00:00,14.919999999999998,15.4,2.0
2025-05-04 00:00:00+00:00,14.66,14.959999999999999,3.0
2025-05-04 01:00:00+00:00,14.6,15.040000000000001,3.0
2025-05-04 02:00:00+00:00,14.16,14.559999999999999,3.0
2025-05-04 03:00:00+00:00,13.780000000000001,14.24,3.0
2025-05-04 04:00:00+00:00,13.4,13.780000000000001,45.0
2025-05-04 05:00:00+00:00,13.219999999999999,13.559999999999999,3.0
2025-05-04 06:00:00+00:00,13.540000000000001,13.66,3.0
2025-05-04 07:00:00+00:00,14.940000000000001,15.080000000000002,3.0
2025-05-04 08:00:00+00:00,15.959999999999999,16.18,3.0
2025-05-04 09:00:00+00:00,16.84,17.36,3.0
2025-05-04 10:00:00+00:00,17.36,17.62,3.0
2025-05-04 11:00:00+00:00,18.16,18.48,3.0
2025-05-04 12:00:00+00:00,19.080000000000002,19.34,3.0
2025-05-04 13:00:00+00:00,18.44,17.98,80.0
2025-05-04 14:00:00+00:00,17.740000000000002,16.84,95.0
2025-05-04 15:00:00+00:00,17.1,15.819999999999999,80.0
2025-05-04 16:00:00+00:00,16.28,14.819999999999999,80.0
2025-05-04 17:00:00+00:00,15.559999999999999,13.98,95.0
2025-05-04 18:00:00+00:00,15.24,13.680000000000001,95.0
2025-05-04 19:00:00+00:00,14.64,13.16,80.0
2025-05-04 20:00:00+00:00,14.16,12.68,3.0
2025-05-04 21:00:00+00:00,13.52,11.819999999999999,80.0
2025-05-04 22:00:00+00:00,13.12,11.28,3.0
2025-05-04 23:00:00+00:00,12.72,10.6,3.0
2025-05-05 00:00:00+00:00,12.28,9.959999999999999,3.0
2025-05-05 01:00:00+00:00,12.059999999999999,9.6,3.0
2025-05-05 02:00:00+00:00,11.76,9.16,1.0
2025-05-05 03:00:00+00:00,11.28,8.64,1.0
2025-05-05 04:00:00+00:00,10.76,7.859999999999999,2.0
2025-05-05 05:00:00+00:00,10.120000000000001,7.12,1.0
2025-05-05 06:00:00+00:00,9.459999999999999,6.58,1.0
2025-05-05 07:00:00+00:00,10.059999999999999,6.9,1.0
2025-05-05 08:00:00+00:00,11.02,7.840000000000001,1.0
2025-05-05 09:00:00+00:00,12.28,9.42,1.0
2025-05-05 10:00:00+00:00,13.580000000000002,11.3,1.0
2025-05-05 11:00:00+00:00,14.52,12.2,2.0
2025-05-05 12:00:00+00:00,15.419999999999998,13.02,2.0
2025-05-05 13:00:00+00:00,15.780000000000001,13.059999999999999,1.0
2025-05-05 14:00:00+00:00,15.940000000000001,12.76,3.0
2025-05-05 15:00:00+00:00,15.959999999999999,12.42,2.0
2025-05-05 16:00:00+00:00,15.459999999999999,11.42,2.0
2025-05-05 17:00:00+00:00,14.819999999999999,10.8,3.0
2025-05-05 18:00:00+00:00,14.76,11.2,2.0
2025-05-05 19:00:00+00:00,13.62,10.379999999999999,2.0
2025-05-05 20:00:00+00:00,12.459999999999999,9.52,1.0
2025-05-05 21:00:00+00:00,11.7,9.040000000000001,1.0
2025-05-05 22:00:00+00:00,11.16,8.32,2.0
2025-05-05 23:00:00+00:00,10.76,7.94,2.0
2025-05-06 00:00:00+00:00,10.459999999999999,7.540000000000001,3.0
2025-05-06 01:00:00+00:00,10.22,7.360000000000001,3.0
2025-05-06 02:00:00+00:00,9.879999999999999,7.159999999999999,80.0
2025-05-06 03:00:00+00:00,9.48,6.840000000000001,2.0
2025-05-06 04:00:00+00:00,9.180000000000001,6.62,1.0
2025-05-06 05:00:00+00:00,8.9,6.44,2.0
2025-05-06 06:00:00+00:00,9.08,6.779999999999999,3.0
2025-05-06 07:00:00+00:00,9.879999999999999,7.32,2.0
2025-05-06 08:00:00+00:00,10.6,8.059999999999999,3.0
2025-05-06 09:00:00+00:00,11.620000000000001,9.16,3.0
2025-05-06 10:00:00+00:00,12.919999999999998,10.620000000000001,80.0
2025-05-06 11:00:00+00:00,13.919999999999998,11.879999999999999,2.0
2025-05-06 12:00:00+00:00,13.680000000000001,11.120000000000001,3.0
2025-05-06 13:00:00+00:00,14.180000000000001,11.48,3.0
2025-05-06 14:00:00+00:00,14.62,11.72,3.0
2025-05-06 15:00:00+00:00,14.780000000000001,11.74,3.0
2025-05-06 16:00:00+00:00,14.66,11.620000000000001,3.0
2025-05-06 17:00:00+00:00,14.34,11.459999999999999,3.0
2025-05-06 18:00:00+00:00,13.6,11.22,3.0
2025-05-06 19:00:00+00:00,12.74,10.86,80.0
2025-05-06 20:00:00+00:00,11.98,10.440000000000001,1.0
2025-05-06 21:00:00+00:00,11.52,10.040000000000001,80.0
2025-05-06 22:00:00+00:00,11.120000000000001,9.540000000000001,3.0
2025-05-06 23:00:00+00:00,10.8,9.22,2.0
2025-05-07 00:00:00+00:00,9.78,8.1,2.0
2025-05-07 01:00:00+00:00,9.379999999999999,7.62,3.0
2025-05-07 02:00:00+00:00,9.1,7.220000000000001,2.0
2025-05-07 03:00:00+00:00,8.879999999999999,7.0,2.0
2025-05-07 04:00:00+00:00,8.6,6.74,3.0
2025-05-07 05:00:00+00:00,8.48,6.539999999999999,2.0
2025-05-07 06:00:00+00:00,8.76,6.88,2.0
2025-05-07 07:00:00+00:00,10.6,8.819999999999999,2.0
2025-05-07 08:00:00+00:00,12.120000000000001,10.260000000000002,2.0
2025-05-07 09:00:00+00:00,13.459999999999999,11.76,2.0
2025-05-07 10:00:00+00:00,14.559999999999999,13.319999999999999,1.0
2025-05-07 11:00:00+00:00,15.52,14.219999999999999,3.0
2025-05-07 12:00:00+00:00,15.780000000000001,13.919999999999998,2.0
2025-05-07 13:00:00+00:00,15.959999999999999,13.98,3.0
2025-05-07 14:00:00+00:00,16.46,14.3,3.0
2025-05-07 15:00:00+00:00,16.619999999999997,14.180000000000001,3.0
2025-05-07 16:00:00+00:00,16.56,13.959999999999999,3.0
2025-05-07 17:00:00+00:00,15.9,13.36,3.0
2025-05-07 18:00:00+00:00,15.34,13.540000000000001,3.0
2025-05-07 19:00:00+00:00,14.26,12.86,3.0
2025-05-07 20:00:00+00:00,13.16,12.0,3.0
2025-05-07 21:00:00+00:00,12.379999999999999,11.26,3.0
2025-05-07 22:00:00+00:00,11.559999999999999,10.42,3.0
2025-05-07 23:00:00+00:00,10.74,9.48,2.0
2025-05-08 00:00:00+00:00,10.14,8.860000000000001,3.0
2025-05-08 01:00:00+00:00,9.620000000000001,8.2,2.0
2025-05-08 02:00:00+00:00,9.22,7.6,2.0
2025-05-08 03:00:00+00:00,8.78,7.08,2.0
2025-05-08 04:00:00+00:00,8.32,6.5200000000000005,3.0
2025-05-08 05:00:00+00:00,7.9,6.0200000000000005,3.0
2025-05-08 06:00:00+00:00,8.559999999999999,6.9,3.0
2025-05-08 07:00:00+00:00,11.1,9.84,3.0
2025-05-08 08:00:00+00:00,12.98,11.72,2.0
2025-05-08 09:00:00+00:00,14.419999999999998,13.219999999999999,3.0
2025-05-08 10:00:00+00:00,15.4,14.3,3.0
2025-05-08 11:00:00+00:00,16.240000000000002,15.34,3.0
2025-05-08 12:00:00+00:00,17.119999999999997,16.119999999999997,3.0
2025-05-08 13:00:00+00:00,17.52,16.28,3.0
2025-05-08 14:00:00+00:00,17.68,16.119999999999997,3.0
2025-05-08 15:00:00+00:00,17.740000000000002,15.86,3.0
2025-05-08 16:00:00+00:00,17.5,15.36,3.0
2025-05-08 17:00:00+00:00,16.84,14.62,3.0
2025-05-08 18:00:00+00:00,16.02,14.12,2.0
2025-05-08 19:00:00+00:00,14.779999999999998,13.580000000000002,2.0
2025-05-08 20:00:00+00:00,13.52,12.58,2.0
2025-05-08 21:00:00+00:00,12.76,11.98,3.0
2025-05-08 22:00:00+00:00,12.08,11.24,3.0
2025-05-08 23:00:00+00:00,11.540000000000001,10.6,2.0
2025-05-09 00:00:00+00:00,11.440000000000001,10.34,2.0
2025-05-09 01:00:00+00:00,11.080000000000002,9.86,2.0
2025-05-09 02:00:00+00:00,10.74,9.4,3.0
2025-05-09 03:00:00+00:00,10.34,8.959999999999999,3.0
2025-05-09 04:00:00+00:00,10.02,8.6,3.0
2025-05-09 05:00:00+00:00,9.82,8.26,3.0
2025-05-09 06:00:00+00:00,10.540000000000001,9.28,3.0
2025-05-09 07:00:00+00:00,12.58,11.26,1.0
2025-05-09 08:00:00+00:00,14.12,12.6,1.0
2025-05-09 09:00:00+00:00,15.459999999999999,14.16,1.0
2025-05-09 10:00:00+00:00,16.56,15.8,2.0
2025-05-09 11:00:00+00:00,17.240000000000002,16.7,2.0
2025-05-09 12:00:00+00:00,18.4,17.880000000000003,2.0
2025-05-09 13:00:00+00:00,18.9,18.4,2.0
2025-05-09 14:00:00+00:00,19.119999999999997,18.240000000000002,3.0
2025-05-09 15:00:00+00:00,19.06,17.68,3.0
2025-05-09 16:00:00+00:00,18.66,17.1,3.0
2025-05-09 17:00:00+00:00,18.0,16.44,3.0
2025-05-09 18:00:00+00:00,16.54,15.560000000000002,3.0
2025-05-09 19:00:00+00:00,15.560000000000002,15.14,3.0
2025-05-09 20:00:00+00:00,14.459999999999999,13.84,3.0
2025-05-09 21:00:00+00:00,13.66,13.280000000000001,3.0
2025-05-09 22:00:00+00:00,13.080000000000002,12.540000000000001,3.0
2025-05-09 23:00:00+00:00,12.64,12.12,3.0
2025-05-10 00:00:00+00:00,11.879999999999999,10.940000000000001,3.0
2025-05-10 01:00:00+00:00,11.6,10.440000000000001,3.0
2025-05-10 02:00:00+00:00,11.36,10.08,3.0
2025-05-10 03:00:00+00:00,11.08,9.8,3.0
2025-05-10 04:00:00+00:00,10.8,9.440000000000001,3.0
2025-05-10 05:00:00+00:00,10.559999999999999,9.22,3.0
2025-05-10 06:00:00+00:00,11.52,10.440000000000001,3.0
2025-05-10 07:00:00+00:00,14.12,13.38,3.0
2025-05-10 08:00:00+00:00,16.14,15.12,2.0
2025-05-10 09:00:00+00:00,17.98,17.2,2.0
2025-05-10 10:00:00+00:00,19.56,19.04,1.0
2025-05-10 11:00:00+00:00,20.66,20.4,2.0
2025-05-10 12:00:00+00:00,21.34,21.0,3.0
2025-05-10 13:00:00+00:00,21.0,20.580000000000002,3.0
2025-05-10 14:00:00+00:00,20.78,20.6,3.0
2025-05-10 15:00:00+00:00,19.9,19.84,3.0
2025-05-10 16:00:00+00:00,19.3,19.22,3.0
2025-05-10 17:00:00+00:00,18.919999999999998,19.16,3.0
2025-05-10 18:00:00+00:00,17.619999999999997,18.080000000000002,3.0
2025-05-10 19:00:00+00:00,16.54,17.4,3.0
2025-05-10 20:00:00+00:00,15.559999999999999,16.1,95.0
2025-05-10 21:00:00+00:00,15.16,15.540000000000001,80.0
2025-05-10 22:00:00+00:00,14.819999999999999,14.9,3.0
2025-05-10 23:00:00+00:00,14.419999999999998,14.219999999999999,2.0
2025-05-11 00:00:00+00:00,13.98,13.559999999999999,80.0
2025-05-11 01:00:00+00:00,13.719999999999999,13.12,3.0
2025-05-11 02:00:00+00:00,13.64,12.959999999999999,3.0
2025-05-11 03:00:00+00:00,13.34,12.7,3.0
2025-05-11 04:00:00+00:00,13.26,12.64,3.0
2025-05-11 05:00:00+00:00,12.98,12.34,80.0
2025-05-11 06:00:00+00:00,13.36,12.559999999999999,1.0
2025-05-11 07:00:00+00:00,13.919999999999998,12.919999999999998,80.0
2025-05-11 08:00:00+00:00,14.440000000000001,13.26,2.0
2025-05-11 09:00:00+00:00,14.940000000000001,13.580000000000002,3.0
2025-05-11 10:00:00+00:00,15.36,13.88,3.0
2025-05-11 11:00:00+00:00,15.779999999999998,14.12,3.0
2025-05-11 12:00:00+00:00,16.12,14.580000000000002,3.0
2025-05-11 13:00:00+00:00,16.02,14.3,3.0
2025-05-11 14:00:00+00:00,16.02,14.1,3.0
2025-05-11 15:00:00+00:00,15.8,13.76,3.0
2025-05-11 16:00:00+00:00,15.540000000000001,13.459999999999999,3.0
2025-05-11 17:00:00+00:00,15.080000000000002,13.14,3.0
2025-05-11 18:00:00+00:00,14.86,12.88,3.0
2025-05-11 19:00:00+00:00,14.059999999999999,12.379999999999999,3.0
2025-05-11 20:00:00+00:00,13.280000000000001,11.86,2.0
2025-05-11 21:00:00+00:00,12.819999999999999,11.4,2.0
2025-05-11 22:00:00+00:00,12.379999999999999,10.72,2.0
2025-05-11 23:00:00+00:00,12.08,10.28,2.0
2025-05-12 00:00:00+00:00,12.42,11.08,3.0
2025-05-12 01:00:00+00:00,12.1,10.68,2.0
2025-05-12 02:00:00+00:00,12.059999999999999,10.66,3.0
2025-05-12 03:00:00+00:00,12.18,10.7,3.0
2025-05-12 04:00:00+00:00,12.18,10.66,2.0
2025-05-12 05:00:00+00:00,12.16,10.62,3.0
2025-05-12 06:00:00+00:00,12.34,10.48,2.0
2025-05-12 07:00:00+00:00,13.4,11.36,2.0
2025-05-12 08:00:00+00:00,14.319999999999999,11.92,3.0
2025-05-12 09:00:00+00:00,15.339999999999998,12.819999999999999,2.0
2025-05-12 10:00:00+00:00,15.98,13.540000000000001,1.0
2025-05-12 11:00:00+00:00,16.68,14.639999999999997,2.0
2025-05-12 12:00:00+00:00,16.619999999999997,14.940000000000001,3.0
2025-05-12 13:00:00+00:00,17.04,15.62,3.0
2025-05-12 14:00:00+00:00,17.1,15.7,1.0
2025-05-12 15:00:00+00:00,17.18,15.680000000000001,2.0
2025-05-12 16:00:00+00:00,16.96,15.279999999999998,2.0
2025-05-12 17:00:00+00:00,16.56,14.9,2.0
2025-05-12 18:00:00+00:00,16.2,14.88,2.0
2025-05-12 19:00:00+00:00,14.98,14.12,3.0
2025-05-12 20:00:00+00:00,14.059999999999999,13.48,3.0
2025-05-12 21:00:00+00:00,13.080000000000002,12.459999999999999,2.0
2025-05-12 22:00:00+00:00,12.379999999999999,11.76,2.0
2025-05-12 23:00:00+00:00,11.9,11.22,3.0
2025-05-13 00:00:00+00:00,11.2,10.440000000000001,3.0
2025-05-13 01:00:00+00:00,10.64,9.780000000000001,3.0
2025-05-13 02:00:00+00:00,10.28,9.36,2.0
2025-05-13 03:00:00+00:00,10.040000000000001,9.08,3.0
2025-05-13 04:00:00+00:00,9.66,8.540000000000001,2.0
2025-05-13 05:00:00+00:00,9.540000000000001,8.379999999999999,2.0
2025-05-13 06:00:00+00:00,10.52,9.64,2.0
2025-05-13 07:00:00+00:00,13.1,12.620000000000001,2.0
2025-05-13 08:00:00+00:00,15.34,15.039999999999997,2.0
2025-05-13 09:00:00+00:00,17.119999999999997,16.78,1.0
2025-05-13 10:00:00+00:00,18.28,18.5,2.0
2025-05-13 11:00:00+00:00,19.14,19.619999999999997,2.0
2025-05-13 12:00:00+00:00,18.76,18.94,3.0
2025-05-13 13:00:00+00:00,18.880000000000003,18.98,3.0
2025-05-13 14:00:00+00:00,18.82,18.94,3.0
2025-05-13 15:00:00+00:00,18.56,18.720000000000002,3.0
2025-05-13 16:00:00+00:00,17.94,18.28,80.0
2025-05-13 17:00:00+00:00,17.0,17.5,80.0
2025-05-13 18:00:00+00:00,17.2,17.4,3.0
2025-05-13 19:00:00+00:00,16.18,16.56,3.0
2025-05-13 20:00:00+00:00,14.98,15.62,0.0
2025-05-13 21:00:00+00:00,14.080000000000002,14.580000000000002,1.0
2025-05-13 22:00:00+00:00,13.34,13.580000000000002,0.0
2025-05-13 23:00:00+00:00,12.66,12.72,45.0
2025-05-14 00:00:00+00:00,11.719999999999999,11.72,45.0
2025-05-14 01:00:00+00:00,11.28,11.14,45.0
2025-05-14 02:00:00+00:00,11.059999999999999,10.9,45.0
2025-05-14 03:00:00+00:00,10.8,10.559999999999999,45.0
2025-05-14 04:00:00+00:00,10.66,10.379999999999999,45.0
2025-05-14 05:00:00+00:00,10.559999999999999,10.24,45.0
2025-05-14 06:00:00+00:00,11.24,10.82,3.0
2025-05-14 07:00:00+00:00,13.98,14.12,3.0
2025-05-14 08:00:00+00:00,16.380000000000003,16.72,2.0
2025-05-14 09:00:00+00:00,18.14,19.06,2.0
2025-05-14 10:00:00+00:00,19.38,20.8,2.0
2025-05-14 11:00:00+00:00,20.16,21.96,1.0
2025-05-14 12:00:00+00:00,20.0,21.16,2.0
2025-05-14 13:00:00+00:00,20.3,21.16,2.0
2025-05-14 14:00:00+00:00,20.259999999999998,20.64,3.0
2025-05-14 15:00:00+00:00,19.8,19.72,3.0
2025-05-14 16:00:00+00:00,18.9,18.56,3.0
2025-05-14 17:00:00+00:00,18.62,18.32,3.0
2025-05-14 18:00:00+00:00,18.5,18.64,3.0
2025-05-14 19:00:00+00:00,17.5,17.8,1.0
2025-05-14 20:00:00+00:00,16.46,16.7,80.0
2025-05-14 21:00:00+00:00,15.8,16.18,0.0
2025-05-14 22:00:00+00:00,15.24,15.559999999999999,0.0
2025-05-14 23:00:00+00:00,14.819999999999999,15.02,0.0
2025-05-15 00:00:00+00:00,14.1,14.36,1.0
2025-05-15 01:00:00+00:00,13.8,13.98,0.0
2025-05-15 02:00:00+00:00,13.559999999999999,13.74,1.0
2025-05-15 03:00:00+00:00,13.34,13.540000000000001,0.0
2025-05-15 04:00:00+00:00,13.16,13.26,45.0
2025-05-15 05:00:00+00:00,13.080000000000002,13.080000000000002,45.0
2025-05-15 06:00:00+00:00,13.8,13.7,1.0
2025-05-15 07:00:00+00:00,15.580000000000002,15.540000000000001,0.0
2025-05-15 08:00:00+00:00,17.0,16.94,0.0
2025-05-15 09:00:00+00:00,18.16,18.32,0.0
2025-05-15 10:00:00+00:00,19.32,19.740000000000002,95.0
2025-05-15 11:00:00+00:00,20.34,20.8,2.0
2025-05-15 12:00:00+00:00,21.06,20.8,2.0
2025-05-15 13:00:00+00:00,21.64,21.220000000000002,0.0
2025-05-15 14:00:00+00:00,21.54,20.78,1.0
2025-05-15 15:00:00+00:00,21.36,20.16,1.0
2025-05-15 16:00:00+00:00,20.68,19.080000000000002,80.0
2025-05-15 17:00:00+00:00,20.080000000000002,18.56,1.0
2025-05-15 18:00:00+00:00,19.759999999999998,17.78,0.0
2025-05-15 19:00:00+00:00,18.46,16.84,0.0
2025-05-15 20:00:00+00:00,17.259999999999998,15.8,0.0
2025-05-15 21:00:00+00:00,16.580000000000002,14.940000000000001,0.0
2025-05-15 22:00:00+00:00,15.86,13.9,3.0
2025-05-15 23:00:00+00:00,15.14,13.14,3.0
2025-05-16 00:00:00+00:00,14.24,12.58,0.0
2025-05-16 01:00:00+00:00,13.7,12.1,3.0
2025-05-16 02:00:00+00:00,13.1,11.5,0.0
2025-05-16 03:00:00+00:00,12.559999999999999,11.02,0.0
2025-05-16 04:00:00+00:00,12.120000000000001,10.540000000000001,0.0
2025-05-16 05:00:00+00:00,11.8,10.319999999999999,0.0
2025-05-16 06:00:00+00:00,12.540000000000001,11.24,0.0
2025-05-16 07:00:00+00:00,14.080000000000002,12.620000000000001,0.0
2025-05-16 08:00:00+00:00,15.7,14.080000000000002,0.0
2025-05-16 09:00:00+00:00,17.240000000000002,15.819999999999999,0.0
2025-05-16 10:00:00+00:00,18.66,17.5,0.0
2025-05-16 11:00:00+00:00,19.86,18.9,0.0
2025-05-16 12:00:00+00:00,20.6,19.419999999999998,0.0
2025-05-16 13:00:00+00:00,21.16,19.880000000000003,0.0
2025-05-16 14:00:00+00:00,21.36,19.72,0.0
2025-05-16 15:00:00+00:00,21.419999999999998,19.28,0.0
2025-05-16 16:00:00+00:00,21.18,18.54,0.0
2025-05-16 17:00:00+00:00,20.660000000000004,17.9,0.0
2025-05-16 18:00:00+00:00,19.619999999999997,16.86,0.0
2025-05-16 19:00:00+00:00,17.96,16.04,0.0
2025-05-16 20:00:00+00:00,15.959999999999999,14.540000000000001,0.0
2025-05-16 21:00:00+00:00,14.88,13.6,0.0
2025-05-16 22:00:00+00:00,13.919999999999998,12.6,0.0
2025-05-16 23:00:00+00:00,13.080000000000002,11.76,0.0
2025-05-17 00:00:00+00:00,12.48,11.180000000000001,0.0
2025-05-17 01:00:00+00:00,11.879999999999999,10.48,0.0
2025-05-17 02:00:00+00:00,11.36,9.92,0.0
2025-05-17 03:00:00+00:00,10.92,9.4,0.0
2025-05-17 04:00:00+00:00,10.4,8.8,0.0
2025-05-17 05:00:00+00:00,9.959999999999999,8.379999999999999,0.0
2025-05-17 06:00:00+00:00,10.92,9.66,0.0
2025-05-17 07:00:00+00:00,13.88,12.74,0.0
2025-05-17 08:00:00+00:00,15.76,14.580000000000002,0.0
2025-05-17 09:00:00+00:00,17.44,16.7,0.0
2025-05-17 10:00:00+00:00,18.9,18.78,0.0
2025-05-17 11:00:00+00:00,20.14,20.48,0.0
2025-05-17 12:00:00+00:00,20.78,21.4,1.0
2025-05-17 13:00:00+00:00,21.380000000000003,21.68,1.0
2025-05-17 14:00:00+00:00,21.76,21.56,1.0
2025-05-17 15:00:00+00:00,21.880000000000003,21.06,0.0
2025-05-17 16:00:00+00:00,21.66,20.0,0.0
2025-05-17 17:00:00+00:00,21.240000000000002,19.3,0.0
2025-05-17 18:00:00+00:00,20.080000000000002,18.240000000000002,0.0
2025-05-17 19:00:00+00:00,18.4,17.14,0.0
2025-05-17 20:00:00+00:00,16.44,15.539999999999997,0.0
2025-05-17 21:00:00+00:00,14.98,13.940000000000001,0.0
2025-05-17 22:00:00+00:00,13.419999999999998,12.32,0.0
2025-05-17 23:00:00+00:00,12.48,11.42,0.0
2025-05-18 00:00:00+00:00,11.8,10.68,0.0
2025-05-18 01:00:00+00:00,11.24,10.08,0.0
2025-05-18 02:00:00+00:00,10.64,9.32,0.0
2025-05-18 03:00:00+00:00,10.02,8.64,0.0
2025-05-18 04:00:00+00:00,9.620000000000001,8.16,0.0
2025-05-18 05:00:00+00:00,9.379999999999999,7.88,0.0
2025-05-18 06:00:00+00:00,11.22,9.98,0.0
2025-05-18 07:00:00+00:00,14.580000000000002,13.580000000000002,0.0
2025-05-18 08:00:00+00:00,17.08,15.98,0.0
2025-05-18 09:00:00+00:00,19.34,18.72,3.0
2025-05-18 10:00:00+00:00,21.259999999999998,21.3,0.0
2025-05-18 11:00:00+00:00,22.84,23.46,1.0
2025-05-18 12:00:00+00:00,24.080000000000002,24.919999999999998,3.0
2025-05-18 13:00:00+00:00,24.880000000000003,25.74,3.0
2025-05-18 14:00:00+00:00,25.44,25.919999999999998,3.0
2025-05-18 15:00:00+00:00,25.72,25.580000000000002,0.0
2025-05-18 16:00:00+00:00,25.619999999999997,24.619999999999997,0.0
2025-05-18 17:00:00+00:00,25.0,23.880000000000003,3.0
2025-05-18 18:00:00+00:00,24.240000000000002,23.68,3.0
2025-05-18 19:00:00+00:00,22.18,21.880000000000003,0.0
2025-05-18 20:00:00+00:00,20.02,19.64,0.0
2025-05-18 21:00:00+00:00,18.259999999999998,17.84,0.0
2025-05-18 22:00:00+00:00,17.139999999999997,16.54,0.0
2025-05-18 23:00:00+00:00,16.360000000000003,15.64,0.0
2025-05-19 00:00:00+00:00,15.440000000000001,14.64,3.0
2025-05-19 01:00:00+00:00,14.9,14.020000000000001,3.0
2025-05-19 02:00:00+00:00,14.8,13.52,3.0
2025-05-19 03:00:00+00:00,14.180000000000001,12.9,3.0
2025-05-19 04:00:00+00:00,13.920000000000002,12.74,3.0
2025-05-19 05:00:00+00:00,13.88,12.940000000000001,3.0
2025-05-19 06:00:00+00:00,14.719999999999999,14.219999999999999,3.0
2025-05-19 07:00:00+00:00,15.719999999999999,15.280000000000001,3.0
2025-05-19 08:00:00+00:00,16.580000000000002,16.580000000000002,3.0
2025-05-19 09:00:00+00:00,17.64,17.72,3.0
2025-05-19 10:00:00+00:00,18.119999999999997,18.1,3.0
2025-05-19 11:00:00+00:00,18.5,18.7,3.0
2025-05-19 12:00:00+00:00,18.54,18.64,80.0
2025-05-19 13:00:00+00:00,18.6,18.52,3.0
2025-05-19 14:00:00+00:00,18.3,18.119999999999997,3.0
2025-05-19 15:00:00+00:00,18.0,17.72,3.0
2025-05-19 16:00:00+00:00,17.580000000000002,17.32,3.0
2025-05-19 17:00:00+00:00,17.06,16.8,3.0
2025-05-19 18:00:00+00:00,16.7,15.940000000000001,3.0
2025-05-19 19:00:00+00:00,16.0,15.440000000000001,3.0
2025-05-19 20:00:00+00:00,15.24,14.959999999999999,3.0
2025-05-19 21:00:00+00:00,14.74,14.440000000000001,3.0
2025-05-19 22:00:00+00:00,14.5,14.12,3.0
2025-05-19 23:00:00+00:00,14.459999999999999,13.919999999999998,3.0
2025-05-20 00:00:00+00:00,15.02,14.440000000000001,3.0
2025-05-20 01:00:00+00:00,15.059999999999999,14.38,3.0
2025-05-20 02:00:00+00:00,15.0,14.080000000000002,3.0
2025-05-20 03:00:00+00:00,14.88,13.86,3.0
2025-05-20 04:00:00+00:00,14.9,13.959999999999999,3.0
2025-05-20 05:00:00+00:00,14.940000000000001,13.9,3.0
2025-05-20 06:00:00+00:00,15.02,13.9,3.0
2025-05-20 07:00:00+00:00,15.459999999999999,14.319999999999999,3.0
2025-05-20 08:00:00+00:00,16.080000000000002,14.6,3.0
2025-05-20 09:00:00+00:00,16.66,15.14,3.0
2025-05-20 10:00:00+00:00,17.14,15.9,3.0
2025-05-20 11:00:00+00:00,18.119999999999997,16.8,3.0
2025-05-20 12:00:00+00:00,19.28,17.839999999999996,3.0
2025-05-20 13:00:00+00:00,19.78,18.14,3.0
2025-05-20 14:00:00+00:00,19.9,17.96,2.0
2025-05-20 15:00:00+00:00,19.98,18.0,2.0
2025-05-20 16:00:00+00:00,19.68,17.52,2.0
2025-05-20 17:00:00+00:00,19.1,17.119999999999997,2.0
2025-05-20 18:00:00+00:00,18.28,16.759999999999998,2.0
2025-05-20 19:00:00+00:00,17.0,15.959999999999999,1.0
2025-05-20 20:00:00+00:00,15.680000000000001,14.88,1.0
2025-05-20 21:00:00+00:00,14.7,13.819999999999999,2.0
2025-05-20 22:00:00+00:00,13.84,12.940000000000001,2.0
2025-05-20 23:00:00+00:00,13.059999999999999,12.24,0.0
2025-05-21 00:00:00+00:00,12.02,11.059999999999999,1.0
2025-05-21 01:00:00+00:00,11.76,10.86,2.0
2025-05-21 02:00:00+00:00,11.72,10.78,3.0
2025-05-21 03:00:00+00:00,11.68,10.7,3.0
2025-05-21 04:00:00+00:00,11.8,10.82,2.0
2025-05-21 05:00:00+00:00,11.74,10.8,2.0
2025-05-21 06:00:00+00:00,12.620000000000001,11.559999999999999,2.0
2025-05-21 07:00:00+00:00,14.26,13.180000000000001,2.0
2025-05-21 08:00:00+00:00,15.5,14.1,3.0
2025-05-21 09:00:00+00:00,16.6,15.02,2.0
2025-05-21 10:00:00+00:00,17.5,16.04,2.0
2025-05-21 11:00:00+00:00,18.32,17.14,3.0
2025-05-21 12:00:00+00:00,19.06,18.2,3.0
2025-05-21 13:00:00+00:00,19.2,17.84,3.0
2025-05-21 14:00:00+00:00,19.419999999999998,17.759999999999998,3.0
2025-05-21 15:00:00+00:00,18.94,16.82,3.0
2025-05-21 16:00:00+00:00,18.32,16.2,3.0
2025-05-21 17:00:00+00:00,17.6,15.48,3.0
2025-05-21 18:00:00+00:00,15.9,14.26,3.0
2025-05-21 19:00:00+00:00,15.180000000000001,13.719999999999999,3.0
2025-05-21 20:00:00+00:00,14.540000000000001,13.180000000000001,3.0
2025-05-21 21:00:00+00:00,14.14,12.88,2.0
2025-05-21 22:00:00+00:00,13.819999999999999,12.5,1.0
2025-05-21 23:00:00+00:00,13.459999999999999,12.120000000000001,0.0
2025-05-22 00:00:00+00:00,13.62,11.82,3.0
2025-05-22 01:00:00+00:00,13.280000000000001,11.4,2.0
2025-05-22 02:00:00+00:00,12.84,11.040000000000001,1.0
2025-05-22 03:00:00+00:00,12.42,10.6,2.0
2025-05-22 04:00:00+00:00,12.26,10.559999999999999,2.0
2025-05-22 05:00:00+00:00,12.16,10.6,2.0
2025-05-22 06:00:00+00:00,11.92,10.379999999999999,2.0
2025-05-22 07:00:00+00:00,12.540000000000001,10.68,2.0
2025-05-22 08:00:00+00:00,13.280000000000001,11.32,80.0
2025-05-22 09:00:00+00:00,14.16,12.14,3.0
2025-05-22 10:00:00+00:00,14.959999999999999,12.98,3.0
2025-05-22 11:00:00+00:00,16.080000000000002,14.02,2.0
2025-05-22 12:00:00+00:00,17.06,14.84,2.0
2025-05-22 13:00:00+00:00,17.54,15.220000000000002,1.0
2025-05-22 14:00:00+00:00,17.96,15.719999999999999,2.0
2025-05-22 15:00:00+00:00,17.98,15.680000000000001,2.0
2025-05-22 16:00:00+00:00,17.82,15.180000000000001,1.0
2025-05-22 17:00:00+00:00,17.240000000000002,14.66,1.0
2025-05-22 18:00:00+00:00,16.68,14.36,0.0
2025-05-22 19:00:00+00:00,15.62,13.76,0.0
2025-05-22 20:00:00+00:00,14.5,13.2,0.0
2025-05-22 21:00:00+00:00,13.98,12.88,1.0
2025-05-22 22:00:00+00:00,13.580000000000002,12.68,2.0
2025-05-22 23:00:00+00:00,13.16,12.459999999999999,2.0
2025-05-23 00:00:00+00:00,12.379999999999999,11.84,2.0
2025-05-23 01:00:00+00:00,12.2,11.74,2.0
2025-05-23 02:00:00+00:00,11.7,11.18,2.0
2025-05-23 03:00:00+00:00,11.18,10.64,1.0
2025-05-23 04:00:00+00:00,10.84,10.2,2.0
2025-05-23 05:00:00+00:00,10.84,10.18,3.0
2025-05-23 06:00:00+00:00,12.540000000000001,12.32,2.0
2025-05-23 07:00:00+00:00,14.559999999999999,14.4,2.0
2025-05-23 08:00:00+00:00,15.959999999999999,15.38,3.0
2025-05-23 09:00:00+00:00,17.1,16.32,2.0
2025-05-23 10:00:00+00:00,17.9,17.020000000000003,2.0
2025-05-23 11:00:00+00:00,18.660000000000004,17.9,2.0
2025-05-23 12:00:00+00:00,18.92,18.46,2.0
2025-05-23 13:00:00+00:00,19.14,18.419999999999998,2.0
2025-05-23 14:00:00+00:00,19.0,17.759999999999998,2.0
2025-05-23 15:00:00+00:00,18.4,16.919999999999998,2.0
2025-05-23 16:00:00+00:00,18.18,16.44,2.0
2025-05-23 17:00:00+00:00,17.82,15.98,1.0
2025-05-23 18:00:00+00:00,17.020000000000003,15.3,2.0
2025-05-23 19:00:00+00:00,15.819999999999999,14.64,1.0
2025-05-23 20:00:00+00:00,14.540000000000001,13.580000000000002,3.0
2025-05-23 21:00:00+00:00,13.719999999999999,12.940000000000001,2.0
2025-05-23 22:00:00+00:00,13.12,12.559999999999999,3.0
2025-05-23 23:00:00+00:00,12.620000000000001,12.18,2.0
2025-05-24 00:00:00+00:00,12.36,11.92,2.0
2025-05-24 01:00:00+00:00,12.1,11.7,2.0
2025-05-24 02:00:00+00:00,11.82,11.459999999999999,2.0
2025-05-24 03:00:00+00:00,11.440000000000001,11.06,2.0
2025-05-24 04:00:00+00:00,11.059999999999999,10.64,2.0
2025-05-24 05:00:00+00:00,11.059999999999999,10.620000000000001,3.0
2025-05-24 06:00:00+00:00,12.64,12.58,1.0
2025-05-24 07:00:00+00:00,14.48,14.16,2.0
2025-05-24 08:00:00+00:00,15.7,14.940000000000001,2.0
2025-05-24 09:00:00+00:00,16.720000000000002,15.8,2.0
2025-05-24 10:00:00+00:00,17.56,16.82,2.0
2025-05-24 11:00:00+00:00,18.26,17.78,2.0
2025-05-24 12:00:00+00:00,19.04,18.68,2.0
2025-05-24 13:00:00+00:00,19.44,19.119999999999997,1.0
2025-05-24 14:00:00+00:00,19.759999999999998,19.32,2.0
2025-05-24 15:00:00+00:00,19.580000000000002,18.48,3.0
2025-05-24 16:00:00+00:00,19.28,17.8,2.0
2025-05-24 17:00:00+00:00,18.78,17.380000000000003,2.0
2025-05-24 18:00:00+00:00,18.0,16.78,2.0
2025-05-24 19:00:00+00:00,16.72,16.06,1.0
2025-05-24 20:00:00+00:00,15.180000000000001,14.76,0.0
2025-05-24 21:00:00+00:00,14.24,13.940000000000001,0.0
2025-05-24 22:00:00+00:00,13.559999999999999,13.280000000000001,0.0
2025-05-24 23:00:00+00:00,12.959999999999999,12.559999999999999,0.0
2025-05-25 00:00:00+00:00,12.18,11.6,0.0
2025-05-25 01:00:00+00:00,11.5,10.78,0.0
2025-05-25 02:00:00+00:00,10.919999999999998,9.959999999999999,0.0
2025-05-25 03:00:00+00:00,10.58,9.620000000000001,45.0
2025-05-25 04:00:00+00:00,10.3,9.219999999999999,45.0
2025-05-25 05:00:00+00:00,10.22,9.12,3.0
2025-05-25 06:00:00+00:00,11.56,10.620000000000001,3.0
2025-05-25 07:00:00+00:00,14.559999999999999,13.98,3.0
2025-05-25 08:00:00+00:00,16.34,15.52,3.0
2025-05-25 09:00:00+00:00,17.28,16.1,3.0
2025-05-25 10:00:00+00:00,17.9,16.54,3.0
2025-05-25 11:00:00+00:00,18.2,17.02,3.0
2025-05-25 12:00:00+00:00,18.720000000000002,17.64,3.0
2025-05-25 13:00:00+00:00,18.919999999999998,17.82,3.0
2025-05-25 14:00:00+00:00,18.96,17.82,3.0
2025-05-25 15:00:00+00:00,18.72,17.54,3.0
2025-05-25 16:00:00+00:00,18.44,17.080000000000002,3.0
2025-05-25 17:00:00+00:00,17.94,16.46,3.0
2025-05-25 18:00:00+00:00,17.18,15.74,2.0
2025-05-25 19:00:00+00:00,16.419999999999998,15.26,3.0
2025-05-25 20:00:00+00:00,15.64,14.8,2.0
2025-05-25 21:00:00+00:00,15.059999999999999,14.24,2.0
2025-05-25 22:00:00+00:00,14.540000000000001,13.719999999999999,3.0
2025-05-25 23:00:00+00:00,14.2,13.319999999999999,2.0
2025-05-26 00:00:00+00:00,14.36,13.52,3.0
2025-05-26 01:00:00+00:00,13.919999999999998,13.180000000000001,3.0
2025-05-26 02:00:00+00:00,13.48,12.819999999999999,3.0
2025-05-26 03:00:00+00:00,13.180000000000001,12.72,2.0
2025-05-26 04:00:00+00:00,12.919999999999998,12.72,2.0
2025-05-26 05:00:00+00:00,12.68,12.64,2.0
2025-05-26 06:00:00+00:00,13.440000000000001,13.419999999999998,3.0
2025-05-26 07:00:00+00:00,14.66,14.440000000000001,3.0
2025-05-26 08:00:00+00:00,15.88,15.440000000000001,2.0
2025-05-26 09:00:00+00:00,17.02,16.28,3.0
2025-05-26 10:00:00+00:00,18.0,16.98,2.0
2025-05-26 11:00:00+00:00,18.8,18.119999999999997,3.0
2025-05-26 12:00:00+00:00,18.7,17.4,3.0
2025-05-26 13:00:00+00:00,18.98,17.580000000000002,3.0
2025-05-26 14:00:00+00:00,19.14,17.66,3.0
2025-05-26 15:00:00+00:00,18.94,17.18,3.0
2025-05-26 16:00:00+00:00,18.759999999999998,16.919999999999998,3.0
2025-05-26 17:00:00+00:00,18.580000000000002,16.78,1.0
2025-05-26 18:00:00+00:00,17.880000000000003,16.160000000000004,1.0
2025-05-26 19:00:00+00:00,16.619999999999997,15.419999999999998,1.0
2025-05-26 20:00:00+00:00,14.919999999999998,13.919999999999998,1.0
2025-05-26 21:00:00+00:00,13.84,13.02,2.0
2025-05-26 22:00:00+00:00,13.14,12.36,1.0
2025-05-26 23:00:00+00:00,12.48,11.78,0.0
2025-05-27 00:00:00+00:00,11.86,11.18,0.0
2025-05-27 01:00:00+00:00,11.440000000000001,10.52,3.0
2025-05-27 02:00:00+00:00,10.879999999999999,10.0,1.0
2025-05-27 03:00:00+00:00,10.559999999999999,9.620000000000001,1.0
2025-05-27 04:00:00+00:00,10.24,9.3,1.0
2025-05-27 05:00:00+00:00,10.14,9.14,45.0
2025-05-27 06:00:00+00:00,11.780000000000001,11.18,45.0
2025-05-27 07:00:00+00:00,14.36,14.059999999999999,2.0
2025-05-27 08:00:00+00:00,16.18,15.819999999999999,3.0
2025-05-27 09:00:00+00:00,17.380000000000003,17.02,3.0
2025-05-27 10:00:00+00:00,18.5,18.8,3.0
2025-05-27 11:00:00+00:00,19.44,20.22,3.0
2025-05-27 12:00:00+00:00,20.04,20.64,2.0
2025-05-27 13:00:00+00:00,20.84,21.66,3.0
2025-05-27 14:00:00+00:00,21.28,21.66,3.0
2025-05-27 15:00:00+00:00,21.52,21.5,3.0
2025-05-27 16:00:00+00:00,21.28,20.7,3.0
2025-05-27 17:00:00+00:00,20.94,20.3,3.0
2025-05-27 18:00:00+00:00,19.86,19.48,3.0
2025-05-27 19:00:00+00:00,18.46,18.560000000000002,3.0
2025-05-27 20:00:00+00:00,16.8,16.96,0.0
2025-05-27 21:00:00+00:00,15.62,15.780000000000001,3.0
2025-05-27 22:00:00+00:00,14.459999999999999,14.580000000000002,3.0
2025-05-27 23:00:00+00:00,13.66,13.66,0.0
2025-05-28 00:00:00+00:00,13.080000000000002,12.86,3.0
2025-05-28 01:00:00+00:00,12.7,12.48,45.0
2025-05-28 02:00:00+00:00,12.379999999999999,12.2,45.0
2025-05-28 03:00:00+00:00,12.3,12.04,45.0
2025-05-28 04:00:00+00:00,12.120000000000001,11.76,45.0
2025-05-28 05:00:00+00:00,12.08,11.559999999999999,0.0
2025-05-28 06:00:00+00:00,13.219999999999999,13.0,0.0
2025-05-28 07:00:00+00:00,15.720000000000002,15.7,2.0
2025-05-28 08:00:00+00:00,17.06,16.96,2.0
2025-05-28 09:00:00+00:00,18.28,18.26,2.0
2025-05-28 10:00:00+00:00,19.380000000000003,19.96,2.0
2025-05-28 11:00:00+00:00,20.259999999999998,21.14,1.0
2025-05-28 12:00:00+00:00,20.72,21.16,2.0
2025-05-28 13:00:00+00:00,21.240000000000002,21.46,3.0
2025-05-28 14:00:00+00:00,21.240000000000002,21.04,3.0
2025-05-28 15:00:00+00:00,21.14,20.74,3.0
2025-05-28 16:00:00+00:00,20.740000000000002,19.96,3.0
2025-05-28 17:00:00+00:00,20.2,19.44,1.0
2025-05-28 18:00:00+00:00,19.82,19.36,3.0
2025-05-28 19:00:00+00:00,18.619999999999997,18.56,1.0
2025-05-28 20:00:00+00:00,17.060000000000002,17.36,0.0
2025-05-28 21:00:00+00:00,16.060000000000002,16.5,0.0
2025-05-28 22:00:00+00:00,15.320000000000002,15.7,2.0
2025-05-28 23:00:00+00:00,14.86,15.36,2.0
2025-05-29 00:00:00+00:00,14.5,14.959999999999999,0.0
2025-05-29 01:00:00+00:00,13.979999999999999,14.459999999999999,2.0
2025-05-29 02:00:00+00:00,13.76,14.16,45.0
2025-05-29 03:00:00+00:00,13.36,13.8,45.0
2025-05-29 04:00:00+00:00,13.26,13.719999999999999,45.0
2025-05-29 05:00:00+00:00,13.3,13.779999999999998,45.0
2025-05-29 06:00:00+00:00,14.24,14.919999999999998,45.0
2025-05-29 07:00:00+00:00,16.36,16.98,0.0
2025-05-29 08:00:00+00:00,18.06,18.740000000000002,2.0
2025-05-29 09:00:00+00:00,19.740000000000002,20.740000000000002,2.0
2025-05-29 10:00:00+00:00,21.46,23.04,2.0
2025-05-29 11:00:00+00:00,23.2,25.419999999999998,2.0
2025-05-29 12:00:00+00:00,24.759999999999998,27.22,1.0
2025-05-29 13:00:00+00:00,25.919999999999998,28.619999999999997,0.0
2025-05-29 14:00:00+00:00,26.78,29.18,0.0
2025-05-29 15:00:00+00:00,27.18,28.9,0.0
2025-05-29 16:00:00+00:00,27.2,28.2,0.0
2025-05-29 17:00:00+00:00,26.839999999999996,27.52,0.0
2025-05-29 18:00:00+00:00,25.9,26.339999999999996,0.0
2025-05-29 19:00:00+00:00,24.1,25.080000000000002,0.0
2025-05-29 20:00:00+00:00,21.880000000000003,23.02,0.0
2025-05-29 21:00:00+00:00,20.34,21.46,0.0
2025-05-29 22:00:00+00:00,19.259999999999998,20.259999999999998,0.0
2025-05-29 23:00:00+00:00,18.34,19.18,0.0
2025-05-30 00:00:00+00:00,17.580000000000002,18.56,0.0
2025-05-30 01:00:00+00:00,16.9,17.740000000000002,0.0
2025-05-30 02:00:00+00:00,16.259999999999998,16.94,0.0
2025-05-30 03:00:00+00:00,15.64,16.2,0.0
2025-05-30 04:00:00+00:00,15.1,15.4,0.0
2025-05-30 05:00:00+00:00,14.819999999999999,15.0,0.0
2025-05-30 06:00:00+00:00,16.32,16.78,0.0
2025-05-30 07:00:00+00:00,20.14,21.3,0.0
2025-05-30 08:00:00+00:00,23.86,25.1,0.0
2025-05-30 09:00:00+00:00,26.28,28.52,0.0
2025-05-30 10:00:00+00:00,28.28,31.2,0.0
2025-05-30 11:00:00+00:00,29.52,32.64,0.0
2025-05-30 12:00:00+00:00,31.6,34.660000000000004,0.0
2025-05-30 13:00:00+00:00,32.5,35.18,0.0
2025-05-30 14:00:00+00:00,32.48,34.6,0.0
2025-05-30 15:00:00+00:00,31.939999999999998,33.260000000000005,3.0
2025-05-30 16:00:00+00:00,30.8,31.28,3.0
2025-05-30 17:00:00+00:00,30.060000000000002,30.78,3.0
2025-05-30 18:00:00+00:00,28.580000000000002,29.96,3.0
2025-05-30 19:00:00+00:00,25.8,26.880000000000003,3.0
2025-05-30 20:00:00+00:00,22.740000000000002,23.5,3.0
2025-05-30 21:00:00+00:00,21.22,22.32,3.0
2025-05-30 22:00:00+00:00,20.32,21.740000000000002,3.0
2025-05-30 23:00:00+00:00,19.5,20.619999999999997,3.0
2025-05-31 00:00:00+00:00,18.52,19.68,2.0
2025-05-31 01:00:00+00:00,18.22,19.479999999999997,1.0
2025-05-31 02:00:00+00:00,17.8,18.94,1.0
2025-05-31 03:00:00+00:00,17.32,18.259999999999998,1.0
2025-05-31 04:00:00+00:00,17.04,18.0,0.0
2025-05-31 05:00:00+00:00,17.0,18.0,0.0
2025-05-31 06:00:00+00:00,18.7,19.98,1.0
2025-05-31 07:00:00+00:00,20.56,21.78,1.0
2025-05-31 08:00:00+00:00,22.04,23.48,2.0
2025-05-31 09:00:00+00:00,23.619999999999997,25.419999999999998,3.0
2025-05-31 10:00:00+00:00,25.18,27.82,0.0
2025-05-31 11:00:00+00:00,26.6,29.72,1.0
2025-05-31 12:00:00+00:00,25.0,27.78,1.0
2025-05-31 13:00:00+00:00,25.36,27.839999999999996,1.0
2025-05-31 14:00:00+00:00,25.7,28.04,1.0
2025-05-31 15:00:00+00:00,25.580000000000002,27.3,1.0
2025-05-31 16:00:00+00:00,25.04,25.96,3.0
2025-05-31 17:00:00+00:00,24.32,25.14,3.0
2025-05-31 18:00:00+00:00,23.28,23.919999999999998,0.0
2025-05-31 19:00:00+00:00,21.7,22.54,3.0
2025-05-31 20:00:00+00:00,20.1,21.18,3.0
2025-05-31 21:00:00+00:00,19.080000000000002,20.18,2.0
2025-05-31 22:00:00+00:00,18.080000000000002,19.3,3.0
2025-05-31 23:00:00+00:00,17.44,18.82,3.0
2025-06-01 00:00:00+00:00,16.880000000000003,17.86,3.0
2025-06-01 01:00:00+00:00,16.580000000000002,17.5,3.0
2025-06-01 02:00:00+00:00,16.56,17.46,3.0
2025-06-01 03:00:00+00:00,16.46,17.3,3.0
2025-06-01 04:00:00+00:00,16.3,17.36,3.0
2025-06-01 05:00:00+00:00,16.34,17.4,3.0
2025-06-01 06:00:00+00:00,16.98,17.96,3.0
2025-06-01 07:00:00+00:00,17.54,18.32,3.0
2025-06-01 08:00:00+00:00,18.06,18.66,3.0
2025-06-01 09:00:00+00:00,18.740000000000002,19.16,3.0
2025-06-01 10:00:00+00:00,19.3,19.560000000000002,3.0
2025-06-01 11:00:00+00:00,19.740000000000002,19.880000000000003,3.0
2025-06-01 12:00:00+00:00,20.919999999999998,21.080000000000002,3.0
2025-06-01 13:00:00+00:00,21.44,21.44,3.0
2025-06-01 14:00:00+00:00,21.3,20.82,3.0
2025-06-01 15:00:00+00:00,20.94,20.28,3.0
2025-06-01 16:00:00+00:00,20.52,19.84,3.0
2025-06-01 17:00:00+00:00,20.0,19.5,3.0
2025-06-01 18:00:00+00:00,19.759999999999998,19.6,3.0
2025-06-01 19:00:00+00:00,18.94,19.3,3.0
2025-06-01 20:00:00+00:00,18.22,18.759999999999998,3.0
2025-06-01 21:00:00+00:00,17.56,18.160000000000004,3.0
2025-06-01 22:00:00+00:00,17.240000000000002,17.72,3.0
2025-06-01 23:00:00+00:00,16.94,17.259999999999998,3.0
2025-06-02 00:00:00+00:00,16.8,17.36,3.0
2025-06-02 01:00:00+00:00,16.580000000000002,17.16,3.0
2025-06-02 02:00:00+00:00,16.419999999999998,17.0,3.0
2025-06-02 03:00:00+00:00,16.2,16.52,3.0
2025-06-02 04:00:00+00:00,15.74,15.84,3.0
2025-06-02 05:00:00+00:00,15.440000000000001,15.6,3.0
2025-06-02 06:00:00+00:00,14.580000000000002,14.24,3.0
2025-06-02 07:00:00+00:00,15.040000000000001,14.780000000000001,3.0
2025-06-02 08:00:00+00:00,15.88,15.64,3.0
2025-06-02 09:00:00+00:00,16.82,16.68,3.0
2025-06-02 10:00:00+00:00,17.919999999999998,18.18,3.0
2025-06-02 11:00:00+00:00,18.9,19.619999999999997,3.0
2025-06-02 12:00:00+00:00,18.759999999999998,19.2,3.0
2025-06-02 13:00:00+00:00,19.419999999999998,19.96,3.0
2025-06-02 14:00:00+00:00,19.9,20.3,3.0
2025-06-02 15:00:00+00:00,19.740000000000002,19.78,3.0
2025-06-02 16:00:00+00:00,19.54,19.36,3.0
2025-06-02 17:00:00+00:00,19.36,19.16,3.0
2025-06-02 18:00:00+00:00,19.36,19.06,3.0
2025-06-02 19:00:00+00:00,18.44,18.22,3.0
2025-06-02 20:00:00+00:00,17.54,17.44,3.0
2025-06-02 21:00:00+00:00,16.919999999999998,16.98,3.0
2025-06-02 22:00:00+00:00,16.56,16.86,3.0
2025-06-02 23:00:00+00:00,16.259999999999998,16.6,3.0
2025-06-03 00:00:00+00:00,16.28,16.619999999999997,3.0
2025-06-03 01:00:00+00:00,16.06,16.6,3.0
2025-06-03 02:00:00+00:00,15.780000000000001,16.26,3.0
2025-06-03 03:00:00+00:00,15.6,16.22,3.0
2025-06-03 04:00:00+00:00,15.48,16.14,3.0
2025-06-03 05:00:00+00:00,15.540000000000001,16.259999999999998,3.0
2025-06-03 06:00:00+00:00,16.24,17.1,3.0
2025-06-03 07:00:00+00:00,17.02,17.560000000000002,3.0
2025-06-03 08:00:00+00:00,17.7,18.32,3.0
2025-06-03 09:00:00+00:00,18.56,19.0,3.0
2025-06-03 10:00:00+00:00,19.2,19.660000000000004,3.0
2025-06-03 11:00:00+00:00,19.759999999999998,20.119999999999997,3.0
2025-06-03 12:00:00+00:00,20.96,21.48,3.0
2025-06-03 13:00:00+00:00,21.3,21.580000000000002,3.0
2025-06-03 14:00:00+00:00,21.4,21.52,3.0
2025-06-03 15:00:00+00:00,21.06,21.18,2.0
2025-06-03 16:00:00+00:00,20.439999999999998,20.48,2.0
2025-06-03 17:00:00+00:00,19.839999999999996,19.56,3.0
2025-06-03 18:00:00+00:00,18.580000000000002,18.44,3.0
2025-06-03 19:00:00+00:00,18.02,18.14,3.0
2025-06-03 20:00:00+00:00,17.279999999999998,17.72,3.0
2025-06-03 21:00:00+00:00,16.82,17.240000000000002,3.0
2025-06-03 22:00:00+00:00,16.4,16.82,3.0
2025-06-03 23:00:00+00:00,15.98,16.380000000000003,3.0
2025-06-04 00:00:00+00:00,15.319999999999999,15.580000000000002,3.0
2025-06-04 01:00:00+00:00,15.2,15.440000000000001,3.0
2025-06-04 02:00:00+00:00,15.02,15.24,3.0
2025-06-04 03:00:00+00:00,14.86,14.9,3.0
2025-06-04 04:00:00+00:00,14.86,14.88,3.0
2025-06-04 05:00:00+00:00,14.919999999999998,14.76,3.0
2025-06-04 06:00:00+00:00,14.780000000000001,14.6,3.0
2025-06-04 07:00:00+00:00,15.64,15.4,3.0
2025-06-04 08:00:00+00:00,17.04,16.72,3.0
2025-06-04 09:00:00+00:00,17.98,17.16,3.0
2025-06-04 10:00:00+00:00,17.639999999999997,16.419999999999998,3.0
2025-06-04 11:00:00+00:00,18.24,17.02,3.0
2025-06-04 12:00:00+00:00,19.240000000000002,17.919999999999998,3.0
2025-06-04 13:00:00+00:00,19.380000000000003,17.860000000000003,3.0
2025-06-04 14:00:00+00:00,19.22,17.72,3.0
2025-06-04 15:00:00+00:00,19.080000000000002,17.7,3.0
2025-06-04 16:00:00+00:00,18.86,17.380000000000003,3.0
2025-06-04 17:00:00+00:00,18.48,16.98,3.0
2025-06-04 18:00:00+00:00,17.64,16.380000000000003,3.0
2025-06-04 19:00:00+00:00,17.119999999999997,16.060000000000002,3.0
2025-06-04 20:00:00+00:00,16.279999999999998,15.4,3.0
2025-06-04 21:00:00+00:00,15.919999999999998,15.12,3.0
2025-06-04 22:00:00+00:00,15.6,14.86,3.0
2025-06-04 23:00:00+00:00,15.419999999999998,14.720000000000002,3.0
2025-06-05 00:00:00+00:00,14.5,13.580000000000002,3.0
2025-06-05 01:00:00+00:00,14.4,13.440000000000001,3.0
2025-06-05 02:00:00+00:00,14.36,13.4,3.0
2025-06-05 03:00:00+00:00,14.319999999999999,13.34,3.0
2025-06-05 04:00:00+00:00,14.5,13.48,3.0
2025-06-05 05:00:00+00:00,14.780000000000001,13.76,3.0
2025-06-05 06:00:00+00:00,15.4,14.36,3.0
2025-06-05 07:00:00+00:00,16.5,15.419999999999998,3.0
2025-06-05 08:00:00+00:00,17.18,15.98,3.0
2025-06-05 09:00:00+00:00,17.98,16.64,3.0
2025-06-05 10:00:00+00:00,18.380000000000003,17.2,3.0
2025-06-05 11:00:00+00:00,18.8,17.52,3.0
2025-06-05 12:00:00+00:00,18.54,17.1,3.0
2025-06-05 13:00:00+00:00,18.52,17.18,3.0
2025-06-05 14:00:00+00:00,18.68,17.66,3.0
2025-06-05 15:00:00+00:00,18.6,17.7,3.0
2025-06-05 16:00:00+00:00,18.660000000000004,17.880000000000003,3.0
2025-06-05 17:00:00+00:00,18.580000000000002,17.9,3.0
2025-06-05 18:00:00+00:00,18.46,17.94,2.0
2025-06-05 19:00:00+00:00,18.04,17.7,2.0
2025-06-05 20:00:00+00:00,17.580000000000002,17.44,2.0
2025-06-05 21:00:00+00:00,17.32,17.080000000000002,3.0
2025-06-05 22:00:00+00:00,17.14,16.78,3.0
2025-06-05 23:00:00+00:00,17.0,16.759999999999998,61.0
2025-06-06 00:00:00+00:00,17.06,17.0,3.0
2025-06-06 01:00:00+00:00,17.0,16.580000000000002,3.0
2025-06-06 02:00:00+00:00,16.98,16.86,3.0
2025-06-06 03:00:00+00:00,16.9,16.72,3.0
2025-06-06 04:00:00+00:00,16.880000000000003,16.84,3.0
2025-06-06 05:00:00+00:00,16.98,17.0,3.0
2025-06-06 06:00:00+00:00,17.14,17.32,3.0
2025-06-06 07:00:00+00:00,17.7,18.02,3.0
2025-06-06 08:00:00+00:00,18.0,18.34,3.0
2025-06-06 09:00:00+00:00,18.36,18.54,3.0
2025-06-06 10:00:00+00:00,18.560000000000002,18.759999999999998,3.0
2025-06-06 11:00:00+00:00,18.78,19.06,3.0
2025-06-06 12:00:00+00:00,19.78,19.9,3.0
2025-06-06 13:00:00+00:00,19.94,20.080000000000002,3.0
2025-06-06 14:00:00+00:00,20.1,20.2,3.0
2025-06-06 15:00:00+00:00,20.06,20.2,2.0
2025-06-06 16:00:00+00:00,19.74,19.759999999999998,3.0
2025-06-06 17:00:00+00:00,19.380000000000003,19.56,3.0
2025-06-06 18:00:00+00:00,19.44,20.020000000000003,3.0
2025-06-06 19:00:00+00:00,18.74,19.580000000000002,3.0
2025-06-06 20:00:00+00:00,18.14,19.16,3.0
2025-06-06 21:00:00+00:00,17.58,18.58,3.0
2025-06-06 22:00:00+00:00,17.28,18.0,3.0
2025-06-06 23:00:00+00:00,16.919999999999998,17.5,3.0
2025-06-07 00:00:00+00:00,17.4,17.94,3.0
2025-06-07 01:00:00+00:00,17.16,17.52,3.0
2025-06-07 02:00:00+00:00,17.060000000000002,17.2,3.0
2025-06-07 03:00:00+00:00,16.98,17.1,3.0
2025-06-07 04:00:00+00:00,16.880000000000003,16.96,3.0
2025-06-07 05:00:00+00:00,16.98,17.160000000000004,3.0
2025-06-07 06:00:00+00:00,17.14,16.54,3.0
2025-06-07 07:00:00+00:00,17.36,16.44,3.0
2025-06-07 08:00:00+00:00,17.619999999999997,16.34,3.0
2025-06-07 09:00:00+00:00,18.06,16.6,3.0
2025-06-07 10:00:00+00:00,18.22,16.5,3.0
2025-06-07 11:00:00+00:00,18.5,16.54,3.0
2025-06-07 12:00:00+00:00,18.580000000000002,16.98,3.0
2025-06-07 13:00:00+00:00,18.78,17.0,3.0
2025-06-07 14:00:00+00:00,18.880000000000003,17.22,2.0
2025-06-07 15:00:00+00:00,18.8,17.1,3.0
2025-06-07 16:00:00+00:00,18.3,16.68,2.0
2025-06-07 17:00:00+00:00,18.14,16.619999999999997,2.0
2025-06-07 18:00:00+00:00,17.98,16.7,2.0
2025-06-07 19:00:00+00:00,17.46,16.18,2.0
2025-06-07 20:00:00+00:00,16.66,15.74,2.0
2025-06-07 21:00:00+00:00,16.2,15.419999999999998,2.0
2025-06-07 22:00:00+00:00,15.8,15.16,2.0
2025-06-07 23:00:00+00:00,15.780000000000001,15.12,2.0
2025-06-08 00:00:00+00:00,15.52,14.719999999999999,2.0
2025-06-08 01:00:00+00:00,15.360000000000003,14.5,2.0
2025-06-08 02:00:00+00:00,15.3,14.34,2.0
2025-06-08 03:00:00+00:00,15.14,14.14,2.0
2025-06-08 04:00:00+00:00,15.0,14.040000000000001,2.0
2025-06-08 05:00:00+00:00,14.940000000000001,14.12,2.0
2025-06-08 06:00:00+00:00,15.580000000000002,14.959999999999999,3.0
2025-06-08 07:00:00+00:00,16.48,15.780000000000001,2.0
2025-06-08 08:00:00+00:00,16.98,15.98,3.0
2025-06-08 09:00:00+00:00,17.5,16.5,2.0
2025-06-08 10:00:00+00:00,18.14,17.32,2.0
2025-06-08 11:00:00+00:00,18.86,18.759999999999998,2.0
2025-06-08 12:00:00+00:00,19.880000000000003,20.4,2.0
2025-06-08 13:00:00+00:00,20.339999999999996,20.880000000000003,1.0
2025-06-08 14:00:00+00:00,20.68,20.84,1.0
2025-06-08 15:00:00+00:00,20.76,20.36,0.0
2025-06-08 16:00:00+00:00,20.6,19.7,0.0
2025-06-08 17:00:00+00:00,20.240000000000002,19.080000000000002,1.0
2025-06-08 18:00:00+00:00,19.5,18.4,0.0
2025-06-08 19:00:00+00:00,18.72,18.080000000000002,0.0
2025-06-08 20:00:00+00:00,17.44,16.98,0.0
2025-06-08 21:00:00+00:00,16.28,15.780000000000001,0.0
2025-06-08 22:00:00+00:00,15.4,15.0,0.0
2025-06-08 23:00:00+00:00,14.74,14.48,0.0
2025-06-09 00:00:00+00:00,14.16,13.9,0.0
2025-06-09 01:00:00+00:00,13.74,13.5,1.0
2025-06-09 02:00:00+00:00,13.219999999999999,13.02,0.0
2025-06-09 03:00:00+00:00,12.7,12.4,0.0
2025-06-09 04:00:00+00:00,12.4,12.14,0.0
2025-06-09 05:00:00+00:00,12.379999999999999,12.18,0.0
2025-06-09 06:00:00+00:00,13.580000000000002,13.4,0.0
2025-06-09 07:00:00+00:00,15.76,15.62,0.0
2025-06-09 08:00:00+00:00,17.56,17.279999999999998,0.0
2025-06-09 09:00:00+00:00,19.06,19.32,0.0
2025-06-09 10:00:00+00:00,20.46,21.44,0.0
2025-06-09 11:00:00+00:00,21.72,23.380000000000003,1.0
2025-06-09 12:00:00+00:00,22.119999999999997,24.5,0.0
2025-06-09 13:00:00+00:00,22.86,25.080000000000002,0.0
2025-06-09 14:00:00+00:00,23.34,25.06,0.0
2025-06-09 15:00:00+00:00,23.64,24.619999999999997,0.0
2025-06-09 16:00:00+00:00,23.7,23.759999999999998,0.0
2025-06-09 17:00:00+00:00,23.479999999999997,23.04,0.0
2025-06-09 18:00:00+00:00,23.28,23.36,0.0
2025-06-09 19:00:00+00:00,22.0,22.52,0.0
2025-06-09 20:00:00+00:00,20.34,20.94,0.0
2025-06-09 21:00:00+00:00,19.240000000000002,19.78,0.0
2025-06-09 22:00:00+00:00,18.4,18.84,0.0
2025-06-09 23:00:00+00:00,17.82,18.06,0.0
2025-06-10 00:00:00+00:00,17.02,17.3,0.0
2025-06-10 01:00:00+00:00,16.52,16.580000000000002,0.0
2025-06-10 02:00:00+00:00,15.919999999999998,15.819999999999999,0.0
2025-06-10 03:00:00+00:00,15.540000000000001,15.26,0.0
2025-06-10 04:00:00+00:00,15.26,14.819999999999999,0.0
2025-06-10 05:00:00+00:00,15.280000000000001,14.76,0.0
2025-06-10 06:00:00+00:00,16.9,16.8,0.0
2025-06-10 07:00:00+00:00,19.3,19.74,0.0
2025-06-10 08:00:00+00:00,21.740000000000002,22.28,0.0
2025-06-10 09:00:00+00:00,23.259999999999998,24.78,0.0
2025-06-10 10:00:00+00:00,24.78,26.98,0.0
2025-06-10 11:00:00+00:00,26.2,28.860000000000003,0.0
2025-06-10 12:00:00+00:00,26.18,29.18,0.0
2025-06-10 13:00:00+00:00,26.860000000000003,29.619999999999997,0.0
2025-06-10 14:00:00+00:00,27.24,29.28,0.0
2025-06-10 15:00:00+00:00,27.3,28.560000000000002,0.0
2025-06-10 16:00:00+00:00,27.1,27.479999999999997,0.0
2025-06-10 17:00:00+00:00,26.580000000000002,26.839999999999996,0.0
2025-06-10 18:00:00+00:00,25.9,27.1,0.0
2025-06-10 19:00:00+00:00,24.46,26.139999999999997,3.0
2025-06-10 20:00:00+00:00,22.8,24.32,3.0
2025-06-10 21:00:00+00:00,21.5,22.52,3.0
2025-06-10 22:00:00+00:00,20.82,21.74,3.0
2025-06-10 23:00:00+00:00,20.18,20.7,1.0
2025-06-11 00:00:00+00:00,19.759999999999998,20.5,3.0
2025-06-11 01:00:00+00:00,19.380000000000003,20.0,2.0
2025-06-11 02:00:00+00:00,19.080000000000002,19.52,3.0
2025-06-11 03:00:00+00:00,18.9,19.18,3.0
2025-06-11 04:00:00+00:00,19.080000000000002,19.32,3.0
2025-06-11 05:00:00+00:00,19.44,19.6,3.0
2025-06-11 06:00:00+00:00,20.28,20.9,2.0
2025-06-11 07:00:00+00:00,22.54,23.759999999999998,3.0
2025-06-11 08:00:00+00:00,24.92,26.439999999999998,3.0
2025-06-11 09:00:00+00:00,26.419999999999998,28.3,3.0
2025-06-11 10:00:00+00:00,27.8,30.080000000000002,2.0
2025-06-11 11:00:00+00:00,28.860000000000003,31.779999999999994,3.0
2025-06-11 12:00:00+00:00,30.02,32.14,3.0
2025-06-11 13:00:00+00:00,30.080000000000002,32.38,3.0
2025-06-11 14:00:00+00:00,30.619999999999997,32.260000000000005,3.0
2025-06-11 15:00:00+00:00,30.119999999999997,31.619999999999997,3.0
2025-06-11 16:00:00+00:00,29.3,30.68,3.0
2025-06-11 17:00:00+00:00,28.28,30.080000000000002,3.0
2025-06-11 18:00:00+00:00,25.48,27.22,3.0
2025-06-11 19:00:00+00:00,24.16,26.5,3.0
2025-06-11 20:00:00+00:00,23.259999999999998,25.32,3.0
2025-06-11 21:00:00+00:00,22.86,24.5,3.0
2025-06-11 22:00:00+00:00,22.38,24.119999999999997,3.0
2025-06-11 23:00:00+00:00,21.7,23.3,3.0
2025-06-12 00:00:00+00:00,21.44,23.3,3.0
2025-06-12 01:00:00+00:00,20.14,21.74,80.0
2025-06-12 02:00:00+00:00,20.080000000000002,21.34,3.0
2025-06-12 03:00:00+00:00,19.82,21.04,2.0
2025-06-12 04:00:00+00:00,19.580000000000002,21.06,2.0
2025-06-12 05:00:00+00:00,19.259999999999998,21.240000000000002,3.0
2025-06-12 06:00:00+00:00,20.14,21.84,2.0
2025-06-12 07:00:00+00:00,20.72,22.44,2.0
2025-06-12 08:00:00+00:00,21.64,23.380000000000003,2.0
2025-06-12 09:00:00+00:00,22.54,24.18,2.0
2025-06-12 10:00:00+00:00,23.619999999999997,25.939999999999998,2.0
2025-06-12 11:00:00+00:00,24.380000000000003,27.22,1.0
2025-06-12 12:00:00+00:00,24.919999999999998,27.46,3.0
2025-06-12 13:00:00+00:00,25.4,27.72,2.0
2025-06-12 14:00:00+00:00,25.639999999999997,27.3,3.0
2025-06-12 15:00:00+00:00,25.919999999999998,27.119999999999997,2.0
2025-06-12 16:00:00+00:00,25.919999999999998,26.5,2.0
2025-06-12 17:00:00+00:00,25.6,25.98,2.0
2025-06-12 18:00:00+00:00,24.78,25.619999999999997,3.0
2025-06-12 19:00:00+00:00,23.759999999999998,24.919999999999998,1.0
2025-06-12 20:00:00+00:00,22.580000000000002,23.92,1.0
2025-06-12 21:00:00+00:00,21.6,23.0,1.0
2025-06-12 22:00:00+00:00,21.080000000000002,22.6,1.0
2025-06-12 23:00:00+00:00,20.46,21.880000000000003,1.0
2025-06-13 00:00:00+00:00,19.96,21.7,1.0
2025-06-13 01:00:00+00:00,19.64,21.16,2.0
2025-06-13 02:00:00+00:00,19.48,20.919999999999998,3.0
2025-06-13 03:00:00+00:00,19.22,20.5,0.0
2025-06-13 04:00:00+00:00,19.0,20.18,1.0
2025-06-13 05:00:00+00:00,18.919999999999998,20.139999999999997,1.0
2025-06-13 06:00:00+00:00,19.740000000000002,21.16,1.0
2025-06-13 07:00:00+00:00,21.3,23.04,2.0
2025-06-13 08:00:00+00:00,22.4,23.919999999999998,2.0
2025-06-13 09:00:00+00:00,23.32,24.96,2.0
2025-06-13 10:00:00+00:00,24.22,26.28,3.0
2025-06-13 11:00:00+00:00,25.2,27.72,2.0
2025-06-13 12:00:00+00:00,25.98,28.939999999999998,2.0
2025-06-13 13:00:00+00:00,26.839999999999996,30.160000000000004,3.0
2025-06-13 14:00:00+00:00,27.580000000000002,30.860000000000003,2.0
2025-06-13 15:00:00+00:00,27.76,30.580000000000002,3.0
2025-06-13 16:00:00+00:00,26.919999999999998,29.04,1.0
2025-06-13 17:00:00+00:00,26.74,28.660000000000004,2.0
2025-06-13 18:00:00+00:00,25.52,27.360000000000003,3.0
2025-06-13 19:00:00+00:00,23.78,25.560000000000002,3.0
2025-06-13 20:00:00+00:00,22.32,24.360000000000003,3.0
2025-06-13 21:00:00+00:00,21.1,23.080000000000002,3.0
2025-06-13 22:00:00+00:00,20.52,22.18,3.0
2025-06-13 23:00:00+00:00,20.080000000000002,21.96,3.0
2025-06-14 00:00:00+00:00,19.54,21.339999999999996,2.0
2025-06-14 01:00:00+00:00,19.32,21.16,1.0
2025-06-14 02:00:00+00:00,18.8,20.7,2.0
2025-06-14 03:00:00+00:00,18.68,20.4,3.0
2025-06-14 04:00:00+00:00,18.6,20.4,3.0
2025-06-14 05:00:00+00:00,18.7,20.580000000000002,3.0
2025-06-14 06:00:00+00:00,19.1,20.4,3.0
2025-06-14 07:00:00+00:00,19.64,20.759999999999998,3.0
2025-06-14 08:00:00+00:00,20.240000000000002,21.360000000000003,3.0
2025-06-14 09:00:00+00:00,20.84,21.86,3.0
2025-06-14 10:00:00+00:00,21.28,22.240000000000002,3.0
2025-06-14 11:00:00+00:00,21.54,22.4,3.0
2025-06-14 12:00:00+00:00,21.52,22.02,3.0
2025-06-14 13:00:00+00:00,22.0,22.42,3.0
2025-06-14 14:00:00+00:00,22.2,22.46,3.0
2025-06-14 15:00:00+00:00,22.16,22.3,3.0
2025-06-14 16:00:00+00:00,21.759999999999998,21.88,3.0
2025-06-14 17:00:00+00:00,21.240000000000002,21.2,3.0
2025-06-14 18:00:00+00:00,20.4,20.580000000000002,3.0
2025-06-14 19:00:00+00:00,19.8,19.919999999999998,3.0
2025-06-14 20:00:00+00:00,19.34,19.619999999999997,3.0
2025-06-14 21:00:00+00:00,18.919999999999998,19.28,3.0
2025-06-14 22:00:00+00:00,18.740000000000002,19.04,3.0
2025-06-14 23:00:00+00:00,18.580000000000002,18.58,3.0
2025-06-15 00:00:00+00:00,17.9,17.94,3.0
2025-06-15 01:00:00+00:00,17.740000000000002,18.0,3.0
2025-06-15 02:00:00+00:00,17.48,17.7,3.0
2025-06-15 03:00:00+00:00,17.2,17.18,3.0
2025-06-15 04:00:00+00:00,16.82,17.1,80.0
2025-06-15 05:00:00+00:00,16.68,17.0,3.0
2025-06-15 06:00:00+00:00,16.4,16.44,3.0
2025-06-15 07:00:00+00:00,16.68,16.56,3.0
2025-06-15 08:00:00+00:00,16.98,16.8,3.0
2025-06-15 09:00:00+00:00,17.82,17.740000000000002,3.0
2025-06-15 10:00:00+00:00,18.7,18.9,3.0
2025-06-15 11:00:00+00:00,19.7,20.06,2.0
2025-06-15 12:00:00+00:00,20.080000000000002,20.3,3.0
2025-06-15 13:00:00+00:00,20.3,20.18,3.0
2025-06-15 14:00:00+00:00,20.56,20.22,3.0
2025-06-15 15:00:00+00:00,20.72,20.06,3.0
2025-06-15 16:00:00+00:00,20.64,19.86,2.0
2025-06-15 17:00:00+00:00,20.48,19.66,3.0
2025-06-15 18:00:00+00:00,20.06,19.380000000000003,1.0
2025-06-15 19:00:00+00:00,19.380000000000003,18.98,1.0
2025-06-15 20:00:00+00:00,18.3,18.080000000000002,1.0
2025-06-15 21:00:00+00:00,17.52,17.46,3.0
2025-06-15 22:00:00+00:00,17.0,16.96,2.0
2025-06-15 23:00:00+00:00,16.6,16.56,1.0
2025-06-16 00:00:00+00:00,16.060000000000002,15.98,0.0
2025-06-16 01:00:00+00:00,15.7,15.48,0.0
2025-06-16 02:00:00+00:00,15.3,14.959999999999999,0.0
2025-06-16 03:00:00+00:00,15.0,14.64,0.0
2025-06-16 04:00:00+00:00,14.719999999999999,14.34,1.0
2025-06-16 05:00:00+00:00,14.7,14.36,0.0
2025-06-16 06:00:00+00:00,15.66,15.540000000000001,0.0
2025-06-16 07:00:00+00:00,17.72,17.48,0.0
2025-06-16 08:00:00+00:00,19.3,18.96,0.0
2025-06-16 09:00:00+00:00,20.9,20.86,0.0
2025-06-16 10:00:00+00:00,22.380000000000003,22.86,0.0
2025-06-16 11:00:00+00:00,23.6,24.36,0.0
2025-06-16 12:00:00+00:00,24.4,25.56,1.0
2025-06-16 13:00:00+00:00,25.02,26.26,0.0
2025-06-16 14:00:00+00:00,25.4,26.52,0.0
2025-06-16 15:00:00+00:00,25.52,26.1,0.0
2025-06-16 16:00:00+00:00,25.34,25.240000000000002,0.0
2025-06-16 17:00:00+00:00,24.880000000000003,24.48,0.0
2025-06-16 18:00:00+00:00,23.740000000000002,23.64,0.0
2025-06-16 19:00:00+00:00,22.46,23.18,0.0
2025-06-16 20:00:00+00:00,20.86,21.86,0.0
2025-06-16 21:00:00+00:00,19.880000000000003,20.82,0.0
2025-06-16 22:00:00+00:00,19.04,19.619999999999997,0.0
2025-06-16 23:00:00+00:00,18.34,18.78,0.0
2025-06-17 00:00:00+00:00,17.5,18.22,0.0
2025-06-17 01:00:00+00:00,17.0,17.46,0.0
2025-06-17 02:00:00+00:00,16.52,16.84,0.0
2025-06-17 03:00:00+00:00,16.14,16.419999999999998,0.0
2025-06-17 04:00:00+00:00,15.819999999999999,16.08,0.0
2025-06-17 05:00:00+00:00,15.76,16.02,0.0
2025-06-17 06:00:00+00:00,17.0,17.619999999999997,0.0
2025-06-17 07:00:00+00:00,19.28,20.14,0.0
2025-06-17 08:00:00+00:00,20.82,21.5,0.0
2025-06-17 09:00:00+00:00,22.06,23.32,0.0
2025-06-17 10:00:00+00:00,23.2,25.080000000000002,0.0
2025-06-17 11:00:00+00:00,24.18,26.360000000000003,0.0
2025-06-17 12:00:00+00:00,24.78,27.080000000000002,0.0
2025-06-17 13:00:00+00:00,25.419999999999998,27.82,0.0
2025-06-17 14:00:00+00:00,25.660000000000004,27.6,0.0
2025-06-17 15:00:00+00:00,25.56,26.9,0.0
2025-06-17 16:00:00+00:00,25.419999999999998,25.9,0.0
2025-06-17 17:00:00+00:00,25.060000000000002,25.22,0.0
2025-06-17 18:00:00+00:00,25.080000000000002,25.52,0.0
2025-06-17 19:00:00+00:00,23.7,24.9,0.0
2025-06-17 20:00:00+00:00,22.18,23.560000000000002,0.0
2025-06-17 21:00:00+00:00,20.98,22.18,0.0
2025-06-17 22:00:00+00:00,19.9,20.880000000000003,0.0
2025-06-17 23:00:00+00:00,19.18,19.94,0.0
2025-06-18 00:00:00+00:00,18.8,19.54,0.0
2025-06-18 01:00:00+00:00,18.439999999999998,19.080000000000002,0.0
2025-06-18 02:00:00+00:00,18.06,18.54,0.0
2025-06-18 03:00:00+00:00,17.6,18.02,0.0
2025-06-18 04:00:00+00:00,17.1,17.4,0.0
2025-06-18 05:00:00+00:00,16.88,17.06,0.0
2025-06-18 06:00:00+00:00,18.22,18.74,0.0
2025-06-18 07:00:00+00:00,20.619999999999997,21.2,0.0
2025-06-18 08:00:00+00:00,22.16,22.64,0.0
2025-06-18 09:00:00+00:00,23.72,24.96,0.0
2025-06-18 10:00:00+00:00,25.1,26.939999999999998,0.0
2025-06-18 11:00:00+00:00,26.22,28.22,0.0
2025-06-18 12:00:00+00:00,28.139999999999997,30.18,0.0
2025-06-18 13:00:00+00:00,28.74,30.74,0.0
2025-06-18 14:00:00+00:00,29.139999999999997,30.72,0.0
2025-06-18 15:00:00+00:00,29.24,30.26,0.0
2025-06-18 16:00:00+00:00,29.1,29.3,0.0
2025-06-18 17:00:00+00:00,28.660000000000004,28.22,0.0
2025-06-18 18:00:00+00:00,28.0,27.660000000000004,0.0
2025-06-18 19:00:00+00:00,26.52,27.0,0.0
2025-06-18 20:00:00+00:00,24.72,25.240000000000002,0.0
2025-06-18 21:00:00+00:00,23.3,23.94,0.0
2025-06-18 22:00:00+00:00,22.259999999999998,22.98,0.0
2025-06-18 23:00:00+00:00,21.240000000000002,21.78,0.0
2025-06-19 00:00:00+00:00,20.439999999999998,21.22,0.0
2025-06-19 01:00:00+00:00,20.06,20.82,0.0
2025-06-19 02:00:00+00:00,19.64,20.259999999999998,0.0
2025-06-19 03:00:00+00:00,19.32,19.8,0.0
2025-06-19 04:00:00+00:00,18.8,19.34,0.0
2025-06-19 05:00:00+00:00,18.6,19.12,0.0
2025-06-19 06:00:00+00:00,19.98,20.58,0.0
2025-06-19 07:00:00+00:00,22.4,23.580000000000002,0.0
2025-06-19 08:00:00+00:00,24.4,25.72,0.0
2025-06-19 09:00:00+00:00,25.860000000000003,27.76,0.0
2025-06-19 10:00:00+00:00,27.360000000000003,29.880000000000003,0.0
2025-06-19 11:00:00+00:00,28.54,31.54,0.0
2025-06-19 12:00:00+00:00,29.380000000000003,32.660000000000004,0.0
2025-06-19 13:00:00+00:00,29.939999999999998,33.04,0.0
2025-06-19 14:00:00+00:00,30.26,33.1,0.0
2025-06-19 15:00:00+00:00,30.02,31.919999999999998,0.0
2025-06-19 16:00:00+00:00,29.459999999999997,30.26,0.0
2025-06-19 17:00:00+00:00,28.54,28.68,0.0
2025-06-19 18:00:00+00:00,27.98,28.28,3.0
2025-06-19 19:00:00+00:00,26.26,27.080000000000002,0.0
2025-06-19 20:00:00+00:00,24.240000000000002,25.44,3.0
2025-06-19 21:00:00+00:00,22.96,24.360000000000003,3.0
2025-06-19 22:00:00+00:00,22.139999999999997,23.740000000000002,3.0
2025-06-19 23:00:00+00:00,21.68,23.32,3.0
2025-06-20 00:00:00+00:00,20.96,22.64,3.0
2025-06-20 01:00:00+00:00,20.52,22.2,3.0
2025-06-20 02:00:00+00:00,20.060000000000002,21.46,3.0
2025-06-20 03:00:00+00:00,19.56,20.86,2.0
2025-06-20 04:00:00+00:00,19.139999999999997,20.259999999999998,1.0
2025-06-20 05:00:00+00:00,19.04,20.32,0.0
2025-06-20 06:00:00+00:00,20.44,22.22,0.0
2025-06-20 07:00:00+00:00,22.98,25.240000000000002,0.0
2025-06-20 08:00:00+00:00,25.06,27.46,0.0
2025-06-20 09:00:00+00:00,26.639999999999997,29.68,0.0
2025-06-20 10:00:00+00:00,28.1,31.919999999999998,0.0
2025-06-20 11:00:00+00:00,29.340000000000003,33.58,0.0
2025-06-20 12:00:00+00:00,30.020000000000003,33.660000000000004,0.0
2025-06-20 13:00:00+00:00,30.439999999999998,33.760000000000005,0.0
2025-06-20 14:00:00+00:00,30.82,33.660000000000004,0.0
2025-06-20 15:00:00+00:00,31.02,33.14,0.0
2025-06-20 16:00:00+00:00,30.620000000000005,31.9,0.0
2025-06-20 17:00:00+00:00,30.119999999999997,30.8,0.0
2025-06-20 18:00:00+00:00,29.54,30.220000000000006,0.0
2025-06-20 19:00:00+00:00,27.8,29.0,0.0
2025-06-20 20:00:00+00:00,25.3,26.54,0.0
2025-06-20 21:00:00+00:00,23.98,25.18,0.0
2025-06-20 22:00:00+00:00,23.2,24.479999999999997,0.0
2025-06-20 23:00:00+00:00,22.44,23.860000000000003,0.0
2025-06-21 00:00:00+00:00,22.32,23.68,0.0
2025-06-21 01:00:00+00:00,21.82,23.119999999999997,0.0
2025-06-21 02:00:00+00:00,21.32,22.64,0.0
2025-06-21 03:00:00+00:00,20.68,21.380000000000003,0.0
2025-06-21 04:00:00+00:00,20.259999999999998,20.84,0.0
2025-06-21 05:00:00+00:00,20.14,20.68,0.0
2025-06-21 06:00:00+00:00,21.619999999999997,22.6,0.0
2025-06-21 07:00:00+00:00,24.2,25.619999999999997,0.0
2025-06-21 08:00:00+00:00,26.4,27.54,0.0
2025-06-21 09:00:00+00:00,27.580000000000002,28.98,0.0
2025-06-21 10:00:00+00:00,28.54,30.619999999999997,3.0
2025-06-21 11:00:00+00:00,28.360000000000003,30.72,3.0
2025-06-21 12:00:00+00:00,27.839999999999996,30.02,1.0
2025-06-21 13:00:00+00:00,27.76,29.939999999999998,2.0
2025-06-21 14:00:00+00:00,27.6,29.52,3.0
2025-06-21 15:00:00+00:00,27.2,28.580000000000002,3.0
2025-06-21 16:00:00+00:00,26.7,27.3,3.0
2025-06-21 17:00:00+00:00,25.82,26.0,3.0
2025-06-21 18:00:00+00:00,25.16,25.6,3.0
2025-06-21 19:00:00+00:00,23.659999999999997,24.26,3.0
2025-06-21 20:00:00+00:00,22.0,22.880000000000003,3.0
2025-06-21 21:00:00+00:00,21.419999999999998,22.38,3.0
2025-06-21 22:00:00+00:00,20.740000000000002,21.9,3.0
2025-06-21 23:00:00+00:00,20.3,21.46,3.0
2025-06-22 00:00:00+00:00,20.0,21.22,3.0
2025-06-22 01:00:00+00:00,19.64,21.020000000000003,3.0
2025-06-22 02:00:00+00:00,19.3,20.78,3.0
2025-06-22 03:00:00+00:00,19.0,20.56,3.0
2025-06-22 04:00:00+00:00,18.9,20.48,3.0
2025-06-22 05:00:00+00:00,19.06,20.72,3.0
2025-06-22 06:00:00+00:00,19.8,21.52,3.0
2025-06-22 07:00:00+00:00,20.4,22.0,3.0
2025-06-22 08:00:00+00:00,21.119999999999997,22.72,3.0
2025-06-22 09:00:00+00:00,22.06,23.740000000000002,3.0
2025-06-22 10:00:00+00:00,22.8,24.54,3.0
2025-06-22 11:00:00+00:00,23.6,25.56,3.0
2025-06-22 12:00:00+00:00,25.04,27.839999999999996,2.0
2025-06-22 13:00:00+00:00,25.68,28.580000000000002,3.0
2025-06-22 14:00:00+00:00,26.24,29.04,3.0
2025-06-22 15:00:00+00:00,26.4,28.639999999999997,3.0
2025-06-22 16:00:00+00:00,26.060000000000002,27.46,3.0
2025-06-22 17:00:00+00:00,25.36,26.4,3.0
2025-06-22 18:00:00+00:00,24.9,26.160000000000004,3.0
2025-06-22 19:00:00+00:00,23.759999999999998,25.04,3.0
2025-06-22 20:00:00+00:00,22.4,23.919999999999998,3.0
2025-06-22 21:00:00+00:00,21.4,22.619999999999997,3.0
2025-06-22 22:00:00+00:00,20.56,21.86,1.0
2025-06-22 23:00:00+00:00,19.919999999999998,21.080000000000002,1.0
2025-06-23 00:00:00+00:00,19.5,20.6,2.0
2025-06-23 01:00:00+00:00,19.2,20.4,3.0
2025-06-23 02:00:00+00:00,18.979999999999997,20.240000000000002,3.0
2025-06-23 03:00:00+00:00,18.86,20.259999999999998,2.0
2025-06-23 04:00:00+00:00,18.78,20.240000000000002,2.0
2025-06-23 05:00:00+00:00,18.78,20.36,3.0
2025-06-23 06:00:00+00:00,19.74,21.119999999999997,2.0
2025-06-23 07:00:00+00:00,20.42,21.64,2.0
2025-06-23 08:00:00+00:00,21.16,22.259999999999998,2.0
2025-06-23 09:00:00+00:00,22.04,23.14,2.0
2025-06-23 10:00:00+00:00,23.0,24.3,2.0
2025-06-23 11:00:00+00:00,23.82,25.580000000000002,1.0
2025-06-23 12:00:00+00:00,24.580000000000002,26.639999999999997,1.0
2025-06-23 13:00:00+00:00,25.14,27.32,1.0
2025-06-23 14:00:00+00:00,25.56,27.4,1.0
2025-06-23 15:00:00+00:00,25.839999999999996,27.139999999999997,0.0
2025-06-23 16:00:00+00:00,25.74,26.52,0.0
2025-06-23 17:00:00+00:00,25.34,25.76,1.0
2025-06-23 18:00:00+00:00,24.66,25.14,0.0
2025-06-23 19:00:00+00:00,23.56,24.419999999999998,0.0
2025-06-23 20:00:00+00:00,22.18,23.48,0.0
2025-06-23 21:00:00+00:00,21.119999999999997,22.5,0.0
2025-06-23 22:00:00+00:00,20.119999999999997,21.46,0.0
2025-06-23 23:00:00+00:00,19.5,21.119999999999997,0.0
2025-06-24 00:00:00+00:00,19.14,20.82,0.0
2025-06-24 01:00:00+00:00,18.78,20.32,0.0
2025-06-24 02:00:00+00:00,18.380000000000003,19.78,1.0
2025-06-24 03:00:00+00:00,17.9,19.18,1.0
2025-06-24 04:00:00+00:00,17.48,18.740000000000002,0.0
2025-06-24 05:00:00+00:00,17.44,18.72,3.0
2025-06-24 06:00:00+00:00,18.880000000000003,20.32,0.0
2025-06-24 07:00:00+00:00,20.98,22.619999999999997,1.0
2025-06-24 08:00:00+00:00,22.5,24.16,2.0
2025-06-24 09:00:00+00:00,24.04,26.32,3.0
2025-06-24 10:00:00+00:00,25.76,28.52,1.0
2025-06-24 11:00:00+00:00,27.080000000000002,30.139999999999997,3.0
2025-06-24 12:00:00+00:00,27.7,31.04,3.0
2025-06-24 13:00:00+00:00,28.419999999999998,32.28,3.0
2025-06-24 14:00:00+00:00,28.96,31.96,3.0
2025-06-24 15:00:00+00:00,29.3,32.0,3.0
2025-06-24 16:00:00+00:00,29.22,30.9,3.0
2025-06-24 17:00:00+00:00,29.060000000000002,30.639999999999997,3.0
2025-06-24 18:00:00+00:00,27.939999999999998,29.920000000000005,3.0
2025-06-24 19:00:00+00:00,26.74,29.04,3.0
2025-06-24 20:00:00+00:00,24.919999999999998,27.419999999999998,3.0
2025-06-24 21:00:00+00:00,23.48,25.259999999999998,3.0
2025-06-24 22:00:00+00:00,22.4,24.72,3.0
2025-06-24 23:00:00+00:00,21.880000000000003,24.04,3.0
2025-06-25 00:00:00+00:00,21.4,24.36,3.0
2025-06-25 01:00:00+00:00,21.04,23.3,3.0
2025-06-25 02:00:00+00:00,20.86,22.1,3.0
2025-06-25 03:00:00+00:00,20.66,21.759999999999998,3.0
2025-06-25 04:00:00+00:00,20.2,21.46,3.0
2025-06-25 05:00:00+00:00,20.259999999999998,21.56,3.0
2025-06-25 06:00:00+00:00,20.78,21.28,3.0
2025-06-25 07:00:00+00:00,21.64,22.84,3.0
2025-06-25 08:00:00+00:00,22.580000000000002,23.66,3.0
2025-06-25 09:00:00+00:00,23.94,25.5,2.0
2025-06-25 10:00:00+00:00,25.06,27.580000000000002,2.0
2025-06-25 11:00:00+00:00,26.26,29.439999999999998,2.0
2025-06-25 12:00:00+00:00,28.22,31.380000000000003,2.0
2025-06-25 13:00:00+00:00,27.78,29.660000000000004,1.0
2025-06-25 14:00:00+00:00,27.7,28.619999999999997,2.0
2025-06-25 15:00:00+00:00,25.419999999999998,25.52,3.0
2025-06-25 16:00:00+00:00,25.16,25.06,1.0
2025-06-25 17:00:00+00:00,24.14,24.14,2.0
2025-06-25 18:00:00+00:00,23.44,23.4,1.0
2025-06-25 19:00:00+00:00,22.48,23.119999999999997,3.0
2025-06-25 20:00:00+00:00,21.759999999999998,22.380000000000003,3.0
2025-06-25 21:00:00+00:00,21.14,21.46,2.0
2025-06-25 22:00:00+00:00,20.34,20.36,3.0
2025-06-25 23:00:00+00:00,19.7,19.72,3.0
2025-06-26 00:00:00+00:00,19.619999999999997,20.6,2.0
2025-06-26 01:00:00+00:00,19.22,20.34,1.0
2025-06-26 02:00:00+00:00,19.02,20.14,2.0
2025-06-26 03:00:00+00:00,19.06,19.86,2.0
2025-06-26 04:00:00+00:00,19.020000000000003,19.4,3.0
2025-06-26 05:00:00+00:00,19.16,19.740000000000002,2.0
2025-06-26 06:00:00+00:00,19.580000000000002,20.02,2.0
2025-06-26 07:00:00+00:00,20.4,20.7,2.0
2025-06-26 08:00:00+00:00,21.2,21.22,2.0
2025-06-26 09:00:00+00:00,21.66,21.54,2.0
2025-06-26 10:00:00+00:00,22.119999999999997,22.119999999999997,2.0
2025-06-26 11:00:00+00:00,22.66,22.72,3.0
2025-06-26 12:00:00+00:00,23.5,23.8,2.0
2025-06-26 13:00:00+00:00,23.84,24.36,2.0
2025-06-26 14:00:00+00:00,24.04,24.46,3.0
2025-06-26 15:00:00+00:00,23.9,23.98,3.0
2025-06-26 16:00:00+00:00,23.619999999999997,23.740000000000002,2.0
2025-06-26 17:00:00+00:00,23.380000000000003,23.6,2.0
2025-06-26 18:00:00+00:00,23.060000000000002,23.5,3.0
2025-06-26 19:00:00+00:00,22.2,23.119999999999997,1.0
2025-06-26 20:00:00+00:00,21.1,22.52,2.0
2025-06-26 21:00:00+00:00,20.32,22.02,2.0
2025-06-26 22:00:00+00:00,19.759999999999998,21.7,1.0
2025-06-26 23:00:00+00:00,19.28,21.360000000000003,1.0
2025-06-27 00:00:00+00:00,19.1,21.0,2.0
2025-06-27 01:00:00+00:00,18.740000000000002,20.580000000000002,2.0
2025-06-27 02:00:00+00:00,18.32,20.16,2.0
2025-06-27 03:00:00+00:00,18.04,19.8,3.0
2025-06-27 04:00:00+00:00,18.06,19.84,2.0
2025-06-27 05:00:00+00:00,18.259999999999998,20.04,2.0
2025-06-27 06:00:00+00:00,18.98,21.26,45.0
2025-06-27 07:00:00+00:00,20.28,22.52,2.0
2025-06-27 08:00:00+00:00,21.3,23.259999999999998,2.0
2025-06-27 09:00:00+00:00,22.380000000000003,24.259999999999998,2.0
2025-06-27 10:00:00+00:00,23.48,25.619999999999997,2.0
2025-06-27 11:00:00+00:00,24.48,26.939999999999998,1.0
2025-06-27 12:00:00+00:00,25.1,28.02,1.0
2025-06-27 13:00:00+00:00,25.7,28.72,0.0
2025-06-27 14:00:00+00:00,26.0,28.639999999999997,1.0
2025-06-27 15:00:00+00:00,26.04,27.96,1.0
2025-06-27 16:00:00+00:00,25.919999999999998,27.080000000000002,0.0
2025-06-27 17:00:00+00:00,25.48,26.380000000000003,1.0
2025-06-27 18:00:00+00:00,25.22,26.28,0.0
2025-06-27 19:00:00+00:00,24.139999999999997,25.639999999999997,0.0
2025-06-27 20:00:00+00:00,22.48,24.28,0.0
2025-06-27 21:00:00+00:00,21.279999999999998,23.06,0.0
2025-06-27 22:00:00+00:00,20.419999999999998,22.259999999999998,0.0
2025-06-27 23:00:00+00:00,19.919999999999998,21.880000000000003,0.0
2025-06-28 00:00:00+00:00,19.419999999999998,21.52,0.0
2025-06-28 01:00:00+00:00,19.04,21.06,0.0
2025-06-28 02:00:00+00:00,18.740000000000002,20.7,1.0
2025-06-28 03:00:00+00:00,18.48,20.34,0.0
2025-06-28 04:00:00+00:00,18.259999999999998,20.119999999999997,0.0
2025-06-28 05:00:00+00:00,18.24,20.14,0.0
2025-06-28 06:00:00+00:00,19.5,21.7,0.0
2025-06-28 07:00:00+00:00,21.56,23.880000000000003,0.0
2025-06-28 08:00:00+00:00,23.1,25.46,0.0
2025-06-28 09:00:00+00:00,24.56,27.24,0.0
2025-06-28 10:00:00+00:00,25.9,29.28,0.0
2025-06-28 11:00:00+00:00,26.9,30.6,0.0
2025-06-28 12:00:00+00:00,27.68,31.7,0.0
2025-06-28 13:00:00+00:00,28.24,31.919999999999998,0.0
2025-06-28 14:00:00+00:00,28.580000000000002,31.82,0.0
2025-06-28 15:00:00+00:00,28.839999999999996,31.439999999999998,0.0
2025-06-28 16:00:00+00:00,28.78,30.54,0.0
2025-06-28 17:00:00+00:00,28.46,29.839999999999996,0.0
2025-06-28 18:00:00+00:00,27.96,29.339999999999996,0.0
2025-06-28 19:00:00+00:00,26.7,28.72,0.0
2025-06-28 20:00:00+00:00,25.16,27.52,0.0
2025-06-28 21:00:00+00:00,24.02,26.24,0.0
2025-06-28 22:00:00+00:00,23.080000000000002,25.32,0.0
2025-06-28 23:00:00+00:00,22.4,24.78,0.0
2025-06-29 00:00:00+00:00,21.56,23.759999999999998,0.0
2025-06-29 01:00:00+00:00,21.14,23.34,0.0
2025-06-29 02:00:00+00:00,20.78,23.04,0.0
2025-06-29 03:00:00+00:00,20.48,22.68,0.0
2025-06-29 04:00:00+00:00,20.16,22.22,0.0
2025-06-29 05:00:00+00:00,20.080000000000002,22.04,0.0
2025-06-29 06:00:00+00:00,21.44,23.74,0.0
2025-06-29 07:00:00+00:00,24.02,26.72,0.0
2025-06-29 08:00:00+00:00,25.6,28.04,0.0
2025-06-29 09:00:00+00:00,26.98,29.860000000000003,0.0
2025-06-29 10:00:00+00:00,28.2,31.72,0.0
2025-06-29 11:00:00+00:00,29.28,33.06,0.0
2025-06-29 12:00:00+00:00,30.02,34.0,1.0
2025-06-29 13:00:00+00:00,30.54,34.44,1.0
2025-06-29 14:00:00+00:00,30.9,34.36,0.0
2025-06-29 15:00:00+00:00,30.920000000000005,33.68,0.0
2025-06-29 16:00:00+00:00,30.720000000000006,32.72,1.0
2025-06-29 17:00:00+00:00,30.339999999999996,31.98,1.0
2025-06-29 18:00:00+00:00,30.2,31.660000000000004,0.0
2025-06-29 19:00:00+00:00,28.68,30.860000000000003,0.0
2025-06-29 20:00:00+00:00,26.939999999999998,29.380000000000003,0.0
2025-06-29 21:00:00+00:00,25.56,27.98,0.0
2025-06-29 22:00:00+00:00,24.68,27.080000000000002,0.0
2025-06-29 23:00:00+00:00,24.04,26.339999999999996,0.0
2025-06-30 00:00:00+00:00,23.380000000000003,25.660000000000004,0.0
2025-06-30 01:00:00+00:00,22.96,25.16,0.0
2025-06-30 02:00:00+00:00,22.52,24.46,0.0
2025-06-30 03:00:00+00:00,22.1,23.880000000000003,0.0
2025-06-30 04:00:00+00:00,21.64,23.3,0.0
2025-06-30 05:00:00+00:00,21.34,22.919999999999998,0.0
2025-06-30 06:00:00+00:00,22.259999999999998,24.28,0.0
2025-06-30 07:00:00+00:00,24.86,27.580000000000002,0.0
2025-06-30 08:00:00+00:00,27.119999999999997,29.639999999999997,0.0
2025-06-30 09:00:00+00:00,28.660000000000004,31.8,0.0
2025-06-30 10:00:00+00:00,30.1,33.78,0.0
2025-06-30 11:00:00+00:00,31.179999999999996,35.2,0.0
2025-06-30 12:00:00+00:00,31.920000000000005,35.96,0.0
2025-06-30 13:00:00+00:00,32.5,35.96,0.0
2025-06-30 14:00:00+00:00,32.88,35.56,0.0
2025-06-30 15:00:00+00:00,32.82,34.620000000000005,0.0
2025-06-30 16:00:00+00:00,32.36,33.4,0.0
2025-06-30 17:00:00+00:00,31.74,32.14,0.0
2025-06-30 18:00:00+00:00,30.76,31.52,0.0
2025-06-30 19:00:00+00:00,29.020000000000003,30.7,0.0
2025-06-30 20:00:00+00:00,26.560000000000002,28.32,0.0
2025-06-30 21:00:00+00:00,24.98,26.72,0.0
2025-06-30 22:00:00+00:00,24.3,26.160000000000004,0.0
2025-06-30 23:00:00+00:00,23.5,25.36,0.0
2025-07-01 00:00:00+00:00,22.22,24.1,0.0
2025-07-01 01:00:00+00:00,21.64,23.52,0.0
2025-07-01 02:00:00+00:00,21.18,23.119999999999997,0.0
2025-07-01 03:00:00+00:00,20.66,22.619999999999997,0.0
2025-07-01 04:00:00+00:00,20.2,22.22,0.0
2025-07-01 05:00:00+00:00,20.16,22.28,0.0
2025-07-01 06:00:00+00:00,21.6,23.919999999999998,0.0
2025-07-01 07:00:00+00:00,24.22,27.1,0.0
2025-07-01 08:00:00+00:00,26.660000000000004,29.28,0.0
2025-07-01 09:00:00+00:00,28.619999999999997,31.6,0.0
2025-07-01 10:00:00+00:00,30.380000000000003,34.04,0.0
2025-07-01 11:00:00+00:00,31.7,35.88,0.0
2025-07-01 12:00:00+00:00,32.279999999999994,35.86,0.0
2025-07-01 13:00:00+00:00,33.160000000000004,35.78,0.0
2025-07-01 14:00:00+00:00,33.480000000000004,35.6,1.0
2025-07-01 15:00:00+00:00,33.519999999999996,34.9,1.0
2025-07-01 16:00:00+00:00,32.92,33.46,0.0
2025-07-01 17:00:00+00:00,32.36,32.58,1.0
2025-07-01 18:00:00+00:00,29.860000000000003,30.920000000000005,0.0
2025-07-01 19:00:00+00:00,28.080000000000002,30.1,0.0
2025-07-01 20:00:00+00:00,25.78,27.8,0.0
2025-07-01 21:00:00+00:00,23.94,25.76,0.0
2025-07-01 22:00:00+00:00,22.639999999999997,24.46,1.0
2025-07-01 23:00:00+00:00,21.759999999999998,23.66,0.0
2025-07-02 00:00:00+00:00,21.240000000000002,23.04,2.0
2025-07-02 01:00:00+00:00,21.02,22.880000000000003,2.0
2025-07-02 02:00:00+00:00,20.560000000000002,22.580000000000002,2.0
2025-07-02 03:00:00+00:00,20.380000000000003,22.6,1.0
2025-07-02 04:00:00+00:00,20.259999999999998,22.56,0.0
2025-07-02 05:00:00+00:00,20.220000000000002,22.34,3.0
2025-07-02 06:00:00+00:00,21.619999999999997,23.8,2.0
2025-07-02 07:00:00+00:00,23.3,25.259999999999998,2.0
2025-07-02 08:00:00+00:00,24.619999999999997,25.82,2.0
2025-07-02 09:00:00+00:00,25.18,26.580000000000002,2.0
2025-07-02 10:00:00+00:00,25.860000000000003,27.5,2.0
2025-07-02 11:00:00+00:00,26.5,28.54,3.0
2025-07-02 12:00:00+00:00,26.639999999999997,28.04,3.0
2025-07-02 13:00:00+00:00,26.8,28.24,3.0
2025-07-02 14:00:00+00:00,27.080000000000002,28.660000000000004,2.0
2025-07-02 15:00:00+00:00,26.8,28.18,3.0
2025-07-02 16:00:00+00:00,26.22,27.28,2.0
2025-07-02 17:00:00+00:00,26.28,27.24,2.0
2025-07-02 18:00:00+00:00,24.4,24.72,2.0
2025-07-02 19:00:00+00:00,23.52,24.2,3.0
2025-07-02 20:00:00+00:00,22.68,23.32,3.0
2025-07-02 21:00:00+00:00,21.78,22.64,1.0
2025-07-02 22:00:00+00:00,21.16,22.04,2.0
2025-07-02 23:00:00+00:00,20.759999999999998,21.619999999999997,3.0
2025-07-03 00:00:00+00:00,20.84,22.080000000000002,3.0
2025-07-03 01:00:00+00:00,20.6,21.52,2.0
2025-07-03 02:00:00+00:00,20.3,21.06,2.0
2025-07-03 03:00:00+00:00,20.04,20.82,2.0
2025-07-03 04:00:00+00:00,19.86,20.78,3.0
2025-07-03 05:00:00+00:00,19.82,20.84,2.0
2025-07-03 06:00:00+00:00,19.7,20.16,2.0
2025-07-03 07:00:00+00:00,20.5,21.0,2.0
2025-07-03 08:00:00+00:00,21.48,22.119999999999997,2.0
2025-07-03 09:00:00+00:00,22.66,23.46,1.0
2025-07-03 10:00:00+00:00,23.94,25.580000000000002,1.0
2025-07-03 11:00:00+00:00,24.98,27.060000000000002,0.0
2025-07-03 12:00:00+00:00,25.619999999999997,27.559999999999995,1.0
2025-07-03 13:00:00+00:00,26.619999999999997,28.360000000000003,1.0
2025-07-03 14:00:00+00:00,27.3,28.76,0.0
2025-07-03 15:00:00+00:00,27.68,28.98,0.0
2025-07-03 16:00:00+00:00,27.7,28.380000000000003,1.0
2025-07-03 17:00:00+00:00,27.52,27.9,2.0
2025-07-03 18:00:00+00:00,27.1,27.6,0.0
2025-07-03 19:00:00+00:00,26.18,26.839999999999996,0.0
2025-07-03 20:00:00+00:00,24.740000000000002,25.74,0.0
2025-07-03 21:00:00+00:00,23.78,24.4,3.0
2025-07-03 22:00:00+00:00,22.78,23.36,3.0
2025-07-03 23:00:00+00:00,22.2,22.580000000000002,3.0
2025-07-04 00:00:00+00:00,21.419999999999998,21.419999999999998,3.0
2025-07-04 01:00:00+00:00,20.919999999999998,20.619999999999997,2.0
2025-07-04 02:00:00+00:00,20.419999999999998,20.06,3.0
2025-07-04 03:00:00+00:00,20.119999999999997,19.68,3.0
2025-07-04 04:00:00+00:00,19.66,19.32,1.0
2025-07-04 05:00:00+00:00,19.42,19.06,1.0
2025-07-04 06:00:00+00:00,19.5,19.06,3.0
2025-07-04 07:00:00+00:00,20.68,20.06,1.0
2025-07-04 08:00:00+00:00,22.02,21.5,3.0
2025-07-04 09:00:00+00:00,23.56,23.580000000000002,1.0
2025-07-04 10:00:00+00:00,24.96,25.82,2.0
2025-07-04 11:00:00+00:00,26.3,27.520000000000003,3.0
2025-07-04 12:00:00+00:00,27.52,29.439999999999998,3.0
2025-07-04 13:00:00+00:00,28.24,30.18,3.0
2025-07-04 14:00:00+00:00,28.68,30.080000000000002,3.0
2025-07-04 15:00:00+00:00,28.32,29.24,0.0
2025-07-04 16:00:00+00:00,28.18,28.839999999999996,0.0
2025-07-04 17:00:00+00:00,27.78,28.54,1.0
2025-07-04 18:00:00+00:00,27.2,28.24,0.0
2025-07-04 19:00:00+00:00,26.02,27.419999999999998,1.0
2025-07-04 20:00:00+00:00,24.5,26.1,3.0
2025-07-04 21:00:00+00:00,23.44,24.84,1.0
2025-07-04 22:00:00+00:00,22.6,23.860000000000003,3.0
2025-07-04 23:00:00+00:00,21.88,23.14,0.0
2025-07-05 00:00:00+00:00,20.96,22.14,0.0
2025-07-05 01:00:00+00:00,20.54,21.76,0.0
2025-07-05 02:00:00+00:00,20.080000000000002,21.080000000000002,0.0
2025-07-05 03:00:00+00:00,19.639999999999997,20.54,0.0
2025-07-05 04:00:00+00:00,19.28,20.080000000000002,0.0
2025-07-05 05:00:00+00:00,19.0,19.759999999999998,0.0
2025-07-05 06:00:00+00:00,19.94,21.06,0.0
2025-07-05 07:00:00+00:00,21.66,22.72,1.0
2025-07-05 08:00:00+00:00,22.82,23.759999999999998,1.0
2025-07-05 09:00:00+00:00,22.94,24.240000000000002,1.0
2025-07-05 10:00:00+00:00,24.14,25.9,0.0
2025-07-05 11:00:00+00:00,25.22,27.119999999999997,1.0
2025-07-05 12:00:00+00:00,26.18,28.18,1.0
2025-07-05 13:00:00+00:00,26.580000000000002,28.419999999999998,1.0
2025-07-05 14:00:00+00:00,26.839999999999996,28.22,0.0
2025-07-05 15:00:00+00:00,26.839999999999996,27.7,0.0
2025-07-05 16:00:00+00:00,26.46,26.52,0.0
2025-07-05 17:00:00+00:00,25.9,25.5,0.0
2025-07-05 18:00:00+00:00,25.28,24.979999999999997,0.0
2025-07-05 19:00:00+00:00,23.98,23.82,1.0
2025-07-05 20:00:00+00:00,22.4,22.48,2.0
2025-07-05 21:00:00+00:00,21.240000000000002,21.380000000000003,2.0
2025-07-05 22:00:00+00:00,20.8,20.880000000000003,2.0
2025-07-05 23:00:00+00:00,20.56,20.6,3.0
2025-07-06 00:00:00+00:00,20.2,20.080000000000002,3.0
2025-07-06 01:00:00+00:00,20.02,19.78,3.0
2025-07-06 02:00:00+00:00,19.740000000000002,19.619999999999997,3.0
2025-07-06 03:00:00+00:00,19.44,19.22,3.0
2025-07-06 04:00:00+00:00,19.2,18.84,3.0
2025-07-06 05:00:00+00:00,18.98,18.740000000000002,3.0
2025-07-06 06:00:00+00:00,18.86,19.080000000000002,61.0
2025-07-06 07:00:00+00:00,19.04,18.8,3.0
2025-07-06 08:00:00+00:00,19.1,18.94,3.0
2025-07-06 09:00:00+00:00,19.46,19.28,3.0
2025-07-06 10:00:00+00:00,20.08,19.619999999999997,3.0
2025-07-06 11:00:00+00:00,20.240000000000002,19.72,3.0
2025-07-06 12:00:00+00:00,20.66,20.080000000000002,2.0
2025-07-06 13:00:00+00:00,20.96,20.4,3.0
2025-07-06 14:00:00+00:00,21.0,20.22,3.0
2025-07-06 15:00:00+00:00,21.46,20.759999999999998,3.0
2025-07-06 16:00:00+00:00,21.9,20.880000000000003,2.0
2025-07-06 17:00:00+00:00,21.740000000000002,20.56,2.0
2025-07-06 18:00:00+00:00,21.240000000000002,20.080000000000002,2.0
2025-07-06 19:00:00+00:00,20.68,19.86,2.0
2025-07-06 20:00:00+00:00,19.98,19.4,2.0
2025-07-06 21:00:00+00:00,19.44,19.1,2.0
2025-07-06 22:00:00+00:00,18.98,18.759999999999998,3.0
2025-07-06 23:00:00+00:00,18.580000000000002,18.32,3.0
2025-07-07 00:00:00+00:00,18.560000000000002,18.240000000000002,2.0
2025-07-07 01:00:00+00:00,18.3,17.86,3.0
2025-07-07 02:00:00+00:00,18.0,17.56,2.0
2025-07-07 03:00:00+00:00,17.66,17.22,2.0
2025-07-07 04:00:00+00:00,17.32,16.9,3.0
2025-07-07 05:00:00+00:00,17.56,17.06,2.0
2025-07-07 06:00:00+00:00,18.06,17.32,3.0
2025-07-07 07:00:00+00:00,18.46,17.22,2.0
2025-07-07 08:00:00+00:00,18.64,16.96,2.0
2025-07-07 09:00:00+00:00,19.28,17.44,2.0
2025-07-07 10:00:00+00:00,19.96,17.7,2.0
2025-07-07 11:00:00+00:00,20.479999999999997,18.1,2.0
2025-07-07 12:00:00+00:00,20.68,18.48,2.0
2025-07-07 13:00:00+00:00,20.82,18.759999999999998,3.0
2025-07-07 14:00:00+00:00,20.52,18.259999999999998,2.0
2025-07-07 15:00:00+00:00,20.740000000000002,18.14,2.0
2025-07-07 16:00:00+00:00,20.68,17.9,1.0
2025-07-07 17:00:00+00:00,20.52,17.68,2.0
2025-07-07 18:00:00+00:00,20.0,17.7,0.0
2025-07-07 19:00:00+00:00,19.560000000000002,18.0,2.0
2025-07-07 20:00:00+00:00,18.78,17.6,0.0
2025-07-07 21:00:00+00:00,18.04,16.96,0.0
2025-07-07 22:00:00+00:00,17.36,16.84,0.0
2025-07-07 23:00:00+00:00,16.84,16.5,0.0
2025-07-08 00:00:00+00:00,16.46,16.119999999999997,0.0
2025-07-08 01:00:00+00:00,15.940000000000001,15.559999999999999,0.0
2025-07-08 02:00:00+00:00,15.459999999999999,15.180000000000001,0.0
2025-07-08 03:00:00+00:00,14.9,14.66,1.0
2025-07-08 04:00:00+00:00,14.459999999999999,14.219999999999999,0.0
2025-07-08 05:00:00+00:00,14.3,13.959999999999999,0.0
2025-07-08 06:00:00+00:00,15.319999999999999,15.180000000000001,0.0
2025-07-08 07:00:00+00:00,17.16,17.1,0.0
2025-07-08 08:00:00+00:00,18.360000000000003,18.1,0.0
2025-07-08 09:00:00+00:00,19.44,18.96,1.0
2025-07-08 10:00:00+00:00,20.32,20.14,1.0
2025-07-08 11:00:00+00:00,21.14,21.26,2.0
2025-07-08 12:00:00+00:00,21.86,22.080000000000002,0.0
2025-07-08 13:00:00+00:00,22.32,22.3,1.0
2025-07-08 14:00:00+00:00,22.46,21.740000000000002,1.0
2025-07-08 15:00:00+00:00,22.54,21.36,0.0
2025-07-08 16:00:00+00:00,22.44,20.52,1.0
2025-07-08 17:00:00+00:00,22.2,19.740000000000002,0.0
2025-07-08 18:00:00+00:00,21.68,19.68,0.0
2025-07-08 19:00:00+00:00,20.7,19.240000000000002,0.0
2025-07-08 20:00:00+00:00,19.18,18.240000000000002,0.0
2025-07-08 21:00:00+00:00,18.02,17.119999999999997,0.0
2025-07-08 22:00:00+00:00,17.14,16.46,0.0
2025-07-08 23:00:00+00:00,16.44,16.04,0.0
2025-07-09 00:00:00+00:00,15.8,15.6,0.0
2025-07-09 01:00:00+00:00,15.34,15.220000000000002,0.0
2025-07-09 02:00:00+00:00,15.0,14.76,0.0
2025-07-09 03:00:00+00:00,14.66,14.2,0.0
2025-07-09 04:00:00+00:00,14.319999999999999,13.8,0.0
2025-07-09 05:00:00+00:00,14.080000000000002,13.559999999999999,0.0
2025-07-09 06:00:00+00:00,15.38,15.26,0.0
2025-07-09 07:00:00+00:00,17.68,17.66,0.0
2025-07-09 08:00:00+00:00,19.560000000000002,19.4,0.0
2025-07-09 09:00:00+00:00,21.3,21.44,0.0
2025-07-09 10:00:00+00:00,22.839999999999996,23.46,0.0
2025-07-09 11:00:00+00:00,24.1,25.04,0.0
2025-07-09 12:00:00+00:00,25.020000000000003,25.939999999999998,0.0
2025-07-09 13:00:00+00:00,25.6,26.4,0.0
2025-07-09 14:00:00+00:00,25.82,26.2,0.0
2025-07-09 15:00:00+00:00,25.660000000000004,25.2,0.0
2025-07-09 16:00:00+00:00,25.3,24.02,0.0
2025-07-09 17:00:00+00:00,24.759999999999998,23.1,0.0
2025-07-09 18:00:00+00:00,24.619999999999997,23.2,0.0
2025-07-09 19:00:00+00:00,23.4,22.740000000000002,0.0
2025-07-09 20:00:00+00:00,21.7,21.619999999999997,0.0
2025-07-09 21:00:00+00:00,20.380000000000003,20.78,0.0
2025-07-09 22:00:00+00:00,19.56,20.06,0.0
2025-07-09 23:00:00+00:00,18.880000000000003,19.3,0.0
2025-07-10 00:00:00+00:00,18.02,18.06,0.0
2025-07-10 01:00:00+00:00,17.54,17.4,0.0
2025-07-10 02:00:00+00:00,17.14,16.919999999999998,0.0
2025-07-10 03:00:00+00:00,16.619999999999997,16.4,0.0
2025-07-10 04:00:00+00:00,16.12,15.8,0.0
2025-07-10 05:00:00+00:00,15.819999999999999,15.440000000000001,0.0
2025-07-10 06:00:00+00:00,17.18,16.82,0.0
2025-07-10 07:00:00+00:00,19.44,19.2,0.0
2025-07-10 08:00:00+00:00,21.160000000000004,20.4,0.0
2025-07-10 09:00:00+00:00,22.8,22.22,0.0
2025-07-10 10:00:00+00:00,24.3,24.16,0.0
2025-07-10 11:00:00+00:00,25.580000000000002,25.880000000000003,0.0
2025-07-10 12:00:00+00:00,26.98,27.6,0.0
2025-07-10 13:00:00+00:00,27.52,28.080000000000002,0.0
2025-07-10 14:00:00+00:00,27.939999999999998,28.2,0.0
2025-07-10 15:00:00+00:00,28.18,27.639999999999997,0.0
2025-07-10 16:00:00+00:00,28.160000000000004,26.82,0.0
2025-07-10 17:00:00+00:00,27.82,26.0,0.0
2025-07-10 18:00:00+00:00,27.619999999999997,26.04,0.0
2025-07-10 19:00:00+00:00,26.160000000000004,25.660000000000004,0.0
2025-07-10 20:00:00+00:00,24.12,24.18,0.0
2025-07-10 21:00:00+00:00,22.48,22.48,0.0
2025-07-10 22:00:00+00:00,21.380000000000003,21.380000000000003,0.0
2025-07-10 23:00:00+00:00,20.7,20.619999999999997,0.0
2025-07-11 00:00:00+00:00,19.54,19.419999999999998,0.0
2025-07-11 01:00:00+00:00,19.06,18.96,0.0
2025-07-11 02:00:00+00:00,18.619999999999997,18.6,0.0
2025-07-11 03:00:00+00:00,18.18,18.1,0.0
2025-07-11 04:00:00+00:00,17.78,17.6,0.0
2025-07-11 05:00:00+00:00,17.78,17.48,0.0
2025-07-11 06:00:00+00:00,19.28,19.080000000000002,0.0
2025-07-11 07:00:00+00:00,21.080000000000002,20.9,0.0
2025-07-11 08:00:00+00:00,22.72,22.259999999999998,0.0
2025-07-11 09:00:00+00:00,24.4,23.880000000000003,0.0
2025-07-11 10:00:00+00:00,26.04,25.76,0.0
2025-07-11 11:00:00+00:00,27.439999999999998,27.74,0.0
2025-07-11 12:00:00+00:00,28.880000000000003,29.140000000000004,0.0
2025-07-11 13:00:00+00:00,29.6,30.18,0.0
2025-07-11 14:00:00+00:00,29.96,30.339999999999996,0.0
2025-07-11 15:00:00+00:00,29.98,29.740000000000002,0.0
2025-07-11 16:00:00+00:00,29.78,28.919999999999998,0.0
2025-07-11 17:00:00+00:00,29.26,28.18,0.0
2025-07-11 18:00:00+00:00,28.380000000000003,27.26,3.0
2025-07-11 19:00:00+00:00,26.48,25.98,3.0
2025-07-11 20:00:00+00:00,24.5,24.36,0.0
2025-07-11 21:00:00+00:00,23.240000000000002,23.119999999999997,0.0
2025-07-11 22:00:00+00:00,22.5,22.46,3.0
2025-07-11 23:00:00+00:00,21.240000000000002,21.4,1.0
2025-07-12 00:00:00+00:00,20.380000000000003,20.76,3.0
2025-07-12 01:00:00+00:00,20.22,20.520000000000003,0.0
2025-07-12 02:00:00+00:00,19.9,20.240000000000002,3.0
2025-07-12 03:00:00+00:00,19.479999999999997,19.78,3.0
2025-07-12 04:00:00+00:00,19.22,19.48,3.0
2025-07-12 05:00:00+00:00,19.139999999999997,19.54,3.0
2025-07-12 06:00:00+00:00,20.2,21.0,3.0
2025-07-12 07:00:00+00:00,21.660000000000004,22.52,3.0
2025-07-12 08:00:00+00:00,22.880000000000003,23.78,3.0
2025-07-12 09:00:00+00:00,23.880000000000003,24.86,3.0
2025-07-12 10:00:00+00:00,25.22,26.32,3.0
2025-07-12 11:00:00+00:00,25.98,27.339999999999996,3.0
2025-07-12 12:00:00+00:00,26.419999999999998,28.560000000000002,3.0
2025-07-12 13:00:00+00:00,26.619999999999997,28.46,0.0
2025-07-12 14:00:00+00:00,26.060000000000002,27.119999999999997,3.0
2025-07-12 15:00:00+00:00,25.56,26.380000000000003,3.0
2025-07-12 16:00:00+00:00,24.96,25.54,2.0
2025-07-12 17:00:00+00:00,24.56,25.18,3.0
2025-07-12 18:00:00+00:00,23.86,24.78,2.0
2025-07-12 19:00:00+00:00,23.02,24.04,3.0
2025-07-12 20:00:00+00:00,21.82,23.22,1.0
2025-07-12 21:00:00+00:00,21.0,22.48,1.0
2025-07-12 22:00:00+00:00,20.44,22.1,1.0
2025-07-12 23:00:00+00:00,20.0,21.68,1.0
2025-07-13 00:00:00+00:00,20.0,21.78,2.0
2025-07-13 01:00:00+00:00,19.759999999999998,21.54,2.0
2025-07-13 02:00:00+00:00,19.5,21.32,1.0
2025-07-13 03:00:00+00:00,19.32,21.080000000000002,2.0
2025-07-13 04:00:00+00:00,19.16,20.82,2.0
2025-07-13 05:00:00+00:00,19.080000000000002,20.740000000000002,2.0
2025-07-13 06:00:00+00:00,19.9,21.259999999999998,2.0
2025-07-13 07:00:00+00:00,20.919999999999998,21.96,2.0
2025-07-13 08:00:00+00:00,21.84,22.64,2.0
2025-07-13 09:00:00+00:00,22.84,23.52,2.0
2025-07-13 10:00:00+00:00,23.72,24.619999999999997,2.0
2025-07-13 11:00:00+00:00,24.44,25.76,2.0
2025-07-13 12:00:00+00:00,24.82,25.98,2.0
2025-07-13 13:00:00+00:00,25.14,26.160000000000004,2.0
2025-07-13 14:00:00+00:00,25.02,25.7,3.0
2025-07-13 15:00:00+00:00,24.78,25.380000000000003,3.0
2025-07-13 16:00:00+00:00,24.580000000000002,24.94,1.0
2025-07-13 17:00:00+00:00,23.619999999999997,23.94,2.0
2025-07-13 18:00:00+00:00,23.0,23.4,2.0
2025-07-13 19:00:00+00:00,22.14,22.64,1.0
2025-07-13 20:00:00+00:00,21.04,21.880000000000003,2.0
2025-07-13 21:00:00+00:00,20.32,21.54,2.0
2025-07-13 22:00:00+00:00,19.759999999999998,21.02,1.0
2025-07-13 23:00:00+00:00,19.38,20.68,2.0
2025-07-14 00:00:00+00:00,19.64,21.139999999999997,2.0
2025-07-14 01:00:00+00:00,19.46,21.02,2.0
2025-07-14 02:00:00+00:00,19.32,20.86,2.0
2025-07-14 03:00:00+00:00,19.240000000000002,20.64,3.0
2025-07-14 04:00:00+00:00,19.0,20.259999999999998,2.0
2025-07-14 05:00:00+00:00,18.880000000000003,20.16,2.0
2025-07-14 06:00:00+00:00,19.56,21.18,2.0
2025-07-14 07:00:00+00:00,20.560000000000002,21.96,2.0
2025-07-14 08:00:00+00:00,21.34,22.54,3.0
2025-07-14 09:00:00+00:00,22.139999999999997,23.14,3.0
2025-07-14 10:00:00+00:00,22.74,23.66,3.0
2025-07-14 11:00:00+00:00,23.28,24.22,3.0
2025-07-14 12:00:00+00:00,23.78,24.7,3.0
2025-07-14 13:00:00+00:00,24.46,25.54,3.0
2025-07-14 14:00:00+00:00,24.48,25.3,3.0
2025-07-14 15:00:00+00:00,24.8,25.259999999999998,3.0
2025-07-14 16:00:00+00:00,24.7,24.72,3.0
2025-07-14 17:00:00+00:00,24.18,24.2,3.0
2025-07-14 18:00:00+00:00,23.28,23.32,3.0
2025-07-14 19:00:00+00:00,22.1,22.240000000000002,2.0
2025-07-14 20:00:00+00:00,21.02,21.46,3.0
2025-07-14 21:00:00+00:00,20.34,20.98,3.0
2025-07-14 22:00:00+00:00,19.7,20.18,3.0
2025-07-14 23:00:00+00:00,19.28,19.78,3.0
2025-07-15 00:00:00+00:00,19.02,19.979999999999997,3.0
2025-07-15 01:00:00+00:00,18.740000000000002,19.48,3.0
2025-07-15 02:00:00+00:00,18.479999999999997,19.14,3.0
2025-07-15 03:00:00+00:00,18.3,19.119999999999997,3.0
2025-07-15 04:00:00+00:00,18.02,18.880000000000003,3.0
2025-07-15 05:00:00+00:00,17.98,18.86,3.0
2025-07-15 06:00:00+00:00,18.78,19.880000000000003,3.0
2025-07-15 07:00:00+00:00,19.64,20.339999999999996,2.0
2025-07-15 08:00:00+00:00,20.4,20.580000000000002,3.0
2025-07-15 09:00:00+00:00,21.2,20.98,3.0
2025-07-15 10:00:00+00:00,21.82,21.4,2.0
2025-07-15 11:00:00+00:00,22.2,21.619999999999997,3.0
2025-07-15 12:00:00+00:00,22.66,22.46,2.0
2025-07-15 13:00:00+00:00,22.880000000000003,22.8,2.0
2025-07-15 14:00:00+00:00,23.080000000000002,22.84,2.0
2025-07-15 15:00:00+00:00,23.119999999999997,22.54,3.0
2025-07-15 16:00:00+00:00,22.84,21.78,3.0
2025-07-15 17:00:00+00:00,22.44,21.54,1.0
2025-07-15 18:00:00+00:00,22.28,21.880000000000003,0.0
2025-07-15 19:00:00+00:00,21.419999999999998,21.259999999999998,0.0
2025-07-15 20:00:00+00:00,20.14,20.52,0.0
2025-07-15 21:00:00+00:00,19.22,19.66,0.0
2025-07-15 22:00:00+00:00,18.5,19.0,0.0
2025-07-15 23:00:00+00:00,17.919999999999998,18.6,1.0
2025-07-16 00:00:00+00:00,17.5,18.4,0.0
2025-07-16 01:00:00+00:00,17.0,17.98,0.0
2025-07-16 02:00:00+00:00,16.56,17.5,0.0
2025-07-16 03:00:00+00:00,16.259999999999998,17.160000000000004,0.0
2025-07-16 04:00:00+00:00,16.06,16.96,0.0
2025-07-16 05:00:00+00:00,15.84,16.619999999999997,0.0
2025-07-16 06:00:00+00:00,17.04,18.14,0.0
2025-07-16 07:00:00+00:00,18.8,19.86,0.0
2025-07-16 08:00:00+00:00,20.1,20.919999999999998,1.0
2025-07-16 09:00:00+00:00,21.380000000000003,22.3,1.0
2025-07-16 10:00:00+00:00,22.6,24.16,1.0
2025-07-16 11:00:00+00:00,23.759999999999998,25.78,1.0
2025-07-16 12:00:00+00:00,24.76,27.22,0.0
2025-07-16 13:00:00+00:00,25.36,27.639999999999997,0.0
2025-07-16 14:00:00+00:00,25.7,27.6,0.0
2025-07-16 15:00:00+00:00,25.919999999999998,27.160000000000004,0.0
2025-07-16 16:00:00+00:00,25.839999999999996,26.139999999999997,0.0
2025-07-16 17:00:00+00:00,25.4,25.22,0.0
2025-07-16 18:00:00+00:00,24.9,25.02,0.0
2025-07-16 19:00:00+00:00,23.68,24.2,0.0
2025-07-16 20:00:00+00:00,22.0,23.080000000000002,0.0
2025-07-16 21:00:00+00:00,20.759999999999998,21.98,0.0
2025-07-16 22:00:00+00:00,19.880000000000003,21.3,0.0
2025-07-16 23:00:00+00:00,19.34,20.84,0.0
2025-07-17 00:00:00+00:00,18.580000000000002,19.98,0.0
2025-07-17 01:00:00+00:00,18.22,19.6,1.0
2025-07-17 02:00:00+00:00,17.919999999999998,19.259999999999998,0.0
2025-07-17 03:00:00+00:00,17.619999999999997,18.979999999999997,1.0
2025-07-17 04:00:00+00:00,17.360000000000003,18.72,1.0
2025-07-17 05:00:00+00:00,17.22,18.580000000000002,1.0
2025-07-17 06:00:00+00:00,18.2,19.759999999999998,0.0
2025-07-17 07:00:00+00:00,20.32,22.419999999999998,0.0
2025-07-17 08:00:00+00:00,21.919999999999998,23.880000000000003,0.0
2025-07-17 09:00:00+00:00,23.419999999999998,25.619999999999997,0.0
2025-07-17 10:00:00+00:00,24.82,27.880000000000003,0.0
2025-07-17 11:00:00+00:00,26.1,29.54,0.0
2025-07-17 12:00:00+00:00,28.380000000000003,31.72,0.0
2025-07-17 13:00:00+00:00,28.98,32.12,0.0
2025-07-17 14:00:00+00:00,29.0,31.48,0.0
2025-07-17 15:00:00+00:00,29.04,30.52,0.0
2025-07-17 16:00:00+00:00,28.860000000000003,29.379999999999995,0.0
2025-07-17 17:00:00+00:00,28.419999999999998,28.74,3.0
2025-07-17 18:00:00+00:00,27.8,28.160000000000004,3.0
2025-07-17 19:00:00+00:00,26.0,26.52,3.0
2025-07-17 20:00:00+00:00,23.919999999999998,24.380000000000003,3.0
2025-07-17 21:00:00+00:00,22.46,23.0,2.0
2025-07-17 22:00:00+00:00,21.759999999999998,22.56,2.0
2025-07-17 23:00:00+00:00,21.080000000000002,21.96,1.0
2025-07-18 00:00:00+00:00,20.28,20.9,2.0
2025-07-18 01:00:00+00:00,19.9,20.64,3.0
2025-07-18 02:00:00+00:00,19.36,20.02,2.0
2025-07-18 03:00:00+00:00,19.0,19.66,1.0
2025-07-18 04:00:00+00:00,18.66,19.36,3.0
2025-07-18 05:00:00+00:00,18.580000000000002,19.22,1.0
2025-07-18 06:00:00+00:00,19.5,20.22,2.0
2025-07-18 07:00:00+00:00,21.080000000000002,21.72,2.0
2025-07-18 08:00:00+00:00,22.080000000000002,22.66,2.0
2025-07-18 09:00:00+00:00,23.06,23.56,3.0
2025-07-18 10:00:00+00:00,23.9,24.6,2.0
2025-07-18 11:00:00+00:00,24.619999999999997,25.78,3.0
2025-07-18 12:00:00+00:00,24.759999999999998,26.18,3.0
2025-07-18 13:00:00+00:00,25.0,25.96,2.0
2025-07-18 14:00:00+00:00,25.14,25.82,2.0
2025-07-18 15:00:00+00:00,25.14,25.52,2.0
2025-07-18 16:00:00+00:00,24.78,24.82,2.0
2025-07-18 17:00:00+00:00,24.259999999999998,24.240000000000002,2.0
2025-07-18 18:00:00+00:00,23.740000000000002,23.52,2.0
2025-07-18 19:00:00+00:00,22.68,22.720000000000002,3.0
2025-07-18 20:00:00+00:00,21.2,21.36,3.0
2025-07-18 21:00:00+00:00,20.18,20.639999999999997,2.0
2025-07-18 22:00:00+00:00,19.5,20.28,3.0
2025-07-18 23:00:00+00:00,19.119999999999997,20.0,3.0
2025-07-19 00:00:00+00:00,18.919999999999998,20.02,3.0
2025-07-19 01:00:00+00:00,18.839999999999996,19.880000000000003,3.0
2025-07-19 02:00:00+00:00,18.6,19.8,3.0
2025-07-19 03:00:00+00:00,18.4,19.419999999999998,2.0
2025-07-19 04:00:00+00:00,18.28,19.259999999999998,3.0
2025-07-19 05:00:00+00:00,18.220000000000002,19.080000000000002,3.0
2025-07-19 06:00:00+00:00,18.759999999999998,19.240000000000002,3.0
2025-07-19 07:00:00+00:00,19.4,19.8,3.0
2025-07-19 08:00:00+00:00,20.02,20.22,3.0
2025-07-19 09:00:00+00:00,20.66,20.7,2.0
2025-07-19 10:00:00+00:00,21.18,21.02,3.0
2025-07-19 11:00:00+00:00,21.580000000000002,21.419999999999998,2.0
2025-07-19 12:00:00+00:00,22.36,22.64,3.0
2025-07-19 13:00:00+00:00,22.619999999999997,23.04,3.0
2025-07-19 14:00:00+00:00,22.94,23.66,3.0
2025-07-19 15:00:00+00:00,22.94,23.52,3.0
2025-07-19 16:00:00+00:00,22.68,23.16,3.0
2025-07-19 17:00:00+00:00,22.5,22.96,3.0
2025-07-19 18:00:00+00:00,22.32,22.74,3.0
2025-07-19 19:00:00+00:00,21.7,22.5,3.0
2025-07-19 20:00:00+00:00,20.66,21.580000000000002,3.0
2025-07-19 21:00:00+00:00,19.8,20.759999999999998,3.0
2025-07-19 22:00:00+00:00,19.22,20.3,3.0
2025-07-19 23:00:00+00:00,18.84,19.839999999999996,2.0
2025-07-20 00:00:00+00:00,18.619999999999997,19.7,3.0
2025-07-20 01:00:00+00:00,18.619999999999997,19.36,2.0
2025-07-20 02:00:00+00:00,18.66,19.02,3.0
2025-07-20 03:00:00+00:00,18.64,18.72,80.0
2025-07-20 04:00:00+00:00,18.64,18.98,1.0
2025-07-20 05:00:00+00:00,18.54,19.44,80.0
2025-07-20 06:00:00+00:00,19.14,20.080000000000002,3.0
2025-07-20 07:00:00+00:00,19.68,20.56,80.0
2025-07-20 08:00:00+00:00,19.759999999999998,20.4,3.0
2025-07-20 09:00:00+00:00,20.06,21.02,3.0
2025-07-20 10:00:00+00:00,20.6,21.48,3.0
2025-07-20 11:00:00+00:00,21.619999999999997,22.28,3.0
2025-07-20 12:00:00+00:00,20.619999999999997,20.46,3.0
2025-07-20 13:00:00+00:00,20.54,20.240000000000002,3.0
2025-07-20 14:00:00+00:00,20.04,19.740000000000002,3.0
2025-07-20 15:00:00+00:00,19.78,19.6,3.0
2025-07-20 16:00:00+00:00,19.4,19.080000000000002,80.0
2025-07-20 17:00:00+00:00,18.96,18.58,3.0
2025-07-20 18:00:00+00:00,20.1,19.119999999999997,3.0
2025-07-20 19:00:00+00:00,19.66,18.98,3.0
2025-07-20 20:00:00+00:00,19.080000000000002,18.6,2.0
2025-07-20 21:00:00+00:00,18.759999999999998,18.14,1.0
2025-07-20 22:00:00+00:00,18.48,17.54,3.0
2025-07-20 23:00:00+00:00,18.080000000000002,17.0,0.0
2025-07-21 00:00:00+00:00,17.36,16.48,1.0
2025-07-21 01:00:00+00:00,17.0,16.02,1.0
2025-07-21 02:00:00+00:00,16.96,15.86,1.0
2025-07-21 03:00:00+00:00,16.86,15.52,1.0
2025-07-21 04:00:00+00:00,17.119999999999997,15.559999999999999,0.0
2025-07-21 05:00:00+00:00,17.44,15.5,3.0
2025-07-21 06:00:00+00:00,18.2,16.2,2.0
2025-07-21 07:00:00+00:00,18.84,16.919999999999998,2.0
2025-07-21 08:00:00+00:00,19.240000000000002,17.36,2.0
2025-07-21 09:00:00+00:00,19.56,17.580000000000002,2.0
2025-07-21 10:00:00+00:00,19.96,18.160000000000004,3.0
2025-07-21 11:00:00+00:00,20.3,18.54,3.0
2025-07-21 12:00:00+00:00,20.72,18.96,3.0
2025-07-21 13:00:00+00:00,21.119999999999997,19.580000000000002,2.0
2025-07-21 14:00:00+00:00,21.240000000000002,19.919999999999998,2.0
2025-07-21 15:00:00+00:00,21.14,19.759999999999998,2.0
2025-07-21 16:00:00+00:00,21.18,19.759999999999998,2.0
2025-07-21 17:00:00+00:00,20.82,19.72,2.0
2025-07-21 18:00:00+00:00,20.64,19.84,1.0
2025-07-21 19:00:00+00:00,20.080000000000002,19.7,1.0
2025-07-21 20:00:00+00:00,19.14,19.16,2.0
2025-07-21 21:00:00+00:00,18.52,18.68,1.0
2025-07-21 22:00:00+00:00,18.080000000000002,18.32,2.0
2025-07-21 23:00:00+00:00,17.880000000000003,18.18,2.0
2025-07-22 00:00:00+00:00,17.52,17.84,2.0
2025-07-22 01:00:00+00:00,17.4,17.759999999999998,2.0
2025-07-22 02:00:00+00:00,17.16,17.6,2.0
2025-07-22 03:00:00+00:00,16.9,17.32,2.0
2025-07-22 04:00:00+00:00,16.779999999999998,17.240000000000002,2.0
2025-07-22 05:00:00+00:00,16.72,17.279999999999998,2.0
2025-07-22 06:00:00+00:00,17.380000000000003,18.04,2.0
2025-07-22 07:00:00+00:00,18.82,19.64,2.0
2025-07-22 08:00:00+00:00,19.759999999999998,20.4,2.0
2025-07-22 09:00:00+00:00,20.619999999999997,21.22,1.0
2025-07-22 10:00:00+00:00,21.419999999999998,22.259999999999998,2.0
2025-07-22 11:00:00+00:00,22.2,23.34,1.0
2025-07-22 12:00:00+00:00,22.9,24.18,1.0
2025-07-22 13:00:00+00:00,23.54,24.78,1.0
2025-07-22 14:00:00+00:00,23.94,25.04,1.0
2025-07-22 15:00:00+00:00,24.06,24.72,1.0
2025-07-22 16:00:00+00:00,24.04,24.2,1.0
2025-07-22 17:00:00+00:00,23.78,23.78,1.0
2025-07-22 18:00:00+00:00,23.16,23.46,2.0
2025-07-22 19:00:00+00:00,22.2,23.080000000000002,3.0
2025-07-22 20:00:00+00:00,21.240000000000002,22.48,2.0
2025-07-22 21:00:00+00:00,20.36,21.68,2.0
2025-07-22 22:00:00+00:00,19.619999999999997,20.880000000000003,2.0
2025-07-22 23:00:00+00:00,19.02,20.259999999999998,1.0
2025-07-23 00:00:00+00:00,18.36,19.46,2.0
2025-07-23 01:00:00+00:00,18.2,19.06,3.0
2025-07-23 02:00:00+00:00,18.259999999999998,19.14,3.0
2025-07-23 03:00:00+00:00,18.28,19.1,3.0
2025-07-23 04:00:00+00:00,18.1,18.9,3.0
2025-07-23 05:00:00+00:00,17.84,18.580000000000002,3.0
2025-07-23 06:00:00+00:00,18.18,18.759999999999998,3.0
2025-07-23 07:00:00+00:00,19.2,19.46,3.0
2025-07-23 08:00:00+00:00,19.580000000000002,19.6,3.0
2025-07-23 09:00:00+00:00,19.8,19.68,3.0
2025-07-23 10:00:00+00:00,20.080000000000002,19.78,3.0
2025-07-23 11:00:00+00:00,20.52,20.16,3.0
2025-07-23 12:00:00+00:00,20.580000000000002,20.34,3.0
2025-07-23 13:00:00+00:00,20.9,20.44,2.0
2025-07-23 14:00:00+00:00,21.36,20.740000000000002,3.0
2025-07-23 15:00:00+00:00,21.080000000000002,19.96,2.0
2025-07-23 16:00:00+00:00,20.34,19.14,2.0
2025-07-23 17:00:00+00:00,20.080000000000002,18.96,2.0
2025-07-23 18:00:00+00:00,19.759999999999998,18.56,2.0
2025-07-23 19:00:00+00:00,18.86,18.18,2.0
2025-07-23 20:00:00+00:00,18.14,18.0,1.0
2025-07-23 21:00:00+00:00,17.48,17.64,2.0
2025-07-23 22:00:00+00:00,17.0,17.380000000000003,2.0
2025-07-23 23:00:00+00:00,16.56,17.04,2.0
2025-07-24 00:00:00+00:00,16.54,17.06,2.0
2025-07-24 01:00:00+00:00,16.3,16.860000000000003,2.0
2025-07-24 02:00:00+00:00,16.1,16.5,2.0
2025-07-24 03:00:00+00:00,15.819999999999999,16.259999999999998,2.0
2025-07-24 04:00:00+00:00,15.580000000000002,15.98,2.0
2025-07-24 05:00:00+00:00,15.5,15.9,2.0
2025-07-24 06:00:00+00:00,16.14,16.5,2.0
2025-07-24 07:00:00+00:00,17.02,17.34,2.0
2025-07-24 08:00:00+00:00,17.759999999999998,17.86,2.0
2025-07-24 09:00:00+00:00,18.66,18.52,3.0
2025-07-24 10:00:00+00:00,19.36,19.02,2.0
2025-07-24 11:00:00+00:00,19.94,19.740000000000002,2.0
2025-07-24 12:00:00+00:00,20.68,20.8,2.0
2025-07-24 13:00:00+00:00,21.02,21.0,2.0
2025-07-24 14:00:00+00:00,21.160000000000004,20.84,2.0
2025-07-24 15:00:00+00:00,21.16,20.5,2.0
2025-07-24 16:00:00+00:00,20.9,20.080000000000002,2.0
2025-07-24 17:00:00+00:00,20.62,19.880000000000003,2.0
2025-07-24 18:00:00+00:00,19.96,19.36,2.0
2025-07-24 19:00:00+00:00,19.3,19.119999999999997,2.0
2025-07-24 20:00:00+00:00,18.380000000000003,18.5,1.0
2025-07-24 21:00:00+00:00,17.78,18.259999999999998,1.0
2025-07-24 22:00:00+00:00,17.419999999999998,18.080000000000002,0.0
2025-07-24 23:00:00+00:00,17.22,18.0,1.0
2025-07-25 00:00:00+00:00,16.880000000000003,17.54,2.0
2025-07-25 01:00:00+00:00,16.619999999999997,17.3,2.0
2025-07-25 02:00:00+00:00,16.5,17.22,0.0
2025-07-25 03:00:00+00:00,16.380000000000003,17.28,1.0
2025-07-25 04:00:00+00:00,16.18,17.0,0.0
2025-07-25 05:00:00+00:00,15.98,16.759999999999998,2.0
2025-07-25 06:00:00+00:00,16.98,18.14,2.0
2025-07-25 07:00:00+00:00,17.98,19.04,2.0
2025-07-25 08:00:00+00:00,18.9,19.759999999999998,2.0
2025-07-25 09:00:00+00:00,19.84,20.48,2.0
2025-07-25 10:00:00+00:00,20.66,21.28,2.0
2025-07-25 11:00:00+00:00,21.4,22.0,3.0
2025-07-25 12:00:00+00:00,21.759999999999998,22.02,2.0
2025-07-25 13:00:00+00:00,22.04,21.94,2.0
2025-07-25 14:00:00+00:00,22.2,22.18,1.0
2025-07-25 15:00:00+00:00,22.240000000000002,21.86,1.0
2025-07-25 16:00:00+00:00,21.919999999999998,21.3,2.0
2025-07-25 17:00:00+00:00,21.54,21.240000000000002,2.0
2025-07-25 18:00:00+00:00,21.22,20.759999999999998,1.0
2025-07-25 19:00:00+00:00,20.46,20.28,1.0
2025-07-25 20:00:00+00:00,19.52,19.68,2.0
2025-07-25 21:00:00+00:00,18.880000000000003,19.34,1.0
2025-07-25 22:00:00+00:00,18.44,19.080000000000002,2.0
2025-07-25 23:00:00+00:00,18.18,18.96,1.0
2025-07-26 00:00:00+00:00,17.98,18.6,2.0
2025-07-26 01:00:00+00:00,17.82,18.68,2.0
2025-07-26 02:00:00+00:00,17.740000000000002,18.660000000000004,2.0
2025-07-26 03:00:00+00:00,17.54,18.52,2.0
2025-07-26 04:00:00+00:00,17.34,18.3,2.0
2025-07-26 05:00:00+00:00,17.259999999999998,18.3,2.0
2025-07-26 06:00:00+00:00,17.66,18.8,2.0
2025-07-26 07:00:00+00:00,19.04,20.3,2.0
2025-07-26 08:00:00+00:00,20.14,20.939999999999998,2.0
2025-07-26 09:00:00+00:00,21.0,21.419999999999998,2.0
2025-07-26 10:00:00+00:00,21.8,22.419999999999998,1.0
2025-07-26 11:00:00+00:00,22.48,23.3,1.0
2025-07-26 12:00:00+00:00,23.0,23.86,2.0
2025-07-26 13:00:00+00:00,23.56,24.28,1.0
2025-07-26 14:00:00+00:00,23.860000000000003,24.380000000000003,0.0
2025-07-26 15:00:00+00:00,23.9,23.7,1.0
2025-07-26 16:00:00+00:00,23.6,22.880000000000003,0.0
2025-07-26 17:00:00+00:00,23.04,22.259999999999998,1.0
2025-07-26 18:00:00+00:00,21.740000000000002,21.28,2.0
2025-07-26 19:00:00+00:00,20.84,20.919999999999998,1.0
2025-07-26 20:00:00+00:00,19.72,20.04,1.0
2025-07-26 21:00:00+00:00,19.06,19.64,1.0
2025-07-26 22:00:00+00:00,18.66,19.3,3.0
2025-07-26 23:00:00+00:00,18.28,18.98,3.0
2025-07-27 00:00:00+00:00,18.419999999999998,19.02,3.0
2025-07-27 01:00:00+00:00,18.259999999999998,18.919999999999998,3.0
2025-07-27 02:00:00+00:00,18.18,18.98,3.0
2025-07-27 03:00:00+00:00,18.16,19.04,3.0
2025-07-27 04:00:00+00:00,18.04,18.880000000000003,3.0
2025-07-27 05:00:00+00:00,17.96,18.64,3.0
2025-07-27 06:00:00+00:00,18.04,18.36,3.0
2025-07-27 07:00:00+00:00,18.740000000000002,19.0,3.0
2025-07-27 08:00:00+00:00,19.419999999999998,19.32,3.0
2025-07-27 09:00:00+00:00,20.259999999999998,19.740000000000002,3.0
2025-07-27 10:00:00+00:00,20.96,20.2,3.0
2025-07-27 11:00:00+00:00,21.22,20.4,3.0
2025-07-27 12:00:00+00:00,21.02,20.240000000000002,3.0
2025-07-27 13:00:00+00:00,21.240000000000002,20.32,3.0
2025-07-27 14:00:00+00:00,21.44,20.5,3.0
2025-07-27 15:00:00+00:00,21.34,20.04,2.0
2025-07-27 16:00:00+00:00,21.259999999999998,19.740000000000002,2.0
2025-07-27 17:00:00+00:00,20.880000000000003,19.34,2.0
2025-07-27 18:00:00+00:00,20.080000000000002,18.6,2.0
2025-07-27 19:00:00+00:00,19.44,18.22,3.0
2025-07-27 20:00:00+00:00,18.919999999999998,18.119999999999997,3.0
2025-07-27 21:00:00+00:00,18.64,18.080000000000002,3.0
2025-07-27 22:00:00+00:00,18.28,17.9,3.0
2025-07-27 23:00:00+00:00,18.02,17.8,3.0
2025-07-28 00:00:00+00:00,17.64,17.46,3.0
2025-07-28 01:00:00+00:00,17.52,17.54,3.0
2025-07-28 02:00:00+00:00,17.44,17.34,3.0
2025-07-28 03:00:00+00:00,17.16,17.02,3.0
2025-07-28 04:00:00+00:00,16.919999999999998,16.759999999999998,3.0
2025-07-28 05:00:00+00:00,16.7,16.619999999999997,3.0
2025-07-28 06:00:00+00:00,17.48,17.2,3.0
2025-07-28 07:00:00+00:00,17.98,17.68,3.0
2025-07-28 08:00:00+00:00,18.619999999999997,18.16,2.0
2025-07-28 09:00:00+00:00,19.5,18.9,1.0
2025-07-28 10:00:00+00:00,20.06,19.46,2.0
2025-07-28 11:00:00+00:00,21.18,20.44,2.0
2025-07-28 12:00:00+00:00,21.880000000000003,21.22,2.0
2025-07-28 13:00:00+00:00,22.16,21.6,2.0
2025-07-28 14:00:00+00:00,22.48,21.720000000000002,2.0
2025-07-28 15:00:00+00:00,22.56,21.3,2.0
2025-07-28 16:00:00+00:00,22.22,20.5,3.0
2025-07-28 17:00:00+00:00,21.82,19.96,1.0
2025-07-28 18:00:00+00:00,20.96,19.2,1.0
2025-07-28 19:00:00+00:00,20.02,18.72,1.0
2025-07-28 20:00:00+00:00,18.94,18.16,0.0
2025-07-28 21:00:00+00:00,18.259999999999998,17.740000000000002,0.0
2025-07-28 22:00:00+00:00,17.8,17.4,1.0
2025-07-28 23:00:00+00:00,17.46,17.259999999999998,2.0
2025-07-29 00:00:00+00:00,16.94,16.8,1.0
2025-07-29 01:00:00+00:00,16.740000000000002,16.740000000000002,1.0
2025-07-29 02:00:00+00:00,16.5,16.54,1.0
2025-07-29 03:00:00+00:00,16.259999999999998,16.419999999999998,1.0
2025-07-29 04:00:00+00:00,16.04,16.22,2.0
2025-07-29 05:00:00+00:00,15.959999999999999,16.22,1.0
2025-07-29 06:00:00+00:00,16.46,16.98,2.0
2025-07-29 07:00:00+00:00,18.14,18.72,1.0
2025-07-29 08:00:00+00:00,19.36,19.9,1.0
2025-07-29 09:00:00+00:00,20.4,20.44,2.0
2025-07-29 10:00:00+00:00,21.04,20.740000000000002,3.0
2025-07-29 11:00:00+00:00,21.48,21.14,3.0
2025-07-29 12:00:00+00:00,21.919999999999998,21.56,2.0
2025-07-29 13:00:00+00:00,22.160000000000004,21.580000000000002,3.0
2025-07-29 14:00:00+00:00,22.04,21.259999999999998,3.0
2025-07-29 15:00:00+00:00,21.9,21.08,3.0
2025-07-29 16:00:00+00:00,21.78,21.04,3.0
2025-07-29 17:00:00+00:00,21.28,20.7,3.0
2025-07-29 18:00:00+00:00,20.98,20.119999999999997,2.0
2025-07-29 19:00:00+00:00,20.2,19.54,3.0
2025-07-29 20:00:00+00:00,19.419999999999998,19.259999999999998,2.0
2025-07-29 21:00:00+00:00,18.82,19.18,2.0
2025-07-29 22:00:00+00:00,18.34,18.919999999999998,2.0
2025-07-29 23:00:00+00:00,17.9,18.6,2.0
2025-07-30 00:00:00+00:00,17.2,17.919999999999998,2.0
2025-07-30 01:00:00+00:00,17.119999999999997,17.880000000000003,2.0
2025-07-30 02:00:00+00:00,17.1,17.9,1.0
2025-07-30 03:00:00+00:00,16.880000000000003,17.82,1.0
2025-07-30 04:00:00+00:00,16.68,17.6,2.0
2025-07-30 05:00:00+00:00,16.54,17.52,3.0
2025-07-30 06:00:00+00:00,17.34,18.48,2.0
2025-07-30 07:00:00+00:00,18.580000000000002,19.759999999999998,2.0
2025-07-30 08:00:00+00:00,19.52,20.580000000000002,2.0
2025-07-30 09:00:00+00:00,20.360000000000003,21.14,2.0
2025-07-30 10:00:00+00:00,21.119999999999997,21.94,1.0
2025-07-30 11:00:00+00:00,21.72,22.740000000000002,2.0
2025-07-30 12:00:00+00:00,22.46,23.240000000000002,2.0
2025-07-30 13:00:00+00:00,23.06,23.68,2.0
2025-07-30 14:00:00+00:00,23.380000000000003,23.759999999999998,2.0
2025-07-30 15:00:00+00:00,23.46,23.380000000000003,1.0
2025-07-30 16:00:00+00:00,23.139999999999997,22.64,2.0
2025-07-30 17:00:00+00:00,22.66,22.080000000000002,1.0
2025-07-30 18:00:00+00:00,22.04,21.7,1.0
2025-07-30 19:00:00+00:00,21.0,21.06,1.0
2025-07-30 20:00:00+00:00,19.919999999999998,20.36,1.0
2025-07-30 21:00:00+00:00,19.3,20.0,1.0
2025-07-30 22:00:00+00:00,18.880000000000003,19.759999999999998,1.0
2025-07-30 23:00:00+00:00,18.5,19.5,2.0
2025-07-31 00:00:00+00:00,18.0,19.08,2.0
2025-07-31 01:00:00+00:00,17.740000000000002,18.82,2.0
2025-07-31 02:00:00+00:00,17.52,18.7,2.0
2025-07-31 03:00:00+00:00,17.22,18.419999999999998,1.0
2025-07-31 04:00:00+00:00,17.04,18.259999999999998,2.0
2025-07-31 05:00:00+00:00,16.98,18.3,2.0
2025-07-31 06:00:00+00:00,17.54,18.84,2.0
2025-07-31 07:00:00+00:00,19.04,20.380000000000003,2.0
2025-07-31 08:00:00+00:00,20.119999999999997,21.28,1.0
2025-07-31 09:00:00+00:00,21.22,22.2,2.0
2025-07-31 10:00:00+00:00,22.04,22.82,2.0
2025-07-31 11:00:00+00:00,22.6,23.44,2.0
2025-07-31 12:00:00+00:00,23.02,23.82,2.0
2025-07-31 13:00:00+00:00,23.380000000000003,23.919999999999998,1.0
2025-07-31 14:00:00+00:00,23.5,23.82,2.0
2025-07-31 15:00:00+00:00,23.58,23.56,0.0
2025-07-31 16:00:00+00:00,23.48,23.14,2.0
2025-07-31 17:00:00+00:00,23.1,22.56,2.0
2025-07-31 18:00:00+00:00,22.6,22.14,1.0
2025-07-31 19:00:00+00:00,21.2,21.06,1.0
2025-07-31 20:00:00+00:00,19.94,20.18,2.0
2025-07-31 21:00:00+00:00,19.18,19.72,2.0
2025-07-31 22:00:00+00:00,18.8,19.46,1.0
2025-07-31 23:00:00+00:00,18.48,19.16,2.0
2025-08-01 00:00:00+00:00,18.34,19.1,2.0
2025-08-01 01:00:00+00:00,18.0,18.84,2.0
2025-08-01 02:00:00+00:00,17.68,18.56,2.0
2025-08-01 03:00:00+00:00,17.380000000000003,18.34,2.0
2025-08-01 04:00:00+00:00,17.2,18.259999999999998,2.0
2025-08-01 05:00:00+00:00,17.22,18.380000000000003,3.0
2025-08-01 06:00:00+00:00,17.6,18.84,2.0
2025-08-01 07:00:00+00:00,18.44,19.5,3.0
2025-08-01 08:00:00+00:00,19.259999999999998,20.16,3.0
2025-08-01 09:00:00+00:00,20.22,21.02,2.0
2025-08-01 10:00:00+00:00,21.22,22.02,1.0
2025-08-01 11:00:00+00:00,21.96,22.86,2.0
2025-08-01 12:00:00+00:00,22.2,22.880000000000003,1.0
2025-08-01 13:00:00+00:00,22.88,23.4,2.0
2025-08-01 14:00:00+00:00,23.28,23.4,2.0
2025-08-01 15:00:00+00:00,23.28,22.619999999999997,1.0
2025-08-01 16:00:00+00:00,22.82,21.82,1.0
2025-08-01 17:00:00+00:00,22.22,21.240000000000002,2.0
2025-08-01 18:00:00+00:00,21.86,20.9,1.0
2025-08-01 19:00:00+00:00,20.919999999999998,20.32,2.0
2025-08-01 20:00:00+00:00,19.740000000000002,19.64,2.0
2025-08-01 21:00:00+00:00,19.06,19.3,2.0
2025-08-01 22:00:00+00:00,18.759999999999998,19.02,2.0
2025-08-01 23:00:00+00:00,18.32,18.34,2.0
2025-08-02 00:00:00+00:00,18.1,18.28,2.0
2025-08-02 01:00:00+00:00,17.759999999999998,17.880000000000003,2.0
2025-08-02 02:00:00+00:00,17.380000000000003,17.56,2.0
2025-08-02 03:00:00+00:00,17.0,17.3,2.0
2025-08-02 04:00:00+00:00,16.54,16.84,1.0
2025-08-02 05:00:00+00:00,16.04,16.259999999999998,2.0
2025-08-02 06:00:00+00:00,16.04,16.22,0.0
2025-08-02 07:00:00+00:00,17.52,17.619999999999997,2.0
2025-08-02 08:00:00+00:00,18.56,18.46,2.0
2025-08-02 09:00:00+00:00,19.68,19.66,1.0
2025-08-02 10:00:00+00:00,20.66,21.119999999999997,2.0
2025-08-02 11:00:00+00:00,21.5,22.240000000000002,1.0
2025-08-02 12:00:00+00:00,22.8,23.78,1.0
2025-08-02 13:00:00+00:00,23.4,24.26,1.0
2025-08-02 14:00:00+00:00,23.64,23.98,1.0
2025-08-02 15:00:00+00:00,23.4,22.82,3.0
2025-08-02 16:00:00+00:00,23.06,21.68,1.0
2025-08-02 17:00:00+00:00,22.52,20.96,3.0
2025-08-02 18:00:00+00:00,21.880000000000003,20.32,0.0
2025-08-02 19:00:00+00:00,20.64,19.580000000000002,0.0
2025-08-02 20:00:00+00:00,19.32,18.619999999999997,0.0
2025-08-02 21:00:00+00:00,18.360000000000003,17.92,0.0
2025-08-02 22:00:00+00:00,17.68,17.52,0.0
2025-08-02 23:00:00+00:00,17.2,17.259999999999998,0.0
2025-08-03 00:00:00+00:00,16.66,16.64,0.0
2025-08-03 01:00:00+00:00,16.259999999999998,16.36,0.0
2025-08-03 02:00:00+00:00,15.919999999999998,15.98,0.0
2025-08-03 03:00:00+00:00,15.559999999999999,15.62,0.0
2025-08-03 04:00:00+00:00,15.26,15.3,0.0
2025-08-03 05:00:00+00:00,14.919999999999998,14.98,0.0
2025-08-03 06:00:00+00:00,15.16,15.4,1.0
2025-08-03 07:00:00+00:00,17.44,18.06,0.0
2025-08-03 08:00:00+00:00,19.06,19.6,1.0
2025-08-03 09:00:00+00:00,20.62,21.0,3.0
2025-08-03 10:00:00+00:00,21.64,22.259999999999998,0.0
2025-08-03 11:00:00+00:00,22.619999999999997,23.6,1.0
2025-08-03 12:00:00+00:00,23.080000000000002,24.3,1.0
2025-08-03 13:00:00+00:00,23.78,24.580000000000002,1.0
2025-08-03 14:00:00+00:00,24.119999999999997,24.74,0.0
2025-08-03 15:00:00+00:00,24.18,23.72,1.0
2025-08-03 16:00:00+00:00,23.919999999999998,22.7,1.0
2025-08-03 17:00:00+00:00,23.419999999999998,21.860000000000003,0.0
2025-08-03 18:00:00+00:00,22.72,21.380000000000003,0.0
2025-08-03 19:00:00+00:00,21.44,20.8,0.0
2025-08-03 20:00:00+00:00,20.119999999999997,19.580000000000002,0.0
2025-08-03 21:00:00+00:00,18.8,18.28,0.0
2025-08-03 22:00:00+00:00,17.96,17.64,0.0
2025-08-03 23:00:00+00:00,17.48,17.54,0.0
2025-08-04 00:00:00+00:00,16.96,17.14,3.0
2025-08-04 01:00:00+00:00,16.66,16.919999999999998,1.0
2025-08-04 02:00:00+00:00,16.259999999999998,16.54,3.0
2025-08-04 03:00:00+00:00,16.119999999999997,16.44,3.0
2025-08-04 04:00:00+00:00,15.76,15.98,3.0
2025-08-04 05:00:00+00:00,15.559999999999999,15.76,3.0
2025-08-04 06:00:00+00:00,16.14,16.4,2.0
2025-08-04 07:00:00+00:00,18.22,18.82,1.0
2025-08-04 08:00:00+00:00,20.4,20.919999999999998,1.0
2025-08-04 09:00:00+00:00,22.119999999999997,22.78,1.0
2025-08-04 10:00:00+00:00,23.919999999999998,25.34,0.0
2025-08-04 11:00:00+00:00,25.44,27.32,1.0
2025-08-04 12:00:00+00:00,27.32,29.26,0.0
2025-08-04 13:00:00+00:00,28.28,30.22,0.0
2025-08-04 14:00:00+00:00,28.619999999999997,30.32,0.0
2025-08-04 15:00:00+00:00,28.639999999999997,29.54,0.0
2025-08-04 16:00:00+00:00,28.380000000000003,28.339999999999996,0.0
2025-08-04 17:00:00+00:00,27.880000000000003,27.48,0.0
2025-08-04 18:00:00+00:00,27.2,26.860000000000003,0.0
2025-08-04 19:00:00+00:00,25.22,25.4,0.0
2025-08-04 20:00:00+00:00,23.16,23.44,0.0
2025-08-04 21:00:00+00:00,21.68,21.8,0.0
2025-08-04 22:00:00+00:00,20.68,20.82,0.0
2025-08-04 23:00:00+00:00,19.84,20.04,0.0
2025-08-05 00:00:00+00:00,19.080000000000002,19.36,0.0
2025-08-05 01:00:00+00:00,18.56,18.919999999999998,0.0
2025-08-05 02:00:00+00:00,18.1,18.46,1.0
2025-08-05 03:00:00+00:00,17.82,18.22,0.0
2025-08-05 04:00:00+00:00,17.46,17.78,0.0
2025-08-05 05:00:00+00:00,17.46,17.78,1.0
2025-08-05 06:00:00+00:00,18.34,19.06,2.0
2025-08-05 07:00:00+00:00,19.9,20.32,2.0
2025-08-05 08:00:00+00:00,20.52,20.68,2.0
2025-08-05 09:00:00+00:00,21.54,21.78,2.0
2025-08-05 10:00:00+00:00,22.28,22.580000000000002,2.0
2025-08-05 11:00:00+00:00,22.9,23.419999999999998,2.0
2025-08-05 12:00:00+00:00,22.7,23.66,3.0
2025-08-05 13:00:00+00:00,23.72,24.919999999999998,2.0
2025-08-05 14:00:00+00:00,24.720000000000002,25.76,1.0
2025-08-05 15:00:00+00:00,24.8,25.2,2.0
2025-08-05 16:00:00+00:00,24.619999999999997,24.080000000000002,1.0
2025-08-05 17:00:00+00:00,24.380000000000003,23.6,0.0
2025-08-05 18:00:00+00:00,24.119999999999997,23.54,3.0
2025-08-05 19:00:00+00:00,22.54,22.16,2.0
2025-08-05 20:00:00+00:00,20.82,20.64,0.0
2025-08-05 21:00:00+00:00,19.68,19.66,0.0
2025-08-05 22:00:00+00:00,18.98,18.919999999999998,0.0
2025-08-05 23:00:00+00:00,18.46,18.28,0.0
2025-08-06 00:00:00+00:00,17.66,17.360000000000003,2.0
2025-08-06 01:00:00+00:00,17.119999999999997,16.880000000000003,2.0
2025-08-06 02:00:00+00:00,16.740000000000002,16.48,3.0
2025-08-06 03:00:00+00:00,16.28,16.06,2.0
2025-08-06 04:00:00+00:00,15.819999999999999,15.6,3.0
2025-08-06 05:00:00+00:00,15.5,15.180000000000001,3.0
2025-08-06 06:00:00+00:00,16.080000000000002,15.439999999999998,3.0
2025-08-06 07:00:00+00:00,17.68,16.880000000000003,3.0
2025-08-06 08:00:00+00:00,19.080000000000002,18.16,3.0
2025-08-06 09:00:00+00:00,20.9,19.96,3.0
2025-08-06 10:00:00+00:00,22.5,21.7,3.0
2025-08-06 11:00:00+00:00,23.36,22.34,3.0
2025-08-06 12:00:00+00:00,25.9,25.939999999999998,3.0
2025-08-06 13:00:00+00:00,26.7,26.8,3.0
2025-08-06 14:00:00+00:00,27.380000000000003,27.580000000000002,3.0
2025-08-06 15:00:00+00:00,27.639999999999997,27.32,1.0
2025-08-06 16:00:00+00:00,27.580000000000002,26.6,1.0
2025-08-06 17:00:00+00:00,27.3,26.1,0.0
2025-08-06 18:00:00+00:00,26.380000000000003,25.54,1.0
2025-08-06 19:00:00+00:00,24.580000000000002,24.380000000000003,0.0
2025-08-06 20:00:00+00:00,22.919999999999998,22.76,1.0
2025-08-06 21:00:00+00:00,21.6,21.46,3.0
2025-08-06 22:00:00+00:00,20.6,20.34,1.0
2025-08-06 23:00:00+00:00,19.74,19.5,1.0
2025-08-07 00:00:00+00:00,19.24,19.14,0.0
2025-08-07 01:00:00+00:00,18.6,18.5,0.0
2025-08-07 02:00:00+00:00,17.98,17.82,0.0
2025-08-07 03:00:00+00:00,17.52,17.380000000000003,0.0
2025-08-07 04:00:00+00:00,17.2,17.04,0.0
2025-08-07 05:00:00+00:00,16.78,16.68,0.0
2025-08-07 06:00:00+00:00,17.28,17.14,0.0
2025-08-07 07:00:00+00:00,19.82,20.0,0.0
2025-08-07 08:00:00+00:00,22.2,22.240000000000002,0.0
2025-08-07 09:00:00+00:00,24.54,24.82,0.0
2025-08-07 10:00:00+00:00,26.5,27.54,0.0
2025-08-07 11:00:00+00:00,27.880000000000003,29.54,0.0
2025-08-07 12:00:00+00:00,28.9,30.72,0.0
2025-08-07 13:00:00+00:00,29.82,31.7,0.0
2025-08-07 14:00:00+00:00,30.32,31.880000000000003,0.0
2025-08-07 15:00:00+00:00,30.419999999999998,31.339999999999996,0.0
2025-08-07 16:00:00+00:00,30.339999999999996,30.24,0.0
2025-08-07 17:00:00+00:00,29.860000000000003,29.52,0.0
2025-08-07 18:00:00+00:00,28.6,28.46,0.0
2025-08-07 19:00:00+00:00,26.419999999999998,26.76,0.0
2025-08-07 20:00:00+00:00,24.28,24.4,0.0
2025-08-07 21:00:00+00:00,22.7,23.02,0.0
2025-08-07 22:00:00+00:00,21.72,22.04,0.0
2025-08-07 23:00:00+00:00,20.78,21.02,0.0
2025-08-08 00:00:00+00:00,20.14,20.54,0.0
2025-08-08 01:00:00+00:00,19.64,20.080000000000002,0.0
2025-08-08 02:00:00+00:00,19.28,19.66,0.0
2025-08-08 03:00:00+00:00,19.04,19.32,0.0
2025-08-08 04:00:00+00:00,18.74,19.02,0.0
2025-08-08 05:00:00+00:00,18.5,18.740000000000002,0.0
2025-08-08 06:00:00+00:00,18.880000000000003,19.52,0.0
2025-08-08 07:00:00+00:00,21.06,22.0,0.0
2025-08-08 08:00:00+00:00,23.119999999999997,23.82,0.0
2025-08-08 09:00:00+00:00,25.119999999999997,25.839999999999996,0.0
2025-08-08 10:00:00+00:00,26.939999999999998,28.48,0.0
2025-08-08 11:00:00+00:00,28.6,30.82,1.0
2025-08-08 12:00:00+00:00,29.26,32.019999999999996,0.0
2025-08-08 13:00:00+00:00,30.139999999999997,32.7,0.0
2025-08-08 14:00:00+00:00,30.4,32.8,0.0
2025-08-08 15:00:00+00:00,30.28,32.339999999999996,0.0
2025-08-08 16:00:00+00:00,30.279999999999994,31.74,0.0
2025-08-08 17:00:00+00:00,29.96,31.360000000000003,0.0
2025-08-08 18:00:00+00:00,29.360000000000003,30.5,0.0
2025-08-08 19:00:00+00:00,27.48,28.82,0.0
2025-08-08 20:00:00+00:00,25.860000000000003,26.880000000000003,2.0
2025-08-08 21:00:00+00:00,24.9,25.46,3.0
2025-08-08 22:00:00+00:00,24.04,24.52,0.0
2025-08-08 23:00:00+00:00,23.24,23.880000000000003,0.0
2025-08-09 00:00:00+00:00,21.7,22.619999999999997,0.0
2025-08-09 01:00:00+00:00,21.2,22.1,0.0
2025-08-09 02:00:00+00:00,20.84,21.86,1.0
2025-08-09 03:00:00+00:00,20.46,21.34,0.0
2025-08-09 04:00:00+00:00,20.3,21.04,2.0
2025-08-09 05:00:00+00:00,20.14,21.119999999999997,3.0
2025-08-09 06:00:00+00:00,20.639999999999997,21.68,1.0
2025-08-09 07:00:00+00:00,22.48,23.939999999999998,1.0
2025-08-09 08:00:00+00:00,24.16,25.52,2.0
2025-08-09 09:00:00+00:00,25.72,27.119999999999997,0.0
2025-08-09 10:00:00+00:00,27.02,28.98,2.0
2025-08-09 11:00:00+00:00,28.26,30.7,3.0
2025-08-09 12:00:00+00:00,29.32,31.96,0.0
2025-08-09 13:00:00+00:00,29.72,32.12,0.0
2025-08-09 14:00:00+00:00,29.82,31.72,2.0
2025-08-09 15:00:00+00:00,29.5,30.46,0.0
2025-08-09 16:00:00+00:00,28.82,29.02,1.0
2025-08-09 17:00:00+00:00,27.9,27.759999999999998,0.0
2025-08-09 18:00:00+00:00,27.419999999999998,28.060000000000002,0.0
2025-08-09 19:00:00+00:00,25.56,26.5,0.0
2025-08-09 20:00:00+00:00,23.84,25.1,0.0
2025-08-09 21:00:00+00:00,22.72,24.080000000000002,0.0
2025-08-09 22:00:00+00:00,22.02,23.4,0.0
2025-08-09 23:00:00+00:00,21.56,22.48,0.0
2025-08-10 00:00:00+00:00,20.380000000000003,21.16,0.0
2025-08-10 01:00:00+00:00,19.86,20.7,0.0
2025-08-10 02:00:00+00:00,19.56,20.48,0.0
2025-08-10 03:00:00+00:00,19.4,20.32,0.0
2025-08-10 04:00:00+00:00,19.240000000000002,20.16,0.0
2025-08-10 05:00:00+00:00,18.98,19.96,0.0
2025-08-10 06:00:00+00:00,19.759999999999998,20.86,0.0
2025-08-10 07:00:00+00:00,21.639999999999997,22.72,0.0
2025-08-10 08:00:00+00:00,23.16,24.080000000000002,0.0
2025-08-10 09:00:00+00:00,25.259999999999998,26.24,0.0
2025-08-10 10:00:00+00:00,27.6,29.420000000000005,0.0
2025-08-10 11:00:00+00:00,29.6,32.160000000000004,0.0
2025-08-10 12:00:00+00:00,30.46,33.6,0.0
2025-08-10 13:00:00+00:00,31.6,34.739999999999995,0.0
2025-08-10 14:00:00+00:00,32.339999999999996,35.18,0.0
2025-08-10 15:00:00+00:00,32.760000000000005,34.96,0.0
2025-08-10 16:00:00+00:00,32.86,34.2,0.0
2025-08-10 17:00:00+00:00,32.620000000000005,33.64,0.0
2025-08-10 18:00:00+00:00,30.919999999999998,31.96,0.0
2025-08-10 19:00:00+00:00,29.380000000000003,30.660000000000004,0.0
2025-08-10 20:00:00+00:00,27.619999999999997,28.560000000000002,0.0
2025-08-10 21:00:00+00:00,26.32,27.18,0.0
2025-08-10 22:00:00+00:00,25.36,26.04,0.0
2025-08-10 23:00:00+00:00,24.48,25.1,0.0
2025-08-11 00:00:00+00:00,23.939999999999998,24.3,0.0
2025-08-11 01:00:00+00:00,23.259999999999998,23.419999999999998,0.0
2025-08-11 02:00:00+00:00,22.580000000000002,22.7,0.0
2025-08-11 03:00:00+00:00,21.98,22.1,0.0
2025-08-11 04:00:00+00:00,21.46,21.560000000000002,0.0
2025-08-11 05:00:00+00:00,21.080000000000002,21.080000000000002,0.0
2025-08-11 06:00:00+00:00,21.52,21.56,0.0
2025-08-11 07:00:00+00:00,24.119999999999997,24.72,0.0
2025-08-11 08:00:00+00:00,27.18,28.360000000000003,0.0
2025-08-11 09:00:00+00:00,29.78,30.76,0.0
2025-08-11 10:00:00+00:00,31.660000000000004,33.28,0.0
2025-08-11 11:00:00+00:00,33.160000000000004,35.06,0.0
2025-08-11 12:00:00+00:00,33.480000000000004,35.480000000000004,0.0
2025-08-11 13:00:00+00:00,34.32,36.5,0.0
2025-08-11 14:00:00+00:00,34.739999999999995,36.58,1.0
2025-08-11 15:00:00+00:00,34.339999999999996,35.4,1.0
2025-08-11 16:00:00+00:00,33.839999999999996,34.06,0.0
2025-08-11 17:00:00+00:00,31.939999999999998,31.98,0.0
2025-08-11 18:00:00+00:00,28.639999999999997,29.419999999999998,0.0
2025-08-11 19:00:00+00:00,26.119999999999997,27.339999999999996,0.0
2025-08-11 20:00:00+00:00,24.06,25.7,1.0
2025-08-11 21:00:00+00:00,22.84,24.46,0.0
2025-08-11 22:00:00+00:00,22.2,23.919999999999998,1.0
2025-08-11 23:00:00+00:00,21.8,23.64,1.0
2025-08-12 00:00:00+00:00,21.56,23.139999999999997,0.0
2025-08-12 01:00:00+00:00,21.32,22.84,0.0
2025-08-12 02:00:00+00:00,20.94,22.7,1.0
2025-08-12 03:00:00+00:00,20.339999999999996,22.16,0.0
2025-08-12 04:00:00+00:00,19.759999999999998,21.259999999999998,1.0
2025-08-12 05:00:00+00:00,19.22,20.64,0.0
2025-08-12 06:00:00+00:00,19.82,21.56,1.0
2025-08-12 07:00:00+00:00,21.96,23.880000000000003,1.0
2025-08-12 08:00:00+00:00,23.619999999999997,25.28,0.0
2025-08-12 09:00:00+00:00,25.5,27.160000000000004,0.0
2025-08-12 10:00:00+00:00,27.339999999999996,29.54,0.0
2025-08-12 11:00:00+00:00,28.880000000000003,31.54,0.0
2025-08-12 12:00:00+00:00,28.939999999999998,32.239999999999995,0.0
2025-08-12 13:00:00+00:00,29.839999999999996,32.94,0.0
2025-08-12 14:00:00+00:00,30.5,32.94,0.0
2025-08-12 15:00:00+00:00,30.54,31.98,0.0
2025-08-12 16:00:00+00:00,30.439999999999998,31.0,0.0
2025-08-12 17:00:00+00:00,29.96,30.720000000000006,0.0
2025-08-12 18:00:00+00:00,28.560000000000002,29.8,0.0
2025-08-12 19:00:00+00:00,26.46,28.439999999999998,0.0
2025-08-12 20:00:00+00:00,24.44,26.28,3.0
2025-08-12 21:00:00+00:00,23.02,24.48,2.0
2025-08-12 22:00:00+00:00,22.259999999999998,23.740000000000002,1.0
2025-08-12 23:00:00+00:00,21.78,23.5,3.0
2025-08-13 00:00:00+00:00,23.32,24.54,3.0
2025-08-13 01:00:00+00:00,22.68,24.04,3.0
2025-08-13 02:00:00+00:00,22.4,23.64,3.0
2025-08-13 03:00:00+00:00,22.18,23.259999999999998,3.0
2025-08-13 04:00:00+00:00,22.14,23.22,3.0
2025-08-13 05:00:00+00:00,22.0,22.98,3.0
2025-08-13 06:00:00+00:00,22.16,23.419999999999998,3.0
2025-08-13 07:00:00+00:00,24.6,25.98,3.0
2025-08-13 08:00:00+00:00,27.2,28.82,3.0
2025-08-13 09:00:00+00:00,29.28,29.9,3.0
2025-08-13 10:00:00+00:00,29.880000000000003,30.880000000000003,3.0
2025-08-13 11:00:00+00:00,30.119999999999997,31.419999999999998,3.0
2025-08-13 12:00:00+00:00,27.839999999999996,29.439999999999998,3.0
2025-08-13 13:00:00+00:00,28.24,30.1,3.0
2025-08-13 14:00:00+00:00,27.880000000000003,29.560000000000002,3.0
2025-08-13 15:00:00+00:00,28.139999999999997,29.96,3.0
2025-08-13 16:00:00+00:00,27.759999999999998,29.24,3.0
2025-08-13 17:00:00+00:00,27.660000000000004,29.18,3.0
2025-08-13 18:00:00+00:00,26.860000000000003,28.54,3.0
2025-08-13 19:00:00+00:00,25.34,27.060000000000002,3.0
2025-08-13 20:00:00+00:00,23.880000000000003,25.619999999999997,3.0
2025-08-13 21:00:00+00:00,22.78,24.94,3.0
2025-08-13 22:00:00+00:00,22.28,24.54,3.0
2025-08-13 23:00:00+00:00,21.619999999999997,23.880000000000003,3.0
2025-08-14 00:00:00+00:00,21.119999999999997,23.16,2.0
2025-08-14 01:00:00+00:00,20.7,22.68,2.0
2025-08-14 02:00:00+00:00,20.32,22.34,1.0
2025-08-14 03:00:00+00:00,20.04,22.02,1.0
2025-08-14 04:00:00+00:00,19.82,21.880000000000003,2.0
2025-08-14 05:00:00+00:00,19.56,21.72,2.0
2025-08-14 06:00:00+00:00,20.12,22.380000000000003,0.0
2025-08-14 07:00:00+00:00,21.82,24.1,0.0
2025-08-14 08:00:00+00:00,23.5,25.939999999999998,1.0
2025-08-14 09:00:00+00:00,25.28,27.72,1.0
2025-08-14 10:00:00+00:00,26.860000000000003,30.04,1.0
2025-08-14 11:00:00+00:00,28.26,31.98,0.0
2025-08-14 12:00:00+00:00,29.080000000000002,32.980000000000004,1.0
2025-08-14 13:00:00+00:00,29.9,33.56,1.0
2025-08-14 14:00:00+00:00,30.439999999999998,33.67999999999999,0.0
2025-08-14 15:00:00+00:00,30.5,32.88,0.0
2025-08-14 16:00:00+00:00,30.18,31.660000000000004,0.0
2025-08-14 17:00:00+00:00,29.74,31.24,0.0
2025-08-14 18:00:00+00:00,29.1,31.22,1.0
2025-08-14 19:00:00+00:00,27.4,30.080000000000002,0.0
2025-08-14 20:00:00+00:00,25.74,28.3,0.0
2025-08-14 21:00:00+00:00,24.619999999999997,27.18,0.0
2025-08-14 22:00:00+00:00,23.84,26.339999999999996,0.0
2025-08-14 23:00:00+00:00,23.119999999999997,25.5,0.0
2025-08-15 00:00:00+00:00,22.8,24.96,1.0
2025-08-15 01:00:00+00:00,22.339999999999996,24.5,1.0
2025-08-15 02:00:00+00:00,21.98,24.04,0.0
2025-08-15 03:00:00+00:00,21.56,23.36,1.0
2025-08-15 04:00:00+00:00,21.3,22.880000000000003,0.0
2025-08-15 05:00:00+00:00,21.16,22.7,0.0
2025-08-15 06:00:00+00:00,22.16,23.72,0.0
2025-08-15 07:00:00+00:00,24.5,26.5,0.0
2025-08-15 08:00:00+00:00,27.54,30.0,0.0
2025-08-15 09:00:00+00:00,29.860000000000003,31.8,0.0
2025-08-15 10:00:00+00:00,31.860000000000003,34.36,0.0
2025-08-15 11:00:00+00:00,33.519999999999996,36.480000000000004,0.0
2025-08-15 12:00:00+00:00,34.67999999999999,37.72,0.0
2025-08-15 13:00:00+00:00,35.52,38.260000000000005,0.0
2025-08-15 14:00:00+00:00,35.82,38.12,0.0
2025-08-15 15:00:00+00:00,35.8,37.019999999999996,0.0
2025-08-15 16:00:00+00:00,35.4,35.62,0.0
2025-08-15 17:00:00+00:00,34.480000000000004,34.7,0.0
2025-08-15 18:00:00+00:00,33.08,34.18,0.0
2025-08-15 19:00:00+00:00,30.54,31.860000000000003,0.0
2025-08-15 20:00:00+00:00,28.2,29.32,0.0
2025-08-15 21:00:00+00:00,27.3,28.4,0.0
2025-08-15 22:00:00+00:00,26.52,27.74,0.0
2025-08-15 23:00:00+00:00,25.880000000000003,27.139999999999997,0.0
2025-08-16 00:00:00+00:00,25.44,26.52,0.0
2025-08-16 01:00:00+00:00,24.82,25.98,0.0
2025-08-16 02:00:00+00:00,24.06,25.360000000000003,0.0
2025-08-16 03:00:00+00:00,23.46,24.78,0.0
2025-08-16 04:00:00+00:00,23.080000000000002,24.360000000000003,0.0
2025-08-16 05:00:00+00:00,22.740000000000002,23.96,0.0
2025-08-16 06:00:00+00:00,22.78,24.22,0.0
2025-08-16 07:00:00+00:00,24.6,26.639999999999997,0.0
2025-08-16 08:00:00+00:00,27.119999999999997,29.380000000000003,0.0
2025-08-16 09:00:00+00:00,28.8,30.580000000000002,0.0
2025-08-16 10:00:00+00:00,30.139999999999997,32.2,0.0
2025-08-16 11:00:00+00:00,31.419999999999998,33.78,0.0
2025-08-16 12:00:00+00:00,32.480000000000004,35.12,0.0
2025-08-16 13:00:00+00:00,33.22,35.54,0.0
2025-08-16 14:00:00+00:00,33.56,35.28,0.0
2025-08-16 15:00:00+00:00,33.54,34.32,0.0
2025-08-16 16:00:00+00:00,33.239999999999995,33.160000000000004,0.0
2025-08-16 17:00:00+00:00,32.46,32.480000000000004,0.0
2025-08-16 18:00:00+00:00,30.939999999999998,31.939999999999998,0.0
2025-08-16 19:00:00+00:00,28.3,30.04,0.0
2025-08-16 20:00:00+00:00,26.68,28.060000000000002,0.0
2025-08-16 21:00:00+00:00,25.46,26.32,0.0
2025-08-16 22:00:00+00:00,24.7,25.48,0.0
2025-08-16 23:00:00+00:00,23.98,24.74,0.0
2025-08-17 00:00:00+00:00,22.2,23.740000000000002,0.0
2025-08-17 01:00:00+00:00,21.619999999999997,23.28,0.0
2025-08-17 02:00:00+00:00,21.119999999999997,22.84,0.0
2025-08-17 03:00:00+00:00,20.839999999999996,22.68,0.0
2025-08-17 04:00:00+00:00,20.54,22.44,0.0
2025-08-17 05:00:00+00:00,20.18,21.94,0.0
2025-08-17 06:00:00+00:00,20.56,22.5,0.0
2025-08-17 07:00:00+00:00,21.9,24.06,2.0
2025-08-17 08:00:00+00:00,23.34,25.5,2.0
2025-08-17 09:00:00+00:00,24.7,27.080000000000002,2.0
2025-08-17 10:00:00+00:00,26.22,28.639999999999997,2.0
2025-08-17 11:00:00+00:00,27.419999999999998,30.479999999999997,2.0
2025-08-17 12:00:00+00:00,27.72,31.439999999999998,2.0
2025-08-17 13:00:00+00:00,28.3,32.019999999999996,1.0
2025-08-17 14:00:00+00:00,28.7,32.1,2.0
2025-08-17 15:00:00+00:00,28.76,31.339999999999996,2.0
2025-08-17 16:00:00+00:00,28.04,29.9,2.0
2025-08-17 17:00:00+00:00,27.360000000000003,29.339999999999996,1.0
2025-08-17 18:00:00+00:00,26.439999999999998,28.380000000000003,1.0
2025-08-17 19:00:00+00:00,24.6,26.48,1.0
2025-08-17 20:00:00+00:00,23.06,25.02,0.0
2025-08-17 21:00:00+00:00,22.1,24.18,1.0
2025-08-17 22:00:00+00:00,21.52,23.82,2.0
2025-08-17 23:00:00+00:00,21.18,23.56,2.0
2025-08-18 00:00:00+00:00,21.1,23.16,2.0
2025-08-18 01:00:00+00:00,20.759999999999998,22.880000000000003,3.0
2025-08-18 02:00:00+00:00,20.580000000000002,22.42,2.0
2025-08-18 03:00:00+00:00,20.56,21.880000000000003,3.0
2025-08-18 04:00:00+00:00,20.259999999999998,21.740000000000002,3.0
2025-08-18 05:00:00+00:00,20.080000000000002,21.72,3.0
2025-08-18 06:00:00+00:00,20.2,21.4,3.0
2025-08-18 07:00:00+00:00,21.5,22.82,3.0
2025-08-18 08:00:00+00:00,22.76,23.98,3.0
2025-08-18 09:00:00+00:00,23.8,24.919999999999998,3.0
2025-08-18 10:00:00+00:00,24.68,25.860000000000003,3.0
2025-08-18 11:00:00+00:00,25.34,26.560000000000002,3.0
2025-08-18 12:00:00+00:00,25.2,26.3,3.0
2025-08-18 13:00:00+00:00,25.240000000000002,25.919999999999998,3.0
2025-08-18 14:00:00+00:00,25.080000000000002,25.5,3.0
2025-08-18 15:00:00+00:00,24.94,25.259999999999998,3.0
2025-08-18 16:00:00+00:00,24.34,24.3,3.0
2025-08-18 17:00:00+00:00,23.56,23.66,3.0
2025-08-18 18:00:00+00:00,22.740000000000002,23.6,3.0
2025-08-18 19:00:00+00:00,21.94,22.96,3.0
2025-08-18 20:00:00+00:00,21.339999999999996,22.4,3.0
2025-08-18 21:00:00+00:00,20.54,21.82,3.0
2025-08-18 22:00:00+00:00,20.1,21.6,3.0
2025-08-18 23:00:00+00:00,19.919999999999998,21.560000000000002,3.0
2025-08-19 00:00:00+00:00,19.259999999999998,20.9,3.0
2025-08-19 01:00:00+00:00,19.259999999999998,20.740000000000002,3.0
2025-08-19 02:00:00+00:00,19.28,20.7,3.0
2025-08-19 03:00:00+00:00,19.16,20.48,3.0
2025-08-19 04:00:00+00:00,19.14,20.48,3.0
2025-08-19 05:00:00+00:00,19.02,20.32,3.0
2025-08-19 06:00:00+00:00,18.759999999999998,20.0,3.0
2025-08-19 07:00:00+00:00,19.46,20.6,3.0
2025-08-19 08:00:00+00:00,20.16,21.18,3.0
2025-08-19 09:00:00+00:00,20.759999999999998,21.74,3.0
2025-08-19 10:00:00+00:00,21.4,22.240000000000002,3.0
2025-08-19 11:00:00+00:00,22.0,22.72,3.0
2025-08-19 12:00:00+00:00,22.22,22.580000000000002,3.0
2025-08-19 13:00:00+00:00,22.46,22.8,3.0
2025-08-19 14:00:00+00:00,22.740000000000002,23.060000000000002,3.0
2025-08-19 15:00:00+00:00,22.7,22.7,3.0
2025-08-19 16:00:00+00:00,22.4,22.32,3.0
2025-08-19 17:00:00+00:00,21.880000000000003,22.04,3.0
2025-08-19 18:00:00+00:00,21.1,21.66,3.0
2025-08-19 19:00:00+00:00,20.5,21.54,3.0
2025-08-19 20:00:00+00:00,19.860000000000003,21.28,80.0
2025-08-19 21:00:00+00:00,19.46,20.880000000000003,3.0
2025-08-19 22:00:00+00:00,19.1,20.46,3.0
2025-08-19 23:00:00+00:00,18.78,20.1,3.0
2025-08-20 00:00:00+00:00,18.8,20.04,3.0
2025-08-20 01:00:00+00:00,18.279999999999998,19.380000000000003,3.0
2025-08-20 02:00:00+00:00,18.02,19.1,3.0
2025-08-20 03:00:00+00:00,18.04,19.060000000000002,3.0
2025-08-20 04:00:00+00:00,17.96,18.94,3.0
2025-08-20 05:00:00+00:00,17.88,18.7,3.0
2025-08-20 06:00:00+00:00,17.68,18.46,2.0
2025-08-20 07:00:00+00:00,18.32,19.0,2.0
2025-08-20 08:00:00+00:00,18.96,19.48,2.0
2025-08-20 09:00:00+00:00,19.740000000000002,20.14,3.0
2025-08-20 10:00:00+00:00,20.28,20.46,2.0
2025-08-20 11:00:00+00:00,20.759999999999998,21.119999999999997,2.0
2025-08-20 12:00:00+00:00,21.439999999999998,22.02,2.0
2025-08-20 13:00:00+00:00,21.64,22.1,3.0
2025-08-20 14:00:00+00:00,21.580000000000002,21.7,3.0
2025-08-20 15:00:00+00:00,21.14,21.28,1.0
2025-08-20 16:00:00+00:00,21.080000000000002,21.14,3.0
2025-08-20 17:00:00+00:00,20.3,20.380000000000003,3.0
2025-08-20 18:00:00+00:00,20.1,20.3,3.0
2025-08-20 19:00:00+00:00,19.54,19.98,3.0
2025-08-20 20:00:00+00:00,19.06,19.759999999999998,3.0
2025-08-20 21:00:00+00:00,18.759999999999998,19.48,2.0
2025-08-20 22:00:00+00:00,18.44,19.119999999999997,3.0
2025-08-20 23:00:00+00:00,18.240000000000002,18.7,3.0
2025-08-21 00:00:00+00:00,18.46,19.14,3.0
2025-08-21 01:00:00+00:00,18.16,18.8,80.0
2025-08-21 02:00:00+00:00,17.98,18.5,3.0
2025-08-21 03:00:00+00:00,17.82,18.32,3.0
2025-08-21 04:00:00+00:00,17.64,18.22,80.0
2025-08-21 05:00:00+00:00,17.54,18.14,80.0
2025-08-21 06:00:00+00:00,17.380000000000003,17.919999999999998,3.0
2025-08-21 07:00:00+00:00,17.92,18.240000000000002,2.0
2025-08-21 08:00:00+00:00,18.580000000000002,18.82,3.0
2025-08-21 09:00:00+00:00,19.119999999999997,19.28,3.0
2025-08-21 10:00:00+00:00,19.76,19.96,80.0
2025-08-21 11:00:00+00:00,20.4,20.48,2.0
2025-08-21 12:00:00+00:00,20.86,21.04,2.0
2025-08-21 13:00:00+00:00,21.36,21.419999999999998,3.0
2025-08-21 14:00:00+00:00,21.56,21.3,3.0
2025-08-21 15:00:00+00:00,21.46,20.96,80.0
2025-08-21 16:00:00+00:00,21.18,20.56,1.0
2025-08-21 17:00:00+00:00,20.660000000000004,20.0,80.0
2025-08-21 18:00:00+00:00,20.22,19.46,1.0
2025-08-21 19:00:00+00:00,19.5,19.02,0.0
2025-08-21 20:00:00+00:00,19.1,18.98,1.0
2025-08-21 21:00:00+00:00,18.82,18.84,2.0
2025-08-21 22:00:00+00:00,18.58,18.82,2.0
2025-08-21 23:00:00+00:00,18.4,18.78,2.0
2025-08-22 00:00:00+00:00,18.06,18.36,2.0
2025-08-22 01:00:00+00:00,17.86,18.119999999999997,2.0
2025-08-22 02:00:00+00:00,17.48,17.68,2.0
2025-08-22 03:00:00+00:00,17.240000000000002,17.36,2.0
2025-08-22 04:00:00+00:00,16.979999999999997,17.14,1.0
2025-08-22 05:00:00+00:00,16.619999999999997,16.66,2.0
2025-08-22 06:00:00+00:00,16.18,16.580000000000002,3.0
2025-08-22 07:00:00+00:00,17.28,18.06,3.0
2025-08-22 08:00:00+00:00,18.72,19.580000000000002,3.0
2025-08-22 09:00:00+00:00,19.64,20.18,3.0
2025-08-22 10:00:00+00:00,20.54,21.22,3.0
2025-08-22 11:00:00+00:00,21.240000000000002,21.9,2.0
2025-08-22 12:00:00+00:00,21.9,22.46,2.0
2025-08-22 13:00:00+00:00,22.46,22.84,3.0
2025-08-22 14:00:00+00:00,22.78,23.04,2.0
2025-08-22 15:00:00+00:00,22.94,22.86,2.0
2025-08-22 16:00:00+00:00,22.8,22.580000000000002,1.0
2025-08-22 17:00:00+00:00,22.419999999999998,22.259999999999998,2.0
2025-08-22 18:00:00+00:00,21.9,21.78,2.0
2025-08-22 19:00:00+00:00,20.68,20.86,1.0
2025-08-22 20:00:00+00:00,19.64,19.9,1.0
2025-08-22 21:00:00+00:00,18.94,19.22,0.0
2025-08-22 22:00:00+00:00,18.44,18.84,0.0
2025-08-22 23:00:00+00:00,18.06,18.5,0.0
2025-08-23 00:00:00+00:00,17.54,17.96,1.0
2025-08-23 01:00:00+00:00,17.28,17.66,1.0
2025-08-23 02:00:00+00:00,16.94,17.240000000000002,0.0
2025-08-23 03:00:00+00:00,16.54,16.8,0.0
2025-08-23 04:00:00+00:00,16.080000000000002,16.28,0.0
2025-08-23 05:00:00+00:00,15.66,15.819999999999999,0.0
2025-08-23 06:00:00+00:00,15.459999999999999,15.780000000000001,0.0
2025-08-23 07:00:00+00:00,16.98,17.580000000000002,0.0
2025-08-23 08:00:00+00:00,18.44,18.740000000000002,0.0
2025-08-23 09:00:00+00:00,19.759999999999998,19.98,0.0
2025-08-23 10:00:00+00:00,21.0,21.66,0.0
2025-08-23 11:00:00+00:00,22.119999999999997,23.119999999999997,0.0
2025-08-23 12:00:00+00:00,23.2,24.46,0.0
2025-08-23 13:00:00+00:00,23.9,25.14,0.0
2025-08-23 14:00:00+00:00,24.36,25.2,1.0
2025-08-23 15:00:00+00:00,24.56,24.78,1.0
2025-08-23 16:00:00+00:00,24.44,23.94,1.0
2025-08-23 17:00:00+00:00,24.02,23.580000000000002,0.0
2025-08-23 18:00:00+00:00,23.5,23.28,0.0
2025-08-23 19:00:00+00:00,22.02,22.080000000000002,0.0
2025-08-23 20:00:00+00:00,20.86,21.0,0.0
2025-08-23 21:00:00+00:00,19.82,20.1,0.0
2025-08-23 22:00:00+00:00,19.06,19.419999999999998,0.0
2025-08-23 23:00:00+00:00,18.580000000000002,18.82,0.0
2025-08-24 00:00:00+00:00,17.94,18.0,0.0
2025-08-24 01:00:00+00:00,17.380000000000003,17.259999999999998,0.0
2025-08-24 02:00:00+00:00,16.8,16.54,0.0
2025-08-24 03:00:00+00:00,16.28,15.9,0.0
2025-08-24 04:00:00+00:00,15.84,15.319999999999999,0.0
2025-08-24 05:00:00+00:00,15.5,14.9,0.0
2025-08-24 06:00:00+00:00,15.48,14.98,0.0
2025-08-24 07:00:00+00:00,17.24,17.14,0.0
2025-08-24 08:00:00+00:00,19.7,19.86,0.0
2025-08-24 09:00:00+00:00,21.5,21.56,0.0
2025-08-24 10:00:00+00:00,23.3,24.240000000000002,0.0
2025-08-24 11:00:00+00:00,24.9,26.48,0.0
2025-08-24 12:00:00+00:00,26.919999999999998,28.560000000000002,0.0
2025-08-24 13:00:00+00:00,27.74,29.380000000000003,0.0
2025-08-24 14:00:00+00:00,28.02,29.5,0.0
2025-08-24 15:00:00+00:00,28.04,28.919999999999998,0.0
2025-08-24 16:00:00+00:00,27.8,27.880000000000003,0.0
2025-08-24 17:00:00+00:00,27.18,27.24,0.0
2025-08-24 18:00:00+00:00,26.04,27.0,0.0
2025-08-24 19:00:00+00:00,24.4,25.4,0.0
2025-08-24 20:00:00+00:00,22.919999999999998,23.5,0.0
2025-08-24 21:00:00+00:00,21.759999999999998,22.34,0.0
2025-08-24 22:00:00+00:00,21.02,21.66,0.0
2025-08-24 23:00:00+00:00,20.380000000000003,20.96,0.0
2025-08-25 00:00:00+00:00,19.22,19.9,0.0
2025-08-25 01:00:00+00:00,18.64,19.240000000000002,3.0
2025-08-25 02:00:00+00:00,18.22,18.82,3.0
2025-08-25 03:00:00+00:00,17.880000000000003,18.52,3.0
2025-08-25 04:00:00+00:00,17.72,18.380000000000003,3.0
2025-08-25 05:00:00+00:00,17.68,18.34,3.0
2025-08-25 06:00:00+00:00,17.78,18.560000000000002,3.0
2025-08-25 07:00:00+00:00,19.080000000000002,20.18,3.0
2025-08-25 08:00:00+00:00,20.919999999999998,22.5,3.0
2025-08-25 09:00:00+00:00,22.54,23.880000000000003,3.0
2025-08-25 10:00:00+00:00,24.119999999999997,25.76,3.0
2025-08-25 11:00:00+00:00,25.6,27.919999999999998,1.0
2025-08-25 12:00:00+00:00,29.26,31.9,0.0
2025-08-25 13:00:00+00:00,29.660000000000004,32.36,0.0
2025-08-25 14:00:00+00:00,29.9,32.44,2.0
2025-08-25 15:00:00+00:00,29.639999999999997,31.580000000000002,2.0
2025-08-25 16:00:00+00:00,28.580000000000002,29.72,1.0
2025-08-25 17:00:00+00:00,27.919999999999998,29.04,2.0
2025-08-25 18:00:00+00:00,26.68,28.139999999999997,0.0
2025-08-25 19:00:00+00:00,24.68,26.22,0.0
2025-08-25 20:00:00+00:00,23.259999999999998,24.82,2.0
2025-08-25 21:00:00+00:00,22.0,23.46,2.0
2025-08-25 22:00:00+00:00,21.14,22.619999999999997,1.0
2025-08-25 23:00:00+00:00,20.46,21.98,1.0
2025-08-26 00:00:00+00:00,20.16,21.72,1.0
2025-08-26 01:00:00+00:00,19.839999999999996,21.419999999999998,2.0
2025-08-26 02:00:00+00:00,19.619999999999997,21.22,1.0
2025-08-26 03:00:00+00:00,19.66,21.160000000000004,2.0
2025-08-26 04:00:00+00:00,19.6,21.0,3.0
2025-08-26 05:00:00+00:00,19.5,20.72,3.0
2025-08-26 06:00:00+00:00,19.74,21.380000000000003,3.0
2025-08-26 07:00:00+00:00,20.68,22.119999999999997,3.0
2025-08-26 08:00:00+00:00,21.22,22.66,3.0
2025-08-26 09:00:00+00:00,21.82,23.3,3.0
2025-08-26 10:00:00+00:00,22.44,23.68,3.0
2025-08-26 11:00:00+00:00,23.259999999999998,24.5,3.0
2025-08-26 12:00:00+00:00,24.080000000000002,25.52,3.0
2025-08-26 13:00:00+00:00,24.5,25.78,3.0
2025-08-26 14:00:00+00:00,24.5,25.48,3.0
2025-08-26 15:00:00+00:00,24.36,25.32,3.0
2025-08-26 16:00:00+00:00,24.04,25.1,2.0
2025-08-26 17:00:00+00:00,23.56,24.86,2.0
2025-08-26 18:00:00+00:00,22.54,24.56,2.0
2025-08-26 19:00:00+00:00,21.72,23.84,2.0
2025-08-26 20:00:00+00:00,21.1,23.380000000000003,2.0
2025-08-26 21:00:00+00:00,20.580000000000002,22.759999999999998,2.0
2025-08-26 22:00:00+00:00,20.240000000000002,22.44,2.0
2025-08-26 23:00:00+00:00,20.02,22.28,3.0
2025-08-27 00:00:00+00:00,19.72,21.619999999999997,3.0
2025-08-27 01:00:00+00:00,19.44,21.54,2.0
2025-08-27 02:00:00+00:00,19.32,21.380000000000003,3.0
2025-08-27 03:00:00+00:00,19.36,21.4,3.0
2025-08-27 04:00:00+00:00,19.360000000000003,21.419999999999998,3.0
2025-08-27 05:00:00+00:00,19.36,21.54,3.0
2025-08-27 06:00:00+00:00,19.32,21.46,3.0
2025-08-27 07:00:00+00:00,19.52,21.46,3.0
2025-08-27 08:00:00+00:00,20.02,21.619999999999997,3.0
2025-08-27 09:00:00+00:00,20.4,21.8,3.0
2025-08-27 10:00:00+00:00,21.16,22.759999999999998,3.0
2025-08-27 11:00:00+00:00,22.04,23.240000000000002,3.0
2025-08-27 12:00:00+00:00,21.56,23.240000000000002,3.0
2025-08-27 13:00:00+00:00,21.740000000000002,23.34,3.0
2025-08-27 14:00:00+00:00,21.82,23.22,3.0
2025-08-27 15:00:00+00:00,21.619999999999997,22.72,3.0
2025-08-27 16:00:00+00:00,21.54,22.580000000000002,3.0
2025-08-27 17:00:00+00:00,21.22,22.52,3.0
2025-08-27 18:00:00+00:00,20.94,22.259999999999998,3.0
2025-08-27 19:00:00+00:00,20.3,21.84,3.0
2025-08-27 20:00:00+00:00,19.9,21.36,3.0
2025-08-27 21:00:00+00:00,19.619999999999997,20.880000000000003,3.0
2025-08-27 22:00:00+00:00,19.240000000000002,20.16,3.0
2025-08-27 23:00:00+00:00,18.740000000000002,19.7,3.0
2025-08-28 00:00:00+00:00,18.86,20.119999999999997,2.0
2025-08-28 01:00:00+00:00,18.8,19.78,2.0
2025-08-28 02:00:00+00:00,18.46,19.080000000000002,3.0
2025-08-28 03:00:00+00:00,18.259999999999998,18.5,3.0
2025-08-28 04:00:00+00:00,18.14,18.28,2.0
2025-08-28 05:00:00+00:00,17.839999999999996,18.0,2.0
2025-08-28 06:00:00+00:00,17.9,18.0,3.0
2025-08-28 07:00:00+00:00,18.22,17.98,3.0
2025-08-28 08:00:00+00:00,18.4,17.7,2.0
2025-08-28 09:00:00+00:00,18.72,17.9,2.0
2025-08-28 10:00:00+00:00,19.3,18.24,2.0
2025-08-28 11:00:00+00:00,19.64,18.3,3.0
2025-08-28 12:00:00+00:00,19.82,18.52,80.0
2025-08-28 13:00:00+00:00,20.04,18.6,2.0
2025-08-28 14:00:00+00:00,20.080000000000002,18.56,2.0
2025-08-28 15:00:00+00:00,20.14,18.4,2.0
2025-08-28 16:00:00+00:00,19.96,18.380000000000003,2.0
2025-08-28 17:00:00+00:00,19.52,18.16,2.0
2025-08-28 18:00:00+00:00,18.740000000000002,17.580000000000002,3.0
2025-08-28 19:00:00+00:00,18.12,17.580000000000002,3.0
2025-08-28 20:00:00+00:00,17.580000000000002,17.18,2.0
2025-08-28 21:00:00+00:00,17.2,16.6,3.0
2025-08-28 22:00:00+00:00,17.14,16.36,3.0
2025-08-28 23:00:00+00:00,16.96,16.1,3.0
2025-08-29 00:00:00+00:00,16.68,15.66,2.0
2025-08-29 01:00:00+00:00,16.68,15.579999999999998,1.0
2025-08-29 02:00:00+00:00,16.56,15.34,1.0
2025-08-29 03:00:00+00:00,16.64,15.339999999999998,3.0
2025-08-29 04:00:00+00:00,16.8,15.48,3.0
2025-08-29 05:00:00+00:00,17.02,15.4,61.0
2025-08-29 06:00:00+00:00,17.54,15.88,95.0
2025-08-29 07:00:00+00:00,18.22,16.5,3.0
2025-08-29 08:00:00+00:00,19.2,17.7,3.0
2025-08-29 09:00:00+00:00,19.66,17.880000000000003,3.0
2025-08-29 10:00:00+00:00,19.8,17.68,80.0
2025-08-29 11:00:00+00:00,19.64,17.64,80.0
2025-08-29 12:00:00+00:00,19.48,17.759999999999998,80.0
2025-08-29 13:00:00+00:00,19.54,17.759999999999998,2.0
2025-08-29 14:00:00+00:00,19.86,18.119999999999997,2.0
2025-08-29 15:00:00+00:00,19.759999999999998,17.96,80.0
2025-08-29 16:00:00+00:00,19.46,17.740000000000002,3.0
2025-08-29 17:00:00+00:00,19.240000000000002,17.84,3.0
2025-08-29 18:00:00+00:00,18.86,17.54,2.0
2025-08-29 19:00:00+00:00,18.44,17.54,2.0
2025-08-29 20:00:00+00:00,18.1,17.44,2.0
2025-08-29 21:00:00+00:00,17.88,17.46,2.0
2025-08-29 22:00:00+00:00,17.72,17.34,2.0
2025-08-29 23:00:00+00:00,17.6,17.32,2.0
2025-08-30 00:00:00+00:00,17.16,16.919999999999998,2.0
2025-08-30 01:00:00+00:00,17.14,17.06,2.0
2025-08-30 02:00:00+00:00,17.06,17.119999999999997,2.0
2025-08-30 03:00:00+00:00,17.14,17.34,2.0
2025-08-30 04:00:00+00:00,17.240000000000002,17.419999999999998,2.0
2025-08-30 05:00:00+00:00,17.08,17.16,3.0
2025-08-30 06:00:00+00:00,17.54,18.0,2.0
2025-08-30 07:00:00+00:00,18.48,19.0,2.0
2025-08-30 08:00:00+00:00,19.8,20.3,2.0
2025-08-30 09:00:00+00:00,20.66,21.04,2.0
2025-08-30 10:00:00+00:00,21.46,21.68,3.0
2025-08-30 11:00:00+00:00,22.04,22.24,3.0
2025-08-30 12:00:00+00:00,22.580000000000002,22.8,2.0
2025-08-30 13:00:00+00:00,22.54,22.5,3.0
2025-08-30 14:00:00+00:00,22.560000000000002,22.96,3.0
2025-08-30 15:00:00+00:00,22.740000000000002,23.2,2.0
2025-08-30 16:00:00+00:00,22.759999999999998,23.16,1.0
2025-08-30 17:00:00+00:00,22.4,22.919999999999998,3.0
2025-08-30 18:00:00+00:00,21.56,22.4,2.0
2025-08-30 19:00:00+00:00,20.82,21.96,3.0
2025-08-30 20:00:00+00:00,20.14,21.2,3.0
2025-08-30 21:00:00+00:00,19.919999999999998,21.080000000000002,3.0
2025-08-30 22:00:00+00:00,19.919999999999998,20.98,3.0
2025-08-30 23:00:00+00:00,19.740000000000002,20.94,3.0
2025-08-31 00:00:00+00:00,19.48,20.619999999999997,3.0
2025-08-31 01:00:00+00:00,19.34,20.6,2.0
2025-08-31 02:00:00+00:00,19.14,20.360000000000003,2.0
2025-08-31 03:00:00+00:00,18.98,20.18,2.0
2025-08-31 04:00:00+00:00,18.9,19.96,2.0
2025-08-31 05:00:00+00:00,18.78,19.72,3.0
2025-08-31 06:00:00+00:00,18.54,19.94,3.0
2025-08-31 07:00:00+00:00,18.919999999999998,20.52,3.0
2025-08-31 08:00:00+00:00,19.380000000000003,20.84,3.0
2025-08-31 09:00:00+00:00,19.78,20.939999999999998,3.0
2025-08-31 10:00:00+00:00,19.7,20.66,3.0
2025-08-31 11:00:00+00:00,19.6,20.64,3.0
2025-08-31 12:00:00+00:00,19.66,20.7,3.0
2025-08-31 13:00:00+00:00,19.4,20.2,80.0
2025-08-31 14:00:00+00:00,19.3,19.86,80.0
2025-08-31 15:00:00+00:00,19.02,19.5,2.0
2025-08-31 16:00:00+00:00,18.72,19.28,3.0
2025-08-31 17:00:00+00:00,18.66,19.18,3.0
2025-08-31 18:00:00+00:00,18.419999999999998,18.44,3.0
2025-08-31 19:00:00+00:00,17.86,18.04,3.0
2025-08-31 20:00:00+00:00,17.28,17.52,2.0
2025-08-31 21:00:00+00:00,17.1,17.18,3.0
2025-08-31 22:00:00+00:00,17.0,17.14,3.0
2025-08-31 23:00:00+00:00,16.84,16.919999999999998,2.0
2025-09-01 00:00:00+00:00,16.64,16.74,3.0
2025-09-01 01:00:00+00:00,16.380000000000003,16.4,2.0
2025-09-01 02:00:00+00:00,16.2,16.16,2.0
2025-09-01 03:00:00+00:00,16.06,15.959999999999999,2.0
2025-09-01 04:00:00+00:00,15.919999999999998,15.680000000000001,2.0
2025-09-01 05:00:00+00:00,15.88,15.66,3.0
2025-09-01 06:00:00+00:00,16.0,15.84,2.0
2025-09-01 07:00:00+00:00,16.52,16.32,2.0
2025-09-01 08:00:00+00:00,17.14,16.6,2.0
2025-09-01 09:00:00+00:00,17.7,16.82,2.0
2025-09-01 10:00:00+00:00,17.919999999999998,16.8,2.0
2025-09-01 11:00:00+00:00,18.28,17.139999999999997,2.0
2025-09-01 12:00:00+00:00,18.619999999999997,17.2,2.0
2025-09-01 13:00:00+00:00,18.7,17.3,2.0
2025-09-01 14:00:00+00:00,18.86,17.2,2.0
2025-09-01 15:00:00+00:00,18.759999999999998,17.0,2.0
2025-09-01 16:00:00+00:00,18.48,16.84,3.0
2025-09-01 17:00:00+00:00,18.1,16.68,2.0
2025-09-01 18:00:00+00:00,17.54,16.36,3.0
2025-09-01 19:00:00+00:00,17.02,16.04,2.0
2025-09-01 20:00:00+00:00,16.7,15.84,3.0
2025-09-01 21:00:00+00:00,16.419999999999998,15.580000000000002,2.0
2025-09-01 22:00:00+00:00,16.080000000000002,15.4,2.0
2025-09-01 23:00:00+00:00,15.959999999999999,15.3,2.0
2025-09-02 00:00:00+00:00,15.680000000000001,15.059999999999999,3.0
2025-09-02 01:00:00+00:00,15.780000000000001,15.059999999999999,3.0
2025-09-02 02:00:00+00:00,15.719999999999999,15.02,3.0
2025-09-02 03:00:00+00:00,15.62,14.819999999999999,3.0
2025-09-02 04:00:00+00:00,15.64,14.719999999999999,3.0
2025-09-02 05:00:00+00:00,15.74,14.74,3.0
2025-09-02 06:00:00+00:00,15.66,14.680000000000001,3.0
2025-09-02 07:00:00+00:00,16.3,15.16,3.0
2025-09-02 08:00:00+00:00,17.18,16.119999999999997,3.0
2025-09-02 09:00:00+00:00,18.04,16.66,3.0
2025-09-02 10:00:00+00:00,18.64,17.119999999999997,3.0
2025-09-02 11:00:00+00:00,19.259999999999998,17.860000000000003,3.0
2025-09-02 12:00:00+00:00,20.2,18.56,3.0
2025-09-02 13:00:00+00:00,20.240000000000002,18.56,3.0
2025-09-02 14:00:00+00:00,20.52,18.64,3.0
2025-09-02 15:00:00+00:00,20.3,18.8,3.0
2025-09-02 16:00:00+00:00,19.98,18.740000000000002,3.0
2025-09-02 17:00:00+00:00,19.52,18.7,3.0
2025-09-02 18:00:00+00:00,19.64,19.240000000000002,3.0
2025-09-02 19:00:00+00:00,19.119999999999997,19.02,3.0
2025-09-02 20:00:00+00:00,18.72,18.7,3.0
2025-09-02 21:00:00+00:00,18.4,18.48,3.0
2025-09-02 22:00:00+00:00,18.48,18.580000000000002,3.0
2025-09-02 23:00:00+00:00,18.22,18.36,2.0
2025-09-03 00:00:00+00:00,17.9,17.98,2.0
2025-09-03 01:00:00+00:00,17.72,17.9,3.0
2025-09-03 02:00:00+00:00,17.62,17.92,0.0
2025-09-03 03:00:00+00:00,17.56,17.759999999999998,2.0
2025-09-03 04:00:00+00:00,17.419999999999998,17.6,3.0
2025-09-03 05:00:00+00:00,17.360000000000003,17.34,0.0
2025-09-03 06:00:00+00:00,17.86,17.52,3.0
2025-09-03 07:00:00+00:00,18.86,18.56,3.0
2025-09-03 08:00:00+00:00,20.6,20.759999999999998,3.0
2025-09-03 09:00:00+00:00,21.96,21.919999999999998,3.0
2025-09-03 10:00:00+00:00,22.96,22.939999999999998,3.0
2025-09-03 11:00:00+00:00,24.060000000000002,24.3,3.0
2025-09-03 12:00:00+00:00,24.6,24.4,2.0
2025-09-03 13:00:00+00:00,24.52,23.580000000000002,2.0
2025-09-03 14:00:00+00:00,24.2,23.119999999999997,3.0
2025-09-03 15:00:00+00:00,23.42,22.339999999999996,3.0
2025-09-03 16:00:00+00:00,22.82,22.02,2.0
2025-09-03 17:00:00+00:00,22.0,21.52,1.0
2025-09-03 18:00:00+00:00,21.64,21.44,3.0
2025-09-03 19:00:00+00:00,20.54,20.86,3.0
2025-09-03 20:00:00+00:00,19.8,20.44,2.0
2025-09-03 21:00:00+00:00,19.36,20.18,2.0
2025-09-03 22:00:00+00:00,19.119999999999997,20.06,2.0
2025-09-03 23:00:00+00:00,18.9,19.84,2.0
2025-09-04 00:00:00+00:00,18.96,19.54,3.0
2025-09-04 01:00:00+00:00,18.7,19.14,3.0
2025-09-04 02:00:00+00:00,18.42,18.759999999999998,80.0
2025-09-04 03:00:00+00:00,18.240000000000002,18.64,80.0
2025-09-04 04:00:00+00:00,18.080000000000002,18.34,3.0
2025-09-04 05:00:00+00:00,17.919999999999998,18.28,3.0
2025-09-04 06:00:00+00:00,17.68,17.86,3.0
2025-09-04 07:00:00+00:00,17.839999999999996,17.96,3.0
2025-09-04 08:00:00+00:00,18.259999999999998,18.0,3.0
2025-09-04 09:00:00+00:00,18.98,18.419999999999998,3.0
2025-09-04 10:00:00+00:00,19.339999999999996,18.26,2.0
2025-09-04 11:00:00+00:00,19.02,17.86,3.0
2025-09-04 12:00:00+00:00,19.28,18.06,80.0
2025-09-04 13:00:00+00:00,19.46,17.72,80.0
2025-09-04 14:00:00+00:00,19.28,17.56,2.0
2025-09-04 15:00:00+00:00,19.32,17.619999999999997,2.0
2025-09-04 16:00:00+00:00,19.139999999999997,17.72,2.0
2025-09-04 17:00:00+00:00,18.86,17.68,2.0
2025-09-04 18:00:00+00:00,19.32,19.14,1.0
2025-09-04 19:00:00+00:00,18.259999999999998,18.46,2.0
2025-09-04 20:00:00+00:00,17.479999999999997,17.759999999999998,1.0
2025-09-04 21:00:00+00:00,17.080000000000002,17.2,2.0
2025-09-04 22:00:00+00:00,16.8,16.8,2.0
2025-09-04 23:00:00+00:00,16.48,16.419999999999998,2.0
2025-09-05 00:00:00+00:00,16.22,16.3,2.0
2025-09-05 01:00:00+00:00,15.98,16.04,2.0
2025-09-05 02:00:00+00:00,15.86,15.940000000000001,2.0
2025-09-05 03:00:00+00:00,15.580000000000002,15.780000000000001,2.0
2025-09-05 04:00:00+00:00,15.319999999999999,15.6,2.0
2025-09-05 05:00:00+00:00,14.98,15.419999999999998,2.0
2025-09-05 06:00:00+00:00,14.3,14.559999999999999,2.0
2025-09-05 07:00:00+00:00,15.48,16.1,2.0
2025-09-05 08:00:00+00:00,17.16,17.759999999999998,2.0
2025-09-05 09:00:00+00:00,18.32,18.740000000000002,2.0
2025-09-05 10:00:00+00:00,19.3,19.72,1.0
2025-09-05 11:00:00+00:00,20.16,20.8,1.0
2025-09-05 12:00:00+00:00,20.939999999999998,21.54,1.0
2025-09-05 13:00:00+00:00,21.72,22.18,0.0
2025-09-05 14:00:00+00:00,22.2,22.32,0.0
2025-09-05 15:00:00+00:00,22.46,21.78,0.0
2025-09-05 16:00:00+00:00,22.52,21.380000000000003,0.0
2025-09-05 17:00:00+00:00,22.2,20.86,0.0
2025-09-05 18:00:00+00:00,21.22,20.240000000000002,0.0
2025-09-05 19:00:00+00:00,19.54,18.68,0.0
2025-09-05 20:00:00+00:00,18.419999999999998,17.580000000000002,0.0
2025-09-05 21:00:00+00:00,17.6,16.72,0.0
2025-09-05 22:00:00+00:00,17.02,16.0,0.0
2025-09-05 23:00:00+00:00,16.48,15.34,0.0
2025-09-06 00:00:00+00:00,16.1,14.719999999999999,0.0
2025-09-06 01:00:00+00:00,15.74,14.34,0.0
2025-09-06 02:00:00+00:00,15.48,14.16,0.0
2025-09-06 03:00:00+00:00,15.24,13.940000000000001,0.0
2025-09-06 04:00:00+00:00,15.2,13.940000000000001,0.0
2025-09-06 05:00:00+00:00,15.219999999999999,14.1,0.0
2025-09-06 06:00:00+00:00,15.12,13.98,0.0
2025-09-06 07:00:00+00:00,16.54,15.64,0.0
2025-09-06 08:00:00+00:00,19.259999999999998,18.759999999999998,0.0
2025-09-06 09:00:00+00:00,21.72,21.14,0.0
2025-09-06 10:00:00+00:00,24.2,24.02,0.0
2025-09-06 11:00:00+00:00,26.380000000000003,26.24,0.0
2025-09-06 12:00:00+00:00,28.160000000000004,28.78,0.0
2025-09-06 13:00:00+00:00,29.3,29.98,0.0
2025-09-06 14:00:00+00:00,30.04,30.52,0.0
2025-09-06 15:00:00+00:00,30.419999999999998,30.4,0.0
2025-09-06 16:00:00+00:00,30.339999999999996,30.26,0.0
2025-09-06 17:00:00+00:00,29.54,30.119999999999997,0.0
2025-09-06 18:00:00+00:00,28.160000000000004,29.0,0.0
2025-09-06 19:00:00+00:00,25.860000000000003,26.32,0.0
2025-09-06 20:00:00+00:00,24.8,24.8,0.0
2025-09-06 21:00:00+00:00,23.919999999999998,23.759999999999998,0.0
2025-09-06 22:00:00+00:00,23.56,23.06,0.0
2025-09-06 23:00:00+00:00,23.14,22.28,0.0
2025-09-07 00:00:00+00:00,23.080000000000002,21.979999999999997,0.0
2025-09-07 01:00:00+00:00,22.68,21.48,0.0
2025-09-07 02:00:00+00:00,22.48,21.119999999999997,0.0
2025-09-07 03:00:00+00:00,22.34,20.979999999999997,3.0
2025-09-07 04:00:00+00:00,22.14,21.119999999999997,2.0
2025-09-07 05:00:00+00:00,21.94,20.98,3.0
2025-09-07 06:00:00+00:00,21.64,21.240000000000002,3.0
2025-09-07 07:00:00+00:00,22.4,22.3,3.0
2025-09-07 08:00:00+00:00,23.84,24.2,3.0
2025-09-07 09:00:00+00:00,25.54,26.160000000000004,1.0
2025-09-07 10:00:00+00:00,26.419999999999998,27.52,2.0
2025-09-07 11:00:00+00:00,27.18,28.4,3.0
2025-09-07 12:00:00+00:00,24.759999999999998,25.0,3.0
2025-09-07 13:00:00+00:00,24.64,24.9,3.0
2025-09-07 14:00:00+00:00,24.759999999999998,25.14,3.0
2025-09-07 15:00:00+00:00,23.919999999999998,24.740000000000002,3.0
2025-09-07 16:00:00+00:00,22.96,24.02,2.0
2025-09-07 17:00:00+00:00,22.48,23.66,3.0
2025-09-07 18:00:00+00:00,21.48,22.82,2.0
2025-09-07 19:00:00+00:00,20.46,21.880000000000003,2.0
2025-09-07 20:00:00+00:00,19.84,21.3,3.0
2025-09-07 21:00:00+00:00,19.54,21.0,3.0
2025-09-07 22:00:00+00:00,19.28,20.68,3.0
2025-09-07 23:00:00+00:00,18.98,20.240000000000002,3.0
2025-09-08 00:00:00+00:00,19.14,20.32,3.0
2025-09-08 01:00:00+00:00,18.939999999999998,20.0,3.0
2025-09-08 02:00:00+00:00,18.78,19.68,3.0
2025-09-08 03:00:00+00:00,18.64,19.52,3.0
2025-09-08 04:00:00+00:00,18.54,19.18,3.0
2025-09-08 05:00:00+00:00,18.32,18.86,3.0
2025-09-08 06:00:00+00:00,17.98,18.3,3.0
2025-09-08 07:00:00+00:00,18.22,18.580000000000002,3.0
2025-09-08 08:00:00+00:00,18.44,18.78,3.0
2025-09-08 09:00:00+00:00,18.7,18.9,3.0
2025-09-08 10:00:00+00:00,18.94,18.94,3.0
2025-09-08 11:00:00+00:00,19.04,18.86,3.0
2025-09-08 12:00:00+00:00,19.759999999999998,19.8,3.0
2025-09-08 13:00:00+00:00,19.8,19.64,3.0
2025-09-08 14:00:00+00:00,19.759999999999998,19.32,3.0
2025-09-08 15:00:00+00:00,19.78,19.119999999999997,3.0
2025-09-08 16:00:00+00:00,19.52,18.880000000000003,3.0
2025-09-08 17:00:00+00:00,19.14,18.5,3.0
2025-09-08 18:00:00+00:00,18.28,17.64,3.0
2025-09-08 19:00:00+00:00,17.8,17.2,3.0
2025-09-08 20:00:00+00:00,17.4,16.94,3.0
2025-09-08 21:00:00+00:00,17.18,16.720000000000002,3.0
2025-09-08 22:00:00+00:00,16.84,16.7,1.0
2025-09-08 23:00:00+00:00,16.6,16.64,2.0
2025-09-09 00:00:00+00:00,15.940000000000001,15.959999999999999,3.0
2025-09-09 01:00:00+00:00,15.680000000000001,15.86,2.0
2025-09-09 02:00:00+00:00,15.34,15.52,2.0
2025-09-09 03:00:00+00:00,15.0,15.34,2.0
2025-09-09 04:00:00+00:00,14.66,15.02,2.0
2025-09-09 05:00:00+00:00,14.2,14.62,2.0
2025-09-09 06:00:00+00:00,14.76,15.2,2.0
2025-09-09 07:00:00+00:00,15.3,15.9,3.0
2025-09-09 08:00:00+00:00,16.34,16.8,2.0
2025-09-09 09:00:00+00:00,17.259999999999998,17.580000000000002,2.0
2025-09-09 10:00:00+00:00,18.14,18.5,2.0
2025-09-09 11:00:00+00:00,19.02,19.259999999999998,3.0
2025-09-09 12:00:00+00:00,19.82,19.839999999999996,3.0
2025-09-09 13:00:00+00:00,20.2,19.82,3.0
2025-09-09 14:00:00+00:00,20.419999999999998,19.64,3.0
2025-09-09 15:00:00+00:00,20.28,19.32,3.0
2025-09-09 16:00:00+00:00,19.880000000000003,18.94,3.0
2025-09-09 17:00:00+00:00,19.46,18.560000000000002,3.0
2025-09-09 18:00:00+00:00,18.66,18.0,3.0
2025-09-09 19:00:00+00:00,17.72,17.32,3.0
2025-09-09 20:00:00+00:00,16.86,16.52,3.0
2025-09-09 21:00:00+00:00,16.5,16.06,2.0
2025-09-09 22:00:00+00:00,16.2,15.7,3.0
2025-09-09 23:00:00+00:00,16.0,15.52,3.0
2025-09-10 00:00:00+00:00,15.36,14.719999999999999,2.0
2025-09-10 01:00:00+00:00,15.2,14.540000000000001,2.0
2025-09-10 02:00:00+00:00,14.98,14.16,3.0
2025-09-10 03:00:00+00:00,14.540000000000001,13.780000000000001,2.0
2025-09-10 04:00:00+00:00,14.319999999999999,13.6,3.0
2025-09-10 05:00:00+00:00,14.4,13.779999999999998,3.0
2025-09-10 06:00:00+00:00,14.4,13.66,2.0
2025-09-10 07:00:00+00:00,15.7,15.180000000000001,2.0
2025-09-10 08:00:00+00:00,17.54,16.98,2.0
2025-09-10 09:00:00+00:00,18.54,17.46,3.0
2025-09-10 10:00:00+00:00,18.979999999999997,17.759999999999998,3.0
2025-09-10 11:00:00+00:00,18.96,17.84,3.0
2025-09-10 12:00:00+00:00,19.86,18.72,3.0
2025-09-10 13:00:00+00:00,19.84,18.66,3.0
2025-09-10 14:00:00+00:00,19.54,18.52,80.0
2025-09-10 15:00:00+00:00,19.32,18.380000000000003,3.0
2025-09-10 16:00:00+00:00,19.6,18.56,3.0
2025-09-10 17:00:00+00:00,18.94,17.98,80.0
2025-09-10 18:00:00+00:00,18.48,17.54,2.0
2025-09-10 19:00:00+00:00,18.32,17.34,2.0
2025-09-10 20:00:00+00:00,18.2,17.2,2.0
2025-09-10 21:00:00+00:00,18.0,17.1,3.0
2025-09-10 22:00:00+00:00,17.759999999999998,16.919999999999998,3.0
2025-09-10 23:00:00+00:00,17.68,16.48,3.0
2025-09-11 00:00:00+00:00,17.14,15.9,2.0
2025-09-11 01:00:00+00:00,16.94,15.680000000000001,2.0
2025-09-11 02:00:00+00:00,16.68,15.52,2.0
2025-09-11 03:00:00+00:00,16.720000000000002,15.680000000000001,2.0
2025-09-11 04:00:00+00:00,16.66,15.680000000000001,2.0
2025-09-11 05:00:00+00:00,16.5,15.580000000000002,2.0
2025-09-11 06:00:00+00:00,16.36,15.559999999999999,2.0
2025-09-11 07:00:00+00:00,17.2,16.28,3.0
2025-09-11 08:00:00+00:00,18.1,16.96,2.0
2025-09-11 09:00:00+00:00,18.8,17.42,2.0
2025-09-11 10:00:00+00:00,19.32,18.1,3.0
2025-09-11 11:00:00+00:00,19.64,18.3,2.0
2025-09-11 12:00:00+00:00,20.240000000000002,18.5,3.0
2025-09-11 13:00:00+00:00,20.28,18.7,2.0
2025-09-11 14:00:00+00:00,20.28,18.76,2.0
2025-09-11 15:00:00+00:00,20.4,18.740000000000002,3.0
2025-09-11 16:00:00+00:00,20.259999999999998,18.84,2.0
2025-09-11 17:00:00+00:00,19.84,18.740000000000002,3.0
2025-09-11 18:00:00+00:00,19.080000000000002,18.24,2.0
2025-09-11 19:00:00+00:00,18.52,17.919999999999998,3.0
2025-09-11 20:00:00+00:00,18.2,17.7,3.0
2025-09-11 21:00:00+00:00,17.880000000000003,17.48,2.0
2025-09-11 22:00:00+00:00,17.520000000000003,17.04,2.0
2025-09-11 23:00:00+00:00,17.2,16.9,2.0
2025-09-12 00:00:00+00:00,16.66,16.2,2.0
2025-09-12 01:00:00+00:00,16.66,16.2,3.0
2025-09-12 02:00:00+00:00,16.34,15.780000000000001,2.0
2025-09-12 03:00:00+00:00,16.22,15.680000000000001,2.0
2025-09-12 04:00:00+00:00,16.2,15.66,2.0
2025-09-12 05:00:00+00:00,15.84,15.26,2.0
2025-09-12 06:00:00+00:00,15.74,15.36,2.0
2025-09-12 07:00:00+00:00,16.18,15.9,80.0
2025-09-12 08:00:00+00:00,17.1,16.56,3.0
2025-09-12 09:00:00+00:00,17.66,16.880000000000003,2.0
2025-09-12 10:00:00+00:00,18.5,17.419999999999998,3.0
2025-09-12 11:00:00+00:00,18.84,17.56,3.0
2025-09-12 12:00:00+00:00,19.380000000000003,18.56,3.0
2025-09-12 13:00:00+00:00,19.7,18.82,3.0
2025-09-12 14:00:00+00:00,19.86,19.0,3.0
2025-09-12 15:00:00+00:00,19.94,19.14,3.0
2025-09-12 16:00:00+00:00,19.82,18.98,3.0
2025-09-12 17:00:00+00:00,19.48,18.8,3.0
2025-09-12 18:00:00+00:00,18.28,18.2,3.0
2025-09-12 19:00:00+00:00,17.54,17.68,3.0
2025-09-12 20:00:00+00:00,17.2,17.32,3.0
2025-09-12 21:00:00+00:00,16.880000000000003,16.98,3.0
2025-09-12 22:00:00+00:00,16.6,16.72,3.0
2025-09-12 23:00:00+00:00,16.52,16.64,3.0
2025-09-13 00:00:00+00:00,16.44,16.759999999999998,3.0
2025-09-13 01:00:00+00:00,16.2,16.5,3.0
2025-09-13 02:00:00+00:00,16.06,16.22,3.0
2025-09-13 03:00:00+00:00,16.02,16.119999999999997,3.0
2025-09-13 04:00:00+00:00,15.959999999999999,16.04,3.0
2025-09-13 05:00:00+00:00,15.98,16.1,3.0
2025-09-13 06:00:00+00:00,15.52,15.459999999999999,3.0
2025-09-13 07:00:00+00:00,16.3,16.46,3.0
2025-09-13 08:00:00+00:00,17.339999999999996,17.34,3.0
2025-09-13 09:00:00+00:00,18.080000000000002,17.98,3.0
2025-09-13 10:00:00+00:00,18.5,18.160000000000004,3.0
2025-09-13 11:00:00+00:00,18.66,18.119999999999997,3.0
2025-09-13 12:00:00+00:00,19.28,18.68,3.0
2025-09-13 13:00:00+00:00,19.34,18.740000000000002,3.0
2025-09-13 14:00:00+00:00,19.380000000000003,19.04,3.0
2025-09-13 15:00:00+00:00,19.4,19.119999999999997,3.0
2025-09-13 16:00:00+00:00,19.04,19.0,3.0
2025-09-13 17:00:00+00:00,18.78,19.16,3.0
2025-09-13 18:00:00+00:00,18.46,18.56,3.0
2025-09-13 19:00:00+00:00,17.9,18.259999999999998,61.0
2025-09-13 20:00:00+00:00,17.64,17.860000000000003,3.0
2025-09-13 21:00:00+00:00,17.54,17.64,3.0
2025-09-13 22:00:00+00:00,17.419999999999998,17.419999999999998,3.0
2025-09-13 23:00:00+00:00,17.48,17.240000000000002,3.0
2025-09-14 00:00:00+00:00,17.240000000000002,17.46,3.0
2025-09-14 01:00:00+00:00,17.4,17.52,3.0
2025-09-14 02:00:00+00:00,17.72,17.48,3.0
2025-09-14 03:00:00+00:00,18.14,17.8,3.0
2025-09-14 04:00:00+00:00,18.380000000000003,18.2,3.0
2025-09-14 05:00:00+00:00,18.48,18.5,3.0
2025-09-14 06:00:00+00:00,18.52,18.580000000000002,3.0
2025-09-14 07:00:00+00:00,18.9,19.2,80.0
2025-09-14 08:00:00+00:00,19.34,19.5,3.0
2025-09-14 09:00:00+00:00,19.84,19.84,3.0
2025-09-14 10:00:00+00:00,20.54,20.68,3.0
2025-09-14 11:00:00+00:00,20.82,20.72,3.0
2025-09-14 12:00:00+00:00,21.4,21.44,3.0
2025-09-14 13:00:00+00:00,21.759999999999998,22.119999999999997,3.0
2025-09-14 14:00:00+00:00,21.8,22.3,3.0
2025-09-14 15:00:00+00:00,21.84,22.56,2.0
2025-09-14 16:00:00+00:00,21.8,22.64,1.0
2025-09-14 17:00:00+00:00,21.46,22.64,3.0
2025-09-14 18:00:00+00:00,20.64,22.16,2.0
2025-09-14 19:00:00+00:00,19.94,21.5,3.0
2025-09-14 20:00:00+00:00,19.46,20.779999999999998,2.0
2025-09-14 21:00:00+00:00,19.240000000000002,20.5,1.0
2025-09-14 22:00:00+00:00,19.1,20.04,2.0
2025-09-14 23:00:00+00:00,19.0,19.84,2.0
2025-09-15 00:00:00+00:00,18.619999999999997,19.52,1.0
2025-09-15 01:00:00+00:00,18.48,19.2,0.0
2025-09-15 02:00:00+00:00,18.4,19.119999999999997,3.0
2025-09-15 03:00:00+00:00,18.3,18.9,3.0
2025-09-15 04:00:00+00:00,18.18,18.880000000000003,3.0
2025-09-15 05:00:00+00:00,18.02,18.619999999999997,2.0
2025-09-15 06:00:00+00:00,18.259999999999998,19.080000000000002,3.0
2025-09-15 07:00:00+00:00,18.78,19.54,3.0
2025-09-15 08:00:00+00:00,19.8,20.5,3.0
2025-09-15 09:00:00+00:00,20.18,20.660000000000004,3.0
2025-09-15 10:00:00+00:00,20.48,20.6,3.0
2025-09-15 11:00:00+00:00,20.8,20.72,3.0
2025-09-15 12:00:00+00:00,20.740000000000002,20.16,3.0
2025-09-15 13:00:00+00:00,20.66,19.76,3.0
2025-09-15 14:00:00+00:00,20.46,19.48,3.0
2025-09-15 15:00:00+00:00,20.2,19.080000000000002,3.0
2025-09-15 16:00:00+00:00,19.66,18.580000000000002,2.0
2025-09-15 17:00:00+00:00,19.1,18.080000000000002,3.0
2025-09-15 18:00:00+00:00,18.36,17.759999999999998,1.0
2025-09-15 19:00:00+00:00,17.5,17.04,1.0
2025-09-15 20:00:00+00:00,16.96,16.380000000000003,2.0
2025-09-15 21:00:00+00:00,16.6,16.28,1.0
2025-09-15 22:00:00+00:00,16.32,16.2,3.0
2025-09-15 23:00:00+00:00,16.02,15.84,3.0
2025-09-16 00:00:00+00:00,15.76,15.459999999999999,3.0
2025-09-16 01:00:00+00:00,15.580000000000002,15.319999999999999,2.0
2025-09-16 02:00:00+00:00,15.459999999999999,15.26,3.0
2025-09-16 03:00:00+00:00,15.280000000000001,15.080000000000002,3.0
2025-09-16 04:00:00+00:00,15.16,15.040000000000001,3.0
2025-09-16 05:00:00+00:00,14.959999999999999,14.86,3.0
2025-09-16 06:00:00+00:00,14.9,14.88,2.0
2025-09-16 07:00:00+00:00,15.739999999999998,15.9,2.0
2025-09-16 08:00:00+00:00,17.16,17.279999999999998,2.0
2025-09-16 09:00:00+00:00,18.240000000000002,18.04,3.0
2025-09-16 10:00:00+00:00,19.259999999999998,18.9,3.0
2025-09-16 11:00:00+00:00,19.92,19.52,3.0
2025-09-16 12:00:00+00:00,20.14,20.4,3.0
2025-09-16 13:00:00+00:00,20.72,21.16,2.0
2025-09-16 14:00:00+00:00,20.919999999999998,21.0,2.0
2025-09-16 15:00:00+00:00,21.0,20.839999999999996,2.0
2025-09-16 16:00:00+00:00,20.8,20.6,2.0
2025-09-16 17:00:00+00:00,20.34,20.46,2.0
2025-09-16 18:00:00+00:00,19.56,19.880000000000003,2.0
2025-09-16 19:00:00+00:00,18.259999999999998,18.5,0.0
2025-09-16 20:00:00+00:00,17.3,17.48,1.0
2025-09-16 21:00:00+00:00,16.6,16.66,1.0
2025-09-16 22:00:00+00:00,16.080000000000002,16.02,1.0
2025-09-16 23:00:00+00:00,15.62,15.559999999999999,1.0
2025-09-17 00:00:00+00:00,15.319999999999999,15.3,1.0
2025-09-17 01:00:00+00:00,15.020000000000001,14.940000000000001,1.0
2025-09-17 02:00:00+00:00,14.719999999999999,14.580000000000002,1.0
2025-09-17 03:00:00+00:00,14.540000000000001,14.319999999999999,1.0
2025-09-17 04:00:00+00:00,14.419999999999998,14.080000000000002,1.0
2025-09-17 05:00:00+00:00,14.24,13.839999999999998,0.0
2025-09-17 06:00:00+00:00,14.26,13.879999999999999,0.0
2025-09-17 07:00:00+00:00,15.4,15.3,0.0
2025-09-17 08:00:00+00:00,17.96,18.360000000000003,0.0
2025-09-17 09:00:00+00:00,20.259999999999998,20.7,0.0
2025-09-17 10:00:00+00:00,21.8,22.5,0.0
2025-09-17 11:00:00+00:00,23.060000000000002,24.380000000000003,0.0
2025-09-17 12:00:00+00:00,23.7,25.46,0.0
2025-09-17 13:00:00+00:00,24.259999999999998,26.18,0.0
2025-09-17 14:00:00+00:00,24.560000000000002,26.26,0.0
2025-09-17 15:00:00+00:00,24.5,25.7,0.0
2025-09-17 16:00:00+00:00,24.1,25.36,1.0
2025-09-17 17:00:00+00:00,23.22,24.86,0.0
2025-09-17 18:00:00+00:00,21.6,23.36,0.0
2025-09-17 19:00:00+00:00,20.1,21.64,0.0
2025-09-17 20:00:00+00:00,18.88,20.259999999999998,0.0
2025-09-17 21:00:00+00:00,17.82,19.02,0.0
2025-09-17 22:00:00+00:00,17.0,18.04,0.0
2025-09-17 23:00:00+00:00,16.5,17.4,0.0
2025-09-18 00:00:00+00:00,16.259999999999998,16.84,0.0
2025-09-18 01:00:00+00:00,15.860000000000003,16.32,0.0
2025-09-18 02:00:00+00:00,15.539999999999997,15.88,0.0
2025-09-18 03:00:00+00:00,15.16,15.48,0.0
2025-09-18 04:00:00+00:00,14.780000000000001,14.98,0.0
2025-09-18 05:00:00+00:00,14.34,14.440000000000001,0.0
2025-09-18 06:00:00+00:00,13.559999999999999,13.38,0.0
2025-09-18 07:00:00+00:00,14.580000000000002,14.580000000000002,0.0
2025-09-18 08:00:00+00:00,17.259999999999998,17.78,0.0
2025-09-18 09:00:00+00:00,19.98,20.54,0.0
2025-09-18 10:00:00+00:00,22.16,23.02,0.0
2025-09-18 11:00:00+00:00,24.16,25.82,0.0
2025-09-18 12:00:00+00:00,25.860000000000003,27.6,0.0
2025-09-18 13:00:00+00:00,27.160000000000004,28.639999999999997,0.0
2025-09-18 14:00:00+00:00,27.919999999999998,28.919999999999998,0.0
2025-09-18 15:00:00+00:00,28.24,28.3,0.0
2025-09-18 16:00:00+00:00,27.880000000000003,27.76,0.0
2025-09-18 17:00:00+00:00,26.72,26.96,0.0
2025-09-18 18:00:00+00:00,24.259999999999998,24.22,0.0
2025-09-18 19:00:00+00:00,22.3,22.16,0.0
2025-09-18 20:00:00+00:00,21.240000000000002,21.02,0.0
2025-09-18 21:00:00+00:00,20.56,20.419999999999998,0.0
2025-09-18 22:00:00+00:00,20.02,20.080000000000002,0.0
2025-09-18 23:00:00+00:00,19.380000000000003,19.34,0.0
2025-09-19 00:00:00+00:00,18.86,18.880000000000003,0.0
2025-09-19 01:00:00+00:00,18.5,18.4,0.0
2025-09-19 02:00:00+00:00,18.14,18.06,0.0
2025-09-19 03:00:00+00:00,17.880000000000003,17.72,0.0
2025-09-19 04:00:00+00:00,17.619999999999997,17.479999999999997,0.0
2025-09-19 05:00:00+00:00,17.36,17.2,0.0
2025-09-19 06:00:00+00:00,17.080000000000002,17.06,0.0
2025-09-19 07:00:00+00:00,18.119999999999997,18.32,0.0
2025-09-19 08:00:00+00:00,20.72,21.740000000000002,0.0
2025-09-19 09:00:00+00:00,23.119999999999997,23.84,0.0
2025-09-19 10:00:00+00:00,24.6,25.5,0.0
2025-09-19 11:00:00+00:00,26.22,27.72,0.0
2025-09-19 12:00:00+00:00,27.82,29.419999999999998,0.0
2025-09-19 13:00:00+00:00,28.9,30.4,1.0
2025-09-19 14:00:00+00:00,29.439999999999998,30.48,0.0
2025-09-19 15:00:00+00:00,29.24,30.080000000000002,3.0
2025-09-19 16:00:00+00:00,28.72,30.080000000000002,3.0
2025-09-19 17:00:00+00:00,27.919999999999998,29.82,3.0
2025-09-19 18:00:00+00:00,26.52,28.660000000000004,2.0
2025-09-19 19:00:00+00:00,24.779999999999998,26.26,3.0
2025-09-19 20:00:00+00:00,24.16,25.3,1.0
2025-09-19 21:00:00+00:00,23.98,24.68,3.0
2025-09-19 22:00:00+00:00,23.48,23.82,1.0
2025-09-19 23:00:00+00:00,23.3,23.3,2.0
2025-09-20 00:00:00+00:00,22.94,22.94,2.0
2025-09-20 01:00:00+00:00,22.68,22.4,3.0
2025-09-20 02:00:00+00:00,22.46,22.04,3.0
2025-09-20 03:00:00+00:00,22.259999999999998,21.740000000000002,3.0
2025-09-20 04:00:00+00:00,21.919999999999998,21.8,3.0
2025-09-20 05:00:00+00:00,21.839999999999996,22.06,3.0
2025-09-20 06:00:00+00:00,21.740000000000002,21.259999999999998,3.0
2025-09-20 07:00:00+00:00,21.94,21.98,3.0
2025-09-20 08:00:00+00:00,22.919999999999998,23.36,3.0
2025-09-20 09:00:00+00:00,23.619999999999997,24.36,3.0
2025-09-20 10:00:00+00:00,24.240000000000002,25.419999999999998,3.0
2025-09-20 11:00:00+00:00,24.1,25.16,3.0
2025-09-20 12:00:00+00:00,25.34,26.22,2.0
2025-09-20 13:00:00+00:00,25.22,26.0,2.0
2025-09-20 14:00:00+00:00,24.759999999999998,24.8,3.0
2025-09-20 15:00:00+00:00,23.3,23.78,3.0
2025-09-20 16:00:00+00:00,21.68,22.1,3.0
2025-09-20 17:00:00+00:00,20.46,20.54,3.0
2025-09-20 18:00:00+00:00,20.48,20.64,3.0
2025-09-20 19:00:00+00:00,19.46,20.34,80.0
2025-09-20 20:00:00+00:00,19.119999999999997,20.48,95.0
2025-09-20 21:00:00+00:00,19.0,20.0,80.0
2025-09-20 22:00:00+00:00,18.2,18.1,80.0
2025-09-20 23:00:00+00:00,17.4,17.259999999999998,3.0
2025-09-21 00:00:00+00:00,16.380000000000003,16.259999999999998,3.0
2025-09-21 01:00:00+00:00,16.119999999999997,16.14,3.0
2025-09-21 02:00:00+00:00,15.780000000000001,15.5,3.0
2025-09-21 03:00:00+00:00,15.52,15.34,3.0
2025-09-21 04:00:00+00:00,15.440000000000001,15.62,80.0
2025-09-21 05:00:00+00:00,15.36,15.6,80.0
2025-09-21 06:00:00+00:00,15.34,15.24,3.0
2025-09-21 07:00:00+00:00,15.12,15.02,61.0
2025-09-21 08:00:00+00:00,15.12,15.02,61.0
2025-09-21 09:00:00+00:00,15.2,15.14,61.0
2025-09-21 10:00:00+00:00,15.540000000000001,15.620000000000001,61.0
2025-09-21 11:00:00+00:00,15.88,15.6,80.0
2025-09-21 12:00:00+00:00,15.76,15.34,3.0
2025-09-21 13:00:00+00:00,16.2,15.679999999999998,61.0
2025-09-21 14:00:00+00:00,16.48,15.680000000000001,2.0
2025-09-21 15:00:00+00:00,16.4,15.64,2.0
2025-09-21 16:00:00+00:00,16.28,15.74,80.0
2025-09-21 17:00:00+00:00,16.02,15.459999999999999,3.0
2025-09-21 18:00:00+00:00,15.559999999999999,15.0,80.0
2025-09-21 19:00:00+00:00,14.920000000000002,14.440000000000001,2.0
2025-09-21 20:00:00+00:00,14.4,13.780000000000001,80.0
2025-09-21 21:00:00+00:00,14.36,13.440000000000001,3.0
2025-09-21 22:00:00+00:00,14.24,13.319999999999999,3.0
2025-09-21 23:00:00+00:00,14.1,13.040000000000001,3.0
2025-09-22 00:00:00+00:00,13.62,12.360000000000001,1.0
2025-09-22 01:00:00+00:00,13.38,12.040000000000001,2.0
2025-09-22 02:00:00+00:00,13.14,11.680000000000001,80.0
2025-09-22 03:00:00+00:00,12.940000000000001,11.440000000000001,80.0
2025-09-22 04:00:00+00:00,12.819999999999999,11.16,3.0
2025-09-22 05:00:00+00:00,12.819999999999999,11.16,2.0
2025-09-22 06:00:00+00:00,12.819999999999999,10.5,2.0
2025-09-22 07:00:00+00:00,13.219999999999999,10.76,3.0
2025-09-22 08:00:00+00:00,14.12,11.780000000000001,3.0
2025-09-22 09:00:00+00:00,14.559999999999999,11.98,3.0
2025-09-22 10:00:00+00:00,14.780000000000001,12.059999999999999,3.0
2025-09-22 11:00:00+00:00,15.219999999999999,12.52,3.0
2025-09-22 12:00:00+00:00,15.84,13.040000000000001,3.0
2025-09-22 13:00:00+00:00,16.14,13.3,3.0
2025-09-22 14:00:00+00:00,16.14,13.16,3.0
2025-09-22 15:00:00+00:00,15.86,12.86,3.0
2025-09-22 16:00:00+00:00,15.540000000000001,12.620000000000001,3.0
2025-09-22 17:00:00+00:00,15.219999999999999,12.7,3.0
2025-09-22 18:00:00+00:00,14.62,12.919999999999998,3.0
2025-09-22 19:00:00+00:00,14.1,12.74,2.0
2025-09-22 20:00:00+00:00,13.52,12.239999999999998,0.0
2025-09-22 21:00:00+00:00,13.059999999999999,11.559999999999999,0.0
2025-09-22 22:00:00+00:00,12.7,11.12,1.0
2025-09-22 23:00:00+00:00,12.34,10.719999999999999,0.0
2025-09-23 00:00:00+00:00,11.68,9.940000000000001,0.0
2025-09-23 01:00:00+00:00,11.379999999999999,9.72,3.0
2025-09-23 02:00:00+00:00,11.1,9.440000000000001,3.0
2025-09-23 03:00:00+00:00,10.86,9.16,0.0
2025-09-23 04:00:00+00:00,10.64,8.919999999999998,0.0
2025-09-23 05:00:00+00:00,10.440000000000001,8.76,0.0
2025-09-23 06:00:00+00:00,10.24,8.459999999999999,3.0
2025-09-23 07:00:00+00:00,10.68,9.059999999999999,3.0
2025-09-23 08:00:00+00:00,11.76,10.08,3.0
2025-09-23 09:00:00+00:00,12.6,10.78,3.0
2025-09-23 10:00:00+00:00,13.280000000000001,11.459999999999999,3.0
2025-09-23 11:00:00+00:00,13.819999999999999,12.22,3.0
2025-09-23 12:00:00+00:00,14.48,12.42,3.0
2025-09-23 13:00:00+00:00,14.739999999999998,12.28,3.0
2025-09-23 14:00:00+00:00,14.919999999999998,12.120000000000001,2.0
2025-09-23 15:00:00+00:00,14.74,11.879999999999999,3.0
2025-09-23 16:00:00+00:00,14.319999999999999,11.64,2.0
2025-09-23 17:00:00+00:00,13.959999999999999,11.32,2.0
2025-09-23 18:00:00+00:00,13.02,10.76,2.0
2025-09-23 19:00:00+00:00,12.5,10.4,3.0
2025-09-23 20:00:00+00:00,12.2,10.24,3.0
2025-09-23 21:00:00+00:00,12.18,10.08,2.0
2025-09-23 22:00:00+00:00,11.98,9.86,2.0
2025-09-23 23:00:00+00:00,11.7,9.58,3.0
2025-09-24 00:00:00+00:00,11.34,9.5,2.0
2025-09-24 01:00:00+00:00,11.08,9.36,2.0
2025-09-24 02:00:00+00:00,10.92,9.28,2.0
2025-09-24 03:00:00+00:00,10.66,9.02,2.0
2025-09-24 04:00:00+00:00,10.6,9.0,2.0
2025-09-24 05:00:00+00:00,10.42,8.9,1.0
2025-09-24 06:00:00+00:00,10.4,8.940000000000001,2.0
2025-09-24 07:00:00+00:00,10.940000000000001,9.44,2.0
2025-09-24 08:00:00+00:00,12.02,10.6,2.0
2025-09-24 09:00:00+00:00,12.98,11.5,2.0
2025-09-24 10:00:00+00:00,13.84,12.14,3.0
2025-09-24 11:00:00+00:00,14.24,12.52,3.0
2025-09-24 12:00:00+00:00,14.540000000000001,12.8,3.0
2025-09-24 13:00:00+00:00,14.74,13.14,3.0
2025-09-24 14:00:00+00:00,15.040000000000001,13.459999999999999,3.0
2025-09-24 15:00:00+00:00,15.1,13.48,3.0
2025-09-24 16:00:00+00:00,14.979999999999999,13.34,3.0
2025-09-24 17:00:00+00:00,14.34,12.84,3.0
2025-09-24 18:00:00+00:00,14.040000000000001,13.0,2.0
2025-09-24 19:00:00+00:00,13.5,12.4,2.0
2025-09-24 20:00:00+00:00,12.919999999999998,11.82,1.0
2025-09-24 21:00:00+00:00,12.440000000000001,11.52,1.0
2025-09-24 22:00:00+00:00,12.120000000000001,11.2,2.0
2025-09-24 23:00:00+00:00,11.86,10.780000000000001,2.0
2025-09-25 00:00:00+00:00,11.82,10.7,2.0
2025-09-25 01:00:00+00:00,11.72,10.540000000000001,2.0
2025-09-25 02:00:00+00:00,11.24,9.92,2.0
2025-09-25 03:00:00+00:00,10.86,9.5,2.0
2025-09-25 04:00:00+00:00,10.780000000000001,9.48,1.0
2025-09-25 05:00:00+00:00,10.72,9.42,1.0
2025-09-25 06:00:00+00:00,10.56,9.040000000000001,2.0
2025-09-25 07:00:00+00:00,11.120000000000001,9.74,2.0
2025-09-25 08:00:00+00:00,12.64,11.72,1.0
2025-09-25 09:00:00+00:00,13.559999999999999,12.540000000000001,1.0
2025-09-25 10:00:00+00:00,14.2,12.86,1.0
2025-09-25 11:00:00+00:00,14.719999999999999,13.440000000000001,1.0
2025-09-25 12:00:00+00:00,15.02,13.76,2.0
2025-09-25 13:00:00+00:00,15.360000000000003,13.919999999999998,2.0
2025-09-25 14:00:00+00:00,15.540000000000001,13.86,3.0
2025-09-25 15:00:00+00:00,15.459999999999999,13.8,3.0
2025-09-25 16:00:00+00:00,15.559999999999999,13.979999999999999,2.0
2025-09-25 17:00:00+00:00,15.419999999999998,13.780000000000001,3.0
2025-09-25 18:00:00+00:00,15.040000000000001,14.180000000000001,2.0
2025-09-25 19:00:00+00:00,14.440000000000001,13.559999999999999,2.0
2025-09-25 20:00:00+00:00,13.959999999999999,13.12,3.0
2025-09-25 21:00:00+00:00,13.52,12.76,1.0
2025-09-25 22:00:00+00:00,13.24,12.639999999999999,1.0
2025-09-25 23:00:00+00:00,13.059999999999999,12.459999999999999,2.0
2025-09-26 00:00:00+00:00,12.540000000000001,11.719999999999999,2.0
2025-09-26 01:00:00+00:00,12.219999999999999,11.36,2.0
2025-09-26 02:00:00+00:00,11.98,11.14,2.0
2025-09-26 03:00:00+00:00,11.86,11.0,2.0
2025-09-26 04:00:00+00:00,11.620000000000001,10.72,1.0
2025-09-26 05:00:00+00:00,11.4,10.5,2.0
2025-09-26 06:00:00+00:00,11.16,10.059999999999999,2.0
2025-09-26 07:00:00+00:00,11.620000000000001,10.58,1.0
2025-09-26 08:00:00+00:00,13.0,12.16,2.0
2025-09-26 09:00:00+00:00,14.0,12.959999999999999,2.0
2025-09-26 10:00:00+00:00,14.940000000000001,13.959999999999999,2.0
2025-09-26 11:00:00+00:00,15.680000000000001,14.919999999999998,2.0
2025-09-26 12:00:00+00:00,16.32,15.540000000000001,1.0
2025-09-26 13:00:00+00:00,16.64,15.9,3.0
2025-09-26 14:00:00+00:00,16.880000000000003,15.98,2.0
2025-09-26 15:00:00+00:00,16.94,15.6,2.0
2025-09-26 16:00:00+00:00,16.740000000000002,15.48,1.0
2025-09-26 17:00:00+00:00,16.28,15.419999999999998,0.0
2025-09-26 18:00:00+00:00,15.14,14.66,0.0
2025-09-26 19:00:00+00:00,14.440000000000001,13.919999999999998,1.0
2025-09-26 20:00:00+00:00,13.64,13.16,1.0
2025-09-26 21:00:00+00:00,12.940000000000001,12.459999999999999,0.0
2025-09-26 22:00:00+00:00,12.48,11.940000000000001,2.0
2025-09-26 23:00:00+00:00,12.16,11.6,1.0
2025-09-27 00:00:00+00:00,11.9,10.92,2.0
2025-09-27 01:00:00+00:00,11.64,10.48,3.0
2025-09-27 02:00:00+00:00,11.5,10.32,3.0
2025-09-27 03:00:00+00:00,11.22,9.940000000000001,3.0
2025-09-27 04:00:00+00:00,11.14,9.8,3.0
2025-09-27 05:00:00+00:00,10.92,9.5,3.0
2025-09-27 06:00:00+00:00,10.48,8.9,3.0
2025-09-27 07:00:00+00:00,11.0,9.52,3.0
2025-09-27 08:00:00+00:00,12.559999999999999,11.42,3.0
2025-09-27 09:00:00+00:00,14.319999999999999,13.14,3.0
2025-09-27 10:00:00+00:00,15.760000000000002,14.719999999999999,1.0
2025-09-27 11:00:00+00:00,17.080000000000002,16.419999999999998,1.0
2025-09-27 12:00:00+00:00,18.18,17.56,3.0
2025-09-27 13:00:00+00:00,18.94,18.18,1.0
2025-09-27 14:00:00+00:00,19.419999999999998,18.4,2.0
2025-09-27 15:00:00+00:00,19.66,18.52,1.0
2025-09-27 16:00:00+00:00,19.48,18.34,2.0
2025-09-27 17:00:00+00:00,18.9,17.880000000000003,2.0
2025-09-27 18:00:00+00:00,17.119999999999997,16.04,2.0
2025-09-27 19:00:00+00:00,15.98,14.84,3.0
2025-09-27 20:00:00+00:00,15.26,14.0,3.0
2025-09-27 21:00:00+00:00,14.8,13.520000000000001,3.0
2025-09-27 22:00:00+00:00,14.4,13.059999999999999,3.0
2025-09-27 23:00:00+00:00,14.14,12.84,3.0
2025-09-28 00:00:00+00:00,13.52,12.18,3.0
2025-09-28 01:00:00+00:00,13.4,12.1,3.0
2025-09-28 02:00:00+00:00,13.5,12.459999999999999,3.0
2025-09-28 03:00:00+00:00,13.52,12.459999999999999,3.0
2025-09-28 04:00:00+00:00,13.5,12.219999999999999,3.0
2025-09-28 05:00:00+00:00,13.52,12.16,3.0
2025-09-28 06:00:00+00:00,13.38,12.280000000000001,3.0
2025-09-28 07:00:00+00:00,13.6,12.6,3.0
2025-09-28 08:00:00+00:00,14.320000000000002,13.4,3.0
2025-09-28 09:00:00+00:00,15.38,14.88,3.0
2025-09-28 10:00:00+00:00,16.46,16.0,3.0
2025-09-28 11:00:00+00:00,17.28,16.96,3.0
2025-09-28 12:00:00+00:00,18.18,18.139999999999997,3.0
2025-09-28 13:00:00+00:00,18.86,18.7,3.0
2025-09-28 14:00:00+00:00,19.18,18.759999999999998,3.0
2025-09-28 15:00:00+00:00,19.259999999999998,18.740000000000002,3.0
2025-09-28 16:00:00+00:00,19.14,18.72,3.0
2025-09-28 17:00:00+00:00,18.68,18.54,3.0
2025-09-28 18:00:00+00:00,17.740000000000002,17.32,3.0
2025-09-28 19:00:00+00:00,16.919999999999998,16.619999999999997,3.0
2025-09-28 20:00:00+00:00,16.3,16.02,3.0
2025-09-28 21:00:00+00:00,15.580000000000002,15.14,2.0
2025-09-28 22:00:00+00:00,14.919999999999998,14.5,2.0
2025-09-28 23:00:00+00:00,14.4,14.02,1.0
2025-09-29 00:00:00+00:00,14.5,14.02,3.0
2025-09-29 01:00:00+00:00,14.219999999999999,13.8,2.0
2025-09-29 02:00:00+00:00,13.959999999999999,13.580000000000002,2.0
2025-09-29 03:00:00+00:00,13.74,13.34,1.0
2025-09-29 04:00:00+00:00,13.52,13.020000000000001,1.0
2025-09-29 05:00:00+00:00,13.3,12.72,1.0
2025-09-29 06:00:00+00:00,12.68,12.2,1.0
2025-09-29 07:00:00+00:00,13.16,12.74,1.0
2025-09-29 08:00:00+00:00,14.62,14.4,1.0
2025-09-29 09:00:00+00:00,15.779999999999998,15.420000000000002,2.0
2025-09-29 10:00:00+00:00,16.740000000000002,16.28,2.0
2025-09-29 11:00:00+00:00,17.64,17.06,1.0
2025-09-29 12:00:00+00:00,19.16,18.9,1.0
2025-09-29 13:00:00+00:00,19.62,19.119999999999997,1.0
2025-09-29 14:00:00+00:00,19.740000000000002,18.8,1.0
2025-09-29 15:00:00+00:00,19.7,18.54,1.0
2025-09-29 16:00:00+00:00,19.419999999999998,18.32,1.0
2025-09-29 17:00:00+00:00,18.98,18.06,1.0
2025-09-29 18:00:00+00:00,17.94,17.4,1.0
2025-09-29 19:00:00+00:00,16.919999999999998,16.54,0.0
2025-09-29 20:00:00+00:00,16.16,15.9,1.0
2025-09-29 21:00:00+00:00,15.64,15.379999999999999,1.0
2025-09-29 22:00:00+00:00,15.319999999999999,15.02,0.0
2025-09-29 23:00:00+00:00,15.02,14.719999999999999,0.0
2025-09-30 00:00:00+00:00,14.48,14.02,0.0
2025-09-30 01:00:00+00:00,14.14,13.679999999999998,0.0
2025-09-30 02:00:00+00:00,13.86,13.34,1.0
2025-09-30 03:00:00+00:00,13.559999999999999,13.0,2.0
2025-09-30 04:00:00+00:00,13.5,12.98,3.0
2025-09-30 05:00:00+00:00,13.319999999999999,12.739999999999998,3.0
2025-09-30 06:00:00+00:00,12.7,12.14,1.0
2025-09-30 07:00:00+00:00,13.3,12.9,2.0
2025-09-30 08:00:00+00:00,15.179999999999998,14.98,2.0
2025-09-30 09:00:00+00:00,16.44,16.02,2.0
2025-09-30 10:00:00+00:00,17.5,16.98,0.0
2025-09-30 11:00:00+00:00,18.36,18.0,2.0
2025-09-30 12:00:00+00:00,18.94,18.119999999999997,2.0
2025-09-30 13:00:00+00:00,19.56,18.4,2.0
2025-09-30 14:00:00+00:00,19.8,18.32,2.0
2025-09-30 15:00:00+00:00,19.8,18.16,2.0
2025-09-30 16:00:00+00:00,19.44,17.880000000000003,2.0
2025-09-30 17:00:00+00:00,18.880000000000003,17.68,2.0
2025-09-30 18:00:00+00:00,17.56,16.64,0.0
2025-09-30 19:00:00+00:00,16.78,15.98,0.0
2025-09-30 20:00:00+00:00,16.1,15.459999999999999,0.0
2025-09-30 21:00:00+00:00,15.38,14.920000000000002,0.0
2025-09-30 22:00:00+00:00,14.64,14.2,0.0
2025-09-30 23:00:00+00:00,14.079999999999998,13.560000000000002,0.0
2025-10-01 00:00:00+00:00,13.9,13.36,0.0
2025-10-01 01:00:00+00:00,13.5,13.0,0.0
2025-10-01 02:00:00+00:00,13.040000000000001,12.48,0.0
2025-10-01 03:00:00+00:00,12.66,12.04,1.0
2025-10-01 04:00:00+00:00,12.22,11.52,0.0
2025-10-01 05:00:00+00:00,11.76,10.919999999999998,0.0
2025-10-01 06:00:00+00:00,11.26,10.14,0.0
2025-10-01 07:00:00+00:00,11.72,10.64,0.0
2025-10-01 08:00:00+00:00,13.819999999999999,13.0,0.0
2025-10-01 09:00:00+00:00,15.38,14.419999999999998,0.0
2025-10-01 10:00:00+00:00,16.76,15.6,0.0
2025-10-01 11:00:00+00:00,17.919999999999998,16.86,0.0
2025-10-01 12:00:00+00:00,19.14,18.0,0.0
2025-10-01 13:00:00+00:00,19.8,18.44,0.0
2025-10-01 14:00:00+00:00,20.119999999999997,18.34,0.0
2025-10-01 15:00:00+00:00,20.18,18.18,1.0
2025-10-01 16:00:00+00:00,19.919999999999998,17.86,0.0
2025-10-01 17:00:00+00:00,19.34,17.580000000000002,0.0
2025-10-01 18:00:00+00:00,17.740000000000002,16.880000000000003,0.0
2025-10-01 19:00:00+00:00,16.62,15.86,0.0
2025-10-01 20:00:00+00:00,15.66,15.039999999999997,0.0
2025-10-01 21:00:00+00:00,14.74,14.040000000000001,0.0
2025-10-01 22:00:00+00:00,14.1,13.4,0.0
2025-10-01 23:00:00+00:00,13.64,13.0,0.0
2025-10-02 00:00:00+00:00,12.8,12.08,0.0
2025-10-02 01:00:00+00:00,12.34,11.6,0.0
2025-10-02 02:00:00+00:00,11.9,10.959999999999999,0.0
2025-10-02 03:00:00+00:00,11.42,10.4,0.0
2025-10-02 04:00:00+00:00,11.08,9.879999999999999,0.0
2025-10-02 05:00:00+00:00,10.72,9.36,0.0
2025-10-02 06:00:00+00:00,10.16,8.7,0.0
2025-10-02 07:00:00+00:00,10.66,9.2,0.0
2025-10-02 08:00:00+00:00,13.12,12.059999999999999,0.0
2025-10-02 09:00:00+00:00,15.38,14.14,0.0
2025-10-02 10:00:00+00:00,17.139999999999997,15.86,0.0
2025-10-02 11:00:00+00:00,18.759999999999998,17.96,0.0
2025-10-02 12:00:00+00:00,20.04,19.54,1.0
2025-10-02 13:00:00+00:00,20.96,20.28,1.0
2025-10-02 14:00:00+00:00,21.5,20.48,1.0
2025-10-02 15:00:00+00:00,21.46,20.380000000000003,3.0
2025-10-02 16:00:00+00:00,20.96,20.16,3.0
2025-10-02 17:00:00+00:00,20.04,19.619999999999997,3.0
2025-10-02 18:00:00+00:00,18.78,18.3,3.0
2025-10-02 19:00:00+00:00,17.5,17.08,3.0
2025-10-02 20:00:00+00:00,16.8,16.380000000000003,3.0
2025-10-02 21:00:00+00:00,16.28,15.919999999999998,3.0
2025-10-02 22:00:00+00:00,15.940000000000001,15.580000000000002,3.0
2025-10-02 23:00:00+00:00,15.62,15.4,3.0
2025-10-03 00:00:00+00:00,15.280000000000001,14.74,3.0
2025-10-03 01:00:00+00:00,15.1,14.4,3.0
2025-10-03 02:00:00+00:00,15.0,14.36,3.0
2025-10-03 03:00:00+00:00,14.940000000000001,14.219999999999999,3.0
2025-10-03 04:00:00+00:00,14.959999999999999,14.14,3.0
2025-10-03 05:00:00+00:00,14.940000000000001,14.24,3.0
2025-10-03 06:00:00+00:00,15.66,14.76,3.0
2025-10-03 07:00:00+00:00,16.240000000000002,15.559999999999999,3.0
2025-10-03 08:00:00+00:00,17.54,17.080000000000002,3.0
2025-10-03 09:00:00+00:00,18.44,17.759999999999998,3.0
2025-10-03 10:00:00+00:00,18.560000000000002,17.860000000000003,3.0
2025-10-03 11:00:00+00:00,18.619999999999997,18.0,3.0
2025-10-03 12:00:00+00:00,19.4,18.82,3.0
2025-10-03 13:00:00+00:00,19.28,18.880000000000003,3.0
2025-10-03 14:00:00+00:00,19.240000000000002,19.2,3.0
2025-10-03 15:00:00+00:00,19.22,19.48,3.0
2025-10-03 16:00:00+00:00,19.06,19.6,3.0
2025-10-03 17:00:00+00:00,18.9,19.68,3.0
2025-10-03 18:00:00+00:00,18.36,19.0,3.0
2025-10-03 19:00:00+00:00,18.2,18.919999999999998,3.0
2025-10-03 20:00:00+00:00,18.080000000000002,18.779999999999998,3.0
2025-10-03 21:00:00+00:00,18.04,18.72,3.0
2025-10-03 22:00:00+00:00,17.96,18.68,3.0
2025-10-03 23:00:00+00:00,17.919999999999998,18.44,3.0
2025-10-04 00:00:00+00:00,17.419999999999998,17.64,3.0
2025-10-04 01:00:00+00:00,17.4,17.46,3.0
2025-10-04 02:00:00+00:00,17.34,17.32,3.0
2025-10-04 03:00:00+00:00,17.34,17.2,3.0
2025-10-04 04:00:00+00:00,17.34,16.98,3.0
2025-10-04 05:00:00+00:00,17.259999999999998,16.94,3.0
2025-10-04 06:00:00+00:00,17.240000000000002,16.160000000000004,2.0
2025-10-04 07:00:00+00:00,17.82,16.580000000000002,3.0
2025-10-04 08:00:00+00:00,18.64,17.14,3.0
2025-10-04 09:00:00+00:00,19.259999999999998,17.4,3.0
2025-10-04 10:00:00+00:00,19.720000000000002,18.3,3.0
2025-10-04 11:00:00+00:00,18.94,16.419999999999998,80.0
2025-10-04 12:00:00+00:00,18.46,16.44,3.0
2025-10-04 13:00:00+00:00,18.04,15.88,3.0
2025-10-04 14:00:00+00:00,17.82,15.040000000000001,2.0
2025-10-04 15:00:00+00:00,17.28,14.180000000000001,2.0
2025-10-04 16:00:00+00:00,16.880000000000003,13.6,2.0
2025-10-04 17:00:00+00:00,16.62,13.440000000000001,2.0
2025-10-04 18:00:00+00:00,15.8,12.98,2.0
2025-10-04 19:00:00+00:00,15.080000000000002,11.959999999999999,3.0
2025-10-04 20:00:00+00:00,14.48,11.66,2.0
2025-10-04 21:00:00+00:00,14.34,11.6,2.0
2025-10-04 22:00:00+00:00,14.040000000000001,11.34,2.0
2025-10-04 23:00:00+00:00,14.059999999999999,11.379999999999999,2.0
2025-10-05 00:00:00+00:00,13.66,11.34,2.0
2025-10-05 01:00:00+00:00,13.12,11.02,2.0
2025-10-05 02:00:00+00:00,12.919999999999998,10.879999999999999,2.0
2025-10-05 03:00:00+00:00,12.68,10.620000000000001,2.0
2025-10-05 04:00:00+00:00,12.58,10.66,2.0
2025-10-05 05:00:00+00:00,12.36,10.72,2.0
2025-10-05 06:00:00+00:00,12.18,10.98,2.0
2025-10-05 07:00:00+00:00,12.34,11.22,2.0
2025-10-05 08:00:00+00:00,13.86,12.940000000000001,2.0
2025-10-05 09:00:00+00:00,14.84,13.540000000000001,2.0
2025-10-05 10:00:00+00:00,15.459999999999999,14.059999999999999,2.0
2025-10-05 11:00:00+00:00,16.3,14.5,2.0
2025-10-05 12:00:00+00:00,16.66,14.680000000000001,2.0
2025-10-05 13:00:00+00:00,17.04,14.86,2.0
2025-10-05 14:00:00+00:00,17.3,14.98,2.0
2025-10-05 15:00:00+00:00,17.16,14.74,1.0
2025-10-05 16:00:00+00:00,16.84,14.440000000000001,2.0
2025-10-05 17:00:00+00:00,16.14,14.14,3.0
2025-10-05 18:00:00+00:00,14.819999999999999,13.26,2.0
2025-10-05 19:00:00+00:00,14.040000000000001,12.440000000000001,3.0
2025-10-05 20:00:00+00:00,13.34,11.959999999999999,3.0
2025-10-05 21:00:00+00:00,12.959999999999999,11.64,1.0
2025-10-05 22:00:00+00:00,12.6,11.540000000000001,1.0
2025-10-05 23:00:00+00:00,12.120000000000001,11.059999999999999,1.0
2025-10-06 00:00:00+00:00,11.86,10.8,3.0
2025-10-06 01:00:00+00:00,11.48,10.34,3.0
2025-10-06 02:00:00+00:00,10.9,9.7,3.0
2025-10-06 03:00:00+00:00,10.459999999999999,9.14,2.0
2025-10-06 04:00:00+00:00,9.98,8.6,0.0
2025-10-06 05:00:00+00:00,9.6,8.1,0.0
2025-10-06 06:00:00+00:00,9.08,7.459999999999999,0.0
2025-10-06 07:00:00+00:00,9.42,7.74,1.0
2025-10-06 08:00:00+00:00,11.72,10.34,0.0
2025-10-06 09:00:00+00:00,13.580000000000002,12.040000000000001,0.0
2025-10-06 10:00:00+00:00,15.219999999999999,13.6,0.0
2025-10-06 11:00:00+00:00,16.580000000000002,15.040000000000001,0.0
2025-10-06 12:00:00+00:00,17.44,16.04,0.0
2025-10-06 13:00:00+00:00,18.14,16.639999999999997,0.0
2025-10-06 14:00:00+00:00,18.580000000000002,16.580000000000002,0.0
2025-10-06 15:00:00+00:00,18.72,16.6,0.0
2025-10-06 16:00:00+00:00,18.34,16.22,0.0
2025-10-06 17:00:00+00:00,17.380000000000003,15.580000000000002,0.0
2025-10-06 18:00:00+00:00,15.4,13.919999999999998,0.0
2025-10-06 19:00:00+00:00,14.3,12.86,0.0
2025-10-06 20:00:00+00:00,13.5,12.16,0.0
2025-10-06 21:00:00+00:00,12.940000000000001,11.64,0.0
2025-10-06 22:00:00+00:00,12.58,11.26,0.0
2025-10-06 23:00:00+00:00,12.219999999999999,10.92,0.0
2025-10-07 00:00:00+00:00,11.760000000000002,10.2,3.0
2025-10-07 01:00:00+00:00,11.459999999999999,9.86,3.0
2025-10-07 02:00:00+00:00,11.24,9.540000000000001,3.0
2025-10-07 03:00:00+00:00,11.059999999999999,9.4,3.0
2025-10-07 04:00:00+00:00,10.940000000000001,9.4,3.0
2025-10-07 05:00:00+00:00,10.76,9.2,3.0
2025-10-07 06:00:00+00:00,10.66,9.2,3.0
2025-10-07 07:00:00+00:00,11.02,9.6,0.0
2025-10-07 08:00:00+00:00,12.940000000000001,12.040000000000001,0.0
2025-10-07 09:00:00+00:00,15.26,14.48,0.0
2025-10-07 10:00:00+00:00,17.119999999999997,16.62,0.0
2025-10-07 11:00:00+00:00,18.68,18.7,0.0
2025-10-07 12:00:00+00:00,20.06,20.44,0.0
2025-10-07 13:00:00+00:00,20.82,21.119999999999997,0.0
2025-10-07 14:00:00+00:00,21.28,21.259999999999998,0.0
2025-10-07 15:00:00+00:00,21.34,21.44,0.0
2025-10-07 16:00:00+00:00,20.98,21.4,1.0
2025-10-07 17:00:00+00:00,19.82,20.74,0.0
2025-10-07 18:00:00+00:00,18.6,19.259999999999998,0.0
2025-10-07 19:00:00+00:00,17.32,17.759999999999998,2.0
2025-10-07 20:00:00+00:00,16.5,16.759999999999998,3.0
2025-10-07 21:00:00+00:00,15.719999999999999,15.84,3.0
2025-10-07 22:00:00+00:00,15.16,15.24,2.0
2025-10-07 23:00:00+00:00,14.680000000000001,14.64,2.0
2025-10-08 00:00:00+00:00,13.8,13.580000000000002,3.0
2025-10-08 01:00:00+00:00,13.459999999999999,13.219999999999999,3.0
2025-10-08 02:00:00+00:00,13.12,12.74,3.0
2025-10-08 03:00:00+00:00,12.819999999999999,12.319999999999999,45.0
2025-10-08 04:00:00+00:00,12.66,12.180000000000001,3.0
2025-10-08 05:00:00+00:00,12.42,11.82,3.0
2025-10-08 06:00:00+00:00,12.5,11.84,3.0
2025-10-08 07:00:00+00:00,12.74,12.2,3.0
2025-10-08 08:00:00+00:00,14.080000000000002,13.9,3.0
2025-10-08 09:00:00+00:00,15.919999999999998,15.98,3.0
2025-10-08 10:00:00+00:00,17.46,17.740000000000002,2.0
2025-10-08 11:00:00+00:00,18.36,18.740000000000002,3.0
2025-10-08 12:00:00+00:00,19.6,19.72,3.0
2025-10-08 13:00:00+00:00,19.96,20.02,3.0
2025-10-08 14:00:00+00:00,20.06,20.06,3.0
2025-10-08 15:00:00+00:00,19.82,19.82,3.0
2025-10-08 16:00:00+00:00,19.34,19.36,3.0
2025-10-08 17:00:00+00:00,18.2,18.46,3.0
2025-10-08 18:00:00+00:00,17.3,17.419999999999998,3.0
2025-10-08 19:00:00+00:00,16.6,16.8,3.0
2025-10-08 20:00:00+00:00,16.02,16.1,3.0
2025-10-08 21:00:00+00:00,15.62,15.62,3.0
2025-10-08 22:00:00+00:00,15.34,15.319999999999999,3.0
2025-10-08 23:00:00+00:00,15.180000000000001,15.14,3.0
2025-10-09 00:00:00+00:00,14.9,15.02,3.0
2025-10-09 01:00:00+00:00,14.64,14.62,3.0
2025-10-09 02:00:00+00:00,14.419999999999998,14.319999999999999,3.0
2025-10-09 03:00:00+00:00,14.34,14.219999999999999,3.0
2025-10-09 04:00:00+00:00,14.24,14.1,3.0
2025-10-09 05:00:00+00:00,14.079999999999998,13.9,3.0
2025-10-09 06:00:00+00:00,13.780000000000001,13.419999999999998,3.0
2025-10-09 07:00:00+00:00,14.14,13.9,3.0
2025-10-09 08:00:00+00:00,15.26,14.959999999999999,3.0
2025-10-09 09:00:00+00:00,16.419999999999998,15.86,3.0
2025-10-09 10:00:00+00:00,17.380000000000003,16.58,3.0
2025-10-09 11:00:00+00:00,18.1,17.080000000000002,3.0
2025-10-09 12:00:00+00:00,18.72,17.68,3.0
2025-10-09 13:00:00+00:00,19.220000000000002,18.119999999999997,1.0
2025-10-09 14:00:00+00:00,19.3,17.96,1.0
2025-10-09 15:00:00+00:00,19.4,18.04,1.0
2025-10-09 16:00:00+00:00,19.22,17.94,1.0
2025-10-09 17:00:00+00:00,18.5,17.580000000000002,1.0
2025-10-09 18:00:00+00:00,17.2,16.44,1.0
2025-10-09 19:00:00+00:00,16.439999999999998,15.64,1.0
2025-10-09 20:00:00+00:00,16.02,15.24,1.0
2025-10-09 21:00:00+00:00,15.540000000000001,14.84,0.0
2025-10-09 22:00:00+00:00,15.02,14.440000000000001,1.0
2025-10-09 23:00:00+00:00,14.62,14.1,0.0
2025-10-10 00:00:00+00:00,14.120000000000001,13.52,0.0
2025-10-10 01:00:00+00:00,13.86,13.12,1.0
2025-10-10 02:00:00+00:00,13.62,12.74,1.0
2025-10-10 03:00:00+00:00,13.34,12.459999999999999,2.0
2025-10-10 04:00:00+00:00,13.1,12.22,2.0
2025-10-10 05:00:00+00:00,12.86,11.940000000000001,2.0
2025-10-10 06:00:00+00:00,12.24,11.22,0.0
2025-10-10 07:00:00+00:00,12.379999999999999,11.42,0.0
2025-10-10 08:00:00+00:00,13.38,12.440000000000001,1.0
2025-10-10 09:00:00+00:00,14.680000000000001,13.5,0.0
2025-10-10 10:00:00+00:00,15.959999999999999,14.719999999999999,0.0
2025-10-10 11:00:00+00:00,17.16,15.9,0.0
2025-10-10 12:00:00+00:00,17.880000000000003,16.76,1.0
2025-10-10 13:00:00+00:00,18.6,17.36,1.0
2025-10-10 14:00:00+00:00,19.04,17.6,1.0
2025-10-10 15:00:00+00:00,19.119999999999997,17.759999999999998,0.0
2025-10-10 16:00:00+00:00,18.86,17.580000000000002,1.0
2025-10-10 17:00:00+00:00,18.06,17.160000000000004,1.0
2025-10-10 18:00:00+00:00,16.6,15.940000000000001,0.0
2025-10-10 19:00:00+00:00,15.919999999999998,15.3,0.0
2025-10-10 20:00:00+00:00,15.039999999999997,14.319999999999999,0.0
2025-10-10 21:00:00+00:00,14.4,13.6,0.0
2025-10-10 22:00:00+00:00,13.919999999999998,13.12,0.0
2025-10-10 23:00:00+00:00,13.5,12.68,0.0
2025-10-11 00:00:00+00:00,13.3,12.5,0.0
2025-10-11 01:00:00+00:00,12.84,12.02,1.0
2025-10-11 02:00:00+00:00,12.48,11.620000000000001,0.0
2025-10-11 03:00:00+00:00,12.16,11.2,1.0
2025-10-11 04:00:00+00:00,11.78,10.76,1.0
2025-10-11 05:00:00+00:00,11.34,10.2,0.0
2025-10-11 06:00:00+00:00,10.76,9.540000000000001,0.0
2025-10-11 07:00:00+00:00,10.959999999999999,9.76,0.0
2025-10-11 08:00:00+00:00,13.1,12.32,0.0
2025-10-11 09:00:00+00:00,15.36,14.7,0.0
2025-10-11 10:00:00+00:00,17.28,16.72,0.0
2025-10-11 11:00:00+00:00,19.18,18.86,0.0
2025-10-11 12:00:00+00:00,19.759999999999998,19.8,0.0
2025-10-11 13:00:00+00:00,20.740000000000002,20.82,0.0
2025-10-11 14:00:00+00:00,21.36,21.16,0.0
2025-10-11 15:00:00+00:00,21.44,21.28,0.0
2025-10-11 16:00:00+00:00,21.080000000000002,20.94,0.0
2025-10-11 17:00:00+00:00,19.82,19.9,0.0
2025-10-11 18:00:00+00:00,18.28,18.419999999999998,0.0
2025-10-11 19:00:00+00:00,17.12,17.119999999999997,0.0
2025-10-11 20:00:00+00:00,16.2,16.14,0.0
2025-10-11 21:00:00+00:00,15.540000000000001,15.36,0.0
2025-10-11 22:00:00+00:00,14.940000000000001,14.74,1.0
2025-10-11 23:00:00+00:00,14.4,14.040000000000001,0.0
2025-10-12 00:00:00+00:00,13.780000000000001,13.4,0.0
2025-10-12 01:00:00+00:00,13.52,13.1,0.0
2025-10-12 02:00:00+00:00,13.280000000000001,12.74,0.0
2025-10-12 03:00:00+00:00,13.02,12.4,0.0
2025-10-12 04:00:00+00:00,12.72,11.959999999999999,0.0
2025-10-12 05:00:00+00:00,12.419999999999998,11.52,0.0
2025-10-12 06:00:00+00:00,11.879999999999999,10.78,0.0
2025-10-12 07:00:00+00:00,12.02,10.92,0.0
2025-10-12 08:00:00+00:00,13.959999999999999,13.440000000000001,0.0
2025-10-12 09:00:00+00:00,16.3,15.959999999999999,0.0
2025-10-12 10:00:00+00:00,18.2,17.98,0.0
2025-10-12 11:00:00+00:00,19.78,19.84,0.0
2025-10-12 12:00:00+00:00,21.14,21.119999999999997,0.0
2025-10-12 13:00:00+00:00,21.9,21.759999999999998,0.0
2025-10-12 14:00:00+00:00,22.3,22.080000000000002,0.0
2025-10-12 15:00:00+00:00,22.28,22.18,0.0
2025-10-12 16:00:00+00:00,21.98,21.919999999999998,0.0
2025-10-12 17:00:00+00:00,20.86,21.080000000000002,0.0
2025-10-12 18:00:00+00:00,19.5,19.84,0.0
2025-10-12 19:00:00+00:00,18.28,18.4,0.0
2025-10-12 20:00:00+00:00,17.240000000000002,17.22,0.0
2025-10-12 21:00:00+00:00,16.419999999999998,16.32,1.0
2025-10-12 22:00:00+00:00,15.74,15.559999999999999,0.0
2025-10-12 23:00:00+00:00,15.12,14.8,0.0
2025-10-13 00:00:00+00:00,14.62,14.16,0.0
2025-10-13 01:00:00+00:00,14.1,13.580000000000002,1.0
2025-10-13 02:00:00+00:00,13.7,13.080000000000002,1.0
2025-10-13 03:00:00+00:00,13.280000000000001,12.52,1.0
2025-10-13 04:00:00+00:00,12.819999999999999,11.940000000000001,1.0
2025-10-13 05:00:00+00:00,12.479999999999999,11.5,1.0
2025-10-13 06:00:00+00:00,12.28,11.18,2.0
2025-10-13 07:00:00+00:00,12.379999999999999,11.28,2.0
2025-10-13 08:00:00+00:00,14.280000000000001,13.64,2.0
2025-10-13 09:00:00+00:00,16.7,16.060000000000002,0.0
2025-10-13 10:00:00+00:00,18.339999999999996,17.78,0.0
2025-10-13 11:00:00+00:00,19.82,19.28,1.0
2025-10-13 12:00:00+00:00,20.52,20.2,0.0
2025-10-13 13:00:00+00:00,21.06,20.639999999999997,0.0
2025-10-13 14:00:00+00:00,21.240000000000002,20.56,0.0
2025-10-13 15:00:00+00:00,20.96,20.380000000000003,0.0
2025-10-13 16:00:00+00:00,20.419999999999998,19.759999999999998,0.0
2025-10-13 17:00:00+00:00,19.14,18.84,0.0
2025-10-13 18:00:00+00:00,17.9,17.740000000000002,0.0
2025-10-13 19:00:00+00:00,16.84,16.740000000000002,0.0
2025-10-13 20:00:00+00:00,16.060000000000002,15.98,0.0
2025-10-13 21:00:00+00:00,15.3,15.180000000000001,0.0
2025-10-13 22:00:00+00:00,14.8,14.64,0.0
2025-10-13 23:00:00+00:00,14.36,14.14,0.0
2025-10-14 00:00:00+00:00,13.8,13.419999999999998,1.0
2025-10-14 01:00:00+00:00,13.419999999999998,12.979999999999999,1.0
2025-10-14 02:00:00+00:00,13.080000000000002,12.559999999999999,1.0
2025-10-14 03:00:00+00:00,12.780000000000001,12.2,0.0
2025-10-14 04:00:00+00:00,12.58,11.9,1.0
2025-10-14 05:00:00+00:00,12.379999999999999,11.639999999999999,1.0
2025-10-14 06:00:00+00:00,12.16,11.36,1.0
2025-10-14 07:00:00+00:00,12.440000000000001,11.66,2.0
2025-10-14 08:00:00+00:00,14.5,14.14,2.0
2025-10-14 09:00:00+00:00,16.56,16.119999999999997,0.0
2025-10-14 10:00:00+00:00,18.1,17.78,0.0
2025-10-14 11:00:00+00:00,19.240000000000002,19.0,0.0
2025-10-14 12:00:00+00:00,19.7,19.54,1.0
2025-10-14 13:00:00+00:00,20.3,20.080000000000002,1.0
2025-10-14 14:00:00+00:00,20.54,20.259999999999998,2.0
2025-10-14 15:00:00+00:00,20.38,20.04,1.0
2025-10-14 16:00:00+00:00,19.72,19.419999999999998,0.0
2025-10-14 17:00:00+00:00,18.52,18.4,0.0
2025-10-14 18:00:00+00:00,17.44,17.34,0.0
2025-10-14 19:00:00+00:00,16.6,16.4,0.0
2025-10-14 20:00:00+00:00,15.84,15.459999999999999,1.0
2025-10-14 21:00:00+00:00,15.319999999999999,14.860000000000003,0.0
2025-10-14 22:00:00+00:00,14.84,14.36,1.0
2025-10-14 23:00:00+00:00,14.52,14.0,1.0
2025-10-15 00:00:00+00:00,14.1,13.52,1.0
2025-10-15 01:00:00+00:00,13.819999999999999,13.14,1.0
2025-10-15 02:00:00+00:00,13.5,12.72,1.0
2025-10-15 03:00:00+00:00,13.180000000000001,12.260000000000002,1.0
2025-10-15 04:00:00+00:00,12.9,11.9,1.0
2025-10-15 05:00:00+00:00,12.64,11.540000000000001,1.0
2025-10-15 06:00:00+00:00,12.4,11.4,1.0
2025-10-15 07:00:00+00:00,12.6,11.540000000000001,2.0
2025-10-15 08:00:00+00:00,13.9,12.780000000000001,2.0
2025-10-15 09:00:00+00:00,14.98,13.76,2.0
2025-10-15 10:00:00+00:00,16.14,15.040000000000001,2.0
2025-10-15 11:00:00+00:00,17.36,16.240000000000002,1.0
2025-10-15 12:00:00+00:00,17.96,16.64,1.0
2025-10-15 13:00:00+00:00,18.660000000000004,17.22,1.0
2025-10-15 14:00:00+00:00,18.9,17.32,1.0
2025-10-15 15:00:00+00:00,18.759999999999998,17.080000000000002,0.0
2025-10-15 16:00:00+00:00,18.28,16.66,0.0
2025-10-15 17:00:00+00:00,17.2,15.940000000000001,0.0
2025-10-15 18:00:00+00:00,16.119999999999997,15.24,1.0
2025-10-15 19:00:00+00:00,15.219999999999999,14.319999999999999,0.0
2025-10-15 20:00:00+00:00,14.540000000000001,13.64,0.0
2025-10-15 21:00:00+00:00,13.86,13.059999999999999,0.0
2025-10-15 22:00:00+00:00,13.26,12.4,0.0
2025-10-15 23:00:00+00:00,12.780000000000001,11.940000000000001,0.0
2025-10-16 00:00:00+00:00,12.48,11.64,0.0
2025-10-16 01:00:00+00:00,12.08,11.180000000000001,0.0
2025-10-16 02:00:00+00:00,11.72,10.8,0.0
2025-10-16 03:00:00+00:00,11.24,10.219999999999999,0.0
2025-10-16 04:00:00+00:00,10.76,9.62,0.0
2025-10-16 05:00:00+00:00,10.4,9.120000000000001,1.0
2025-10-16 06:00:00+00:00,10.28,8.959999999999999,1.0
2025-10-16 07:00:00+00:00,10.36,8.959999999999999,1.0
2025-10-16 08:00:00+00:00,12.040000000000001,10.959999999999999,1.0
2025-10-16 09:00:00+00:00,14.440000000000001,13.48,0.0
2025-10-16 10:00:00+00:00,16.16,15.319999999999999,0.0
2025-10-16 11:00:00+00:00,17.72,16.98,0.0
2025-10-16 12:00:00+00:00,18.66,18.22,0.0
2025-10-16 13:00:00+00:00,19.44,18.96,0.0
2025-10-16 14:00:00+00:00,19.84,19.04,1.0
2025-10-16 15:00:00+00:00,19.759999999999998,18.86,1.0
2025-10-16 16:00:00+00:00,19.3,18.34,0.0
2025-10-16 17:00:00+00:00,18.02,17.240000000000002,0.0
2025-10-16 18:00:00+00:00,16.62,15.84,0.0
2025-10-16 19:00:00+00:00,15.680000000000001,14.84,0.0
2025-10-16 20:00:00+00:00,14.86,14.120000000000001,0.0
2025-10-16 21:00:00+00:00,14.219999999999999,13.52,0.0
2025-10-16 22:00:00+00:00,13.64,12.819999999999999,0.0
2025-10-16 23:00:00+00:00,13.180000000000001,12.280000000000001,0.0
2025-10-17 00:00:00+00:00,12.86,11.92,0.0
2025-10-17 01:00:00+00:00,12.440000000000001,11.48,0.0
2025-10-17 02:00:00+00:00,12.08,11.059999999999999,0.0
2025-10-17 03:00:00+00:00,11.68,10.6,0.0
2025-10-17 04:00:00+00:00,11.34,10.16,1.0
2025-10-17 05:00:00+00:00,11.0,9.72,1.0
2025-10-17 06:00:00+00:00,10.7,9.34,1.0
2025-10-17 07:00:00+00:00,10.78,9.42,1.0
2025-10-17 08:00:00+00:00,12.6,11.559999999999999,0.0
2025-10-17 09:00:00+00:00,14.8,13.8,0.0
2025-10-17 10:00:00+00:00,16.46,15.719999999999999,0.0
2025-10-17 11:00:00+00:00,17.919999999999998,17.259999999999998,0.0
2025-10-17 12:00:00+00:00,18.84,18.46,0.0
2025-10-17 13:00:00+00:00,19.54,19.06,0.0
2025-10-17 14:00:00+00:00,19.98,19.24,0.0
2025-10-17 15:00:00+00:00,19.94,19.119999999999997,0.0
2025-10-17 16:00:00+00:00,19.439999999999998,18.639999999999997,1.0
2025-10-17 17:00:00+00:00,17.98,17.34,0.0
2025-10-17 18:00:00+00:00,16.9,16.64,0.0
2025-10-17 19:00:00+00:00,15.76,15.38,0.0
2025-10-17 20:00:00+00:00,14.86,14.36,0.0
2025-10-17 21:00:00+00:00,14.219999999999999,13.539999999999997,0.0
2025-10-17 22:00:00+00:00,13.64,12.940000000000001,0.0
2025-10-17 23:00:00+00:00,13.080000000000002,12.42,0.0
2025-10-18 00:00:00+00:00,12.5,11.6,0.0
2025-10-18 01:00:00+00:00,12.059999999999999,11.12,0.0
2025-10-18 02:00:00+00:00,11.8,10.8,0.0
2025-10-18 03:00:00+00:00,11.48,10.440000000000001,0.0
2025-10-18 04:00:00+00:00,11.2,9.959999999999999,0.0
2025-10-18 05:00:00+00:00,10.940000000000001,9.5,0.0
2025-10-18 06:00:00+00:00,10.4,8.879999999999999,0.0
2025-10-18 07:00:00+00:00,10.559999999999999,9.02,0.0
2025-10-18 08:00:00+00:00,12.66,11.5,0.0
2025-10-18 09:00:00+00:00,15.419999999999998,14.38,0.0
2025-10-18 10:00:00+00:00,17.52,16.7,0.0
2025-10-18 11:00:00+00:00,19.22,18.580000000000002,0.0
2025-10-18 12:00:00+00:00,20.44,20.36,0.0
2025-10-18 13:00:00+00:00,21.28,21.14,0.0
2025-10-18 14:00:00+00:00,21.64,21.4,0.0
2025-10-18 15:00:00+00:00,21.64,21.56,1.0
2025-10-18 16:00:00+00:00,21.080000000000002,21.32,0.0
2025-10-18 17:00:00+00:00,19.5,19.759999999999998,0.0
2025-10-18 18:00:00+00:00,17.72,17.740000000000002,0.0
2025-10-18 19:00:00+00:00,16.380000000000003,16.18,0.0
2025-10-18 20:00:00+00:00,15.319999999999999,14.819999999999999,0.0
2025-10-18 21:00:00+00:00,14.7,13.959999999999999,0.0
2025-10-18 22:00:00+00:00,14.4,13.319999999999999,1.0
2025-10-18 23:00:00+00:00,14.26,13.020000000000001,1.0
2025-10-19 00:00:00+00:00,14.1,12.7,1.0
2025-10-19 01:00:00+00:00,14.180000000000001,12.66,3.0
2025-10-19 02:00:00+00:00,14.34,12.58,3.0
2025-10-19 03:00:00+00:00,14.5,12.6,3.0
2025-10-19 04:00:00+00:00,14.66,12.66,3.0
2025-10-19 05:00:00+00:00,14.8,12.68,3.0
2025-10-19 06:00:00+00:00,15.080000000000002,12.8,3.0
2025-10-19 07:00:00+00:00,15.419999999999998,12.9,3.0
2025-10-19 08:00:00+00:00,16.919999999999998,14.280000000000001,3.0
2025-10-19 09:00:00+00:00,18.46,15.7,3.0
2025-10-19 10:00:00+00:00,19.68,16.86,3.0
2025-10-19 11:00:00+00:00,20.740000000000002,17.740000000000002,3.0
2025-10-19 12:00:00+00:00,21.28,18.36,3.0
2025-10-19 13:00:00+00:00,21.619999999999997,19.18,3.0
2025-10-19 14:00:00+00:00,21.44,19.48,3.0
2025-10-19 15:00:00+00:00,21.2,19.44,3.0
2025-10-19 16:00:00+00:00,19.880000000000003,18.32,61.0
2025-10-19 17:00:00+00:00,18.919999999999998,17.78,61.0
2025-10-19 18:00:00+00:00,17.94,16.44,61.0
2025-10-19 19:00:00+00:00,17.72,16.28,3.0
2025-10-19 20:00:00+00:00,17.72,16.080000000000002,3.0
2025-10-19 21:00:00+00:00,17.54,16.2,3.0
2025-10-19 22:00:00+00:00,17.3,16.14,80.0
2025-10-19 23:00:00+00:00,17.020000000000003,15.88,3.0
2025-10-20 00:00:00+00:00,16.84,16.18,3.0
2025-10-20 01:00:00+00:00,16.66,15.780000000000001,1.0
2025-10-20 02:00:00+00:00,16.380000000000003,15.319999999999999,1.0
2025-10-20 03:00:00+00:00,16.1,14.74,2.0
2025-10-20 04:00:00+00:00,15.819999999999999,14.38,80.0
2025-10-20 05:00:00+00:00,15.62,14.419999999999998,3.0
2025-10-20 06:00:00+00:00,15.52,14.440000000000001,2.0
2025-10-20 07:00:00+00:00,15.559999999999999,14.4,2.0
2025-10-20 08:00:00+00:00,16.22,14.84,2.0
2025-10-20 09:00:00+00:00,16.759999999999998,14.839999999999998,80.0
2025-10-20 10:00:00+00:00,17.28,15.1,3.0
2025-10-20 11:00:00+00:00,17.6,15.34,2.0
2025-10-20 12:00:00+00:00,17.96,15.440000000000001,2.0
2025-10-20 13:00:00+00:00,18.080000000000002,15.419999999999998,3.0
2025-10-20 14:00:00+00:00,18.14,15.440000000000001,2.0
2025-10-20 15:00:00+00:00,17.72,15.3,3.0
2025-10-20 16:00:00+00:00,17.4,15.2,3.0
2025-10-20 17:00:00+00:00,16.82,15.080000000000002,3.0
2025-10-20 18:00:00+00:00,16.48,15.180000000000001,3.0
2025-10-20 19:00:00+00:00,15.98,14.62,3.0
2025-10-20 20:00:00+00:00,15.719999999999999,14.420000000000002,3.0
2025-10-20 21:00:00+00:00,15.580000000000002,14.34,3.0
2025-10-20 22:00:00+00:00,15.52,14.16,3.0
2025-10-20 23:00:00+00:00,15.319999999999999,13.919999999999998,61.0
2025-10-21 00:00:00+00:00,15.219999999999999,13.959999999999999,61.0
2025-10-21 01:00:00+00:00,15.1,13.720000000000002,61.0
2025-10-21 02:00:00+00:00,15.2,13.919999999999998,3.0
2025-10-21 03:00:00+00:00,15.5,14.4,3.0
2025-10-21 04:00:00+00:00,15.64,14.559999999999999,61.0
2025-10-21 05:00:00+00:00,15.819999999999999,14.74,61.0
2025-10-21 06:00:00+00:00,15.559999999999999,14.38,80.0
2025-10-21 07:00:00+00:00,16.02,14.98,3.0
2025-10-21 08:00:00+00:00,16.8,15.84,80.0
2025-10-21 09:00:00+00:00,17.48,16.080000000000002,3.0
2025-10-21 10:00:00+00:00,17.32,15.919999999999998,3.0
2025-10-21 11:00:00+00:00,17.62,16.14,3.0
2025-10-21 12:00:00+00:00,17.119999999999997,15.6,3.0
2025-10-21 13:00:00+00:00,17.119999999999997,15.62,3.0
2025-10-21 14:00:00+00:00,16.86,15.559999999999999,3.0
2025-10-21 15:00:00+00:00,16.9,15.74,3.0
2025-10-21 16:00:00+00:00,16.66,15.86,3.0
2025-10-21 17:00:00+00:00,16.36,16.0,3.0
2025-10-21 18:00:00+00:00,16.4,16.080000000000002,3.0
2025-10-21 19:00:00+00:00,16.22,16.139999999999997,3.0
2025-10-21 20:00:00+00:00,16.080000000000002,16.14,3.0
2025-10-21 21:00:00+00:00,15.86,15.919999999999998,3.0
2025-10-21 22:00:00+00:00,15.84,16.02,3.0
2025-10-21 23:00:00+00:00,16.16,16.119999999999997,3.0
2025-10-22 00:00:00+00:00,16.84,16.740000000000002,80.0
2025-10-22 01:00:00+00:00,16.9,16.18,80.0
2025-10-22 02:00:00+00:00,16.880000000000003,16.3,3.0
2025-10-22 03:00:00+00:00,16.92,16.380000000000003,3.0
2025-10-22 04:00:00+00:00,16.9,16.380000000000003,3.0
2025-10-22 05:00:00+00:00,16.9,16.64,3.0
2025-10-22 06:00:00+00:00,16.72,16.84,80.0
2025-10-22 07:00:00+00:00,16.7,16.880000000000003,80.0
2025-10-22 08:00:00+00:00,17.04,17.22,3.0
2025-10-22 09:00:00+00:00,17.54,17.6,80.0
2025-10-22 10:00:00+00:00,18.22,18.22,3.0
2025-10-22 11:00:00+00:00,18.32,18.32,95.0
2025-10-22 12:00:00+00:00,18.419999999999998,18.2,80.0
2025-10-22 13:00:00+00:00,18.5,18.46,3.0
2025-10-22 14:00:00+00:00,18.86,18.86,3.0
2025-10-22 15:00:00+00:00,18.98,18.919999999999998,3.0
2025-10-22 16:00:00+00:00,18.919999999999998,18.64,80.0
2025-10-22 17:00:00+00:00,18.64,18.259999999999998,3.0
2025-10-22 18:00:00+00:00,18.78,18.18,3.0
2025-10-22 19:00:00+00:00,18.82,17.4,3.0
2025-10-22 20:00:00+00:00,19.0,17.240000000000002,3.0
2025-10-22 21:00:00+00:00,19.080000000000002,17.020000000000003,3.0
2025-10-22 22:00:00+00:00,19.240000000000002,17.259999999999998,3.0
2025-10-22 23:00:00+00:00,19.22,17.34,61.0
2025-10-23 00:00:00+00:00,18.9,17.1,3.0
2025-10-23 01:00:00+00:00,19.02,17.02,61.0
2025-10-23 02:00:00+00:00,18.880000000000003,17.16,63.0
2025-10-23 03:00:00+00:00,18.759999999999998,16.66,3.0
2025-10-23 04:00:00+00:00,18.28,14.98,80.0
2025-10-23 05:00:00+00:00,17.48,13.38,61.0
2025-10-23 06:00:00+00:00,15.580000000000002,10.86,2.0
2025-10-23 07:00:00+00:00,15.3,10.02,3.0
2025-10-23 08:00:00+00:00,15.14,9.319999999999999,2.0
2025-10-23 09:00:00+00:00,14.9,8.68,80.0
2025-10-23 10:00:00+00:00,14.66,8.58,3.0
2025-10-23 11:00:00+00:00,14.64,8.82,80.0
2025-10-23 12:00:00+00:00,14.440000000000001,8.4,2.0
2025-10-23 13:00:00+00:00,14.440000000000001,8.66,80.0
2025-10-23 14:00:00+00:00,14.5,8.780000000000001,80.0
2025-10-23 15:00:00+00:00,14.319999999999999,8.76,80.0
2025-10-23 16:00:00+00:00,13.919999999999998,8.74,80.0
2025-10-23 17:00:00+00:00,13.5,8.66,2.0
2025-10-23 18:00:00+00:00,13.459999999999999,8.959999999999999,2.0
2025-10-23 19:00:00+00:00,13.24,9.040000000000001,2.0
2025-10-23 20:00:00+00:00,13.040000000000001,9.26,3.0
2025-10-23 21:00:00+00:00,12.86,9.459999999999999,2.0
2025-10-23 22:00:00+00:00,12.66,9.72,3.0
2025-10-23 23:00:00+00:00,12.64,9.84,3.0
2025-10-24 00:00:00+00:00,12.88,9.74,3.0
2025-10-24 01:00:00+00:00,12.74,9.6,80.0
2025-10-24 02:00:00+00:00,12.84,9.74,3.0
2025-10-24 03:00:00+00:00,12.919999999999998,9.76,3.0
2025-10-24 04:00:00+00:00,12.72,9.72,3.0
2025-10-24 05:00:00+00:00,12.48,9.620000000000001,3.0
2025-10-24 06:00:00+00:00,11.78,9.36,2.0
2025-10-24 07:00:00+00:00,11.92,9.540000000000001,2.0
2025-10-24 08:00:00+00:00,12.379999999999999,10.139999999999999,3.0
2025-10-24 09:00:00+00:00,13.080000000000002,10.620000000000001,3.0
2025-10-24 10:00:00+00:00,13.5,10.98,3.0
2025-10-24 11:00:00+00:00,14.02,11.32,3.0
2025-10-24 12:00:00+00:00,14.52,11.66,1.0
2025-10-24 13:00:00+00:00,14.5,11.86,80.0
2025-10-24 14:00:00+00:00,14.48,11.82,80.0
2025-10-24 15:00:00+00:00,14.180000000000001,11.64,3.0
2025-10-24 16:00:00+00:00,13.920000000000002,11.52,3.0
2025-10-24 17:00:00+00:00,13.459999999999999,11.26,3.0
2025-10-24 18:00:00+00:00,13.059999999999999,10.9,3.0
2025-10-24 19:00:00+00:00,12.84,10.559999999999999,3.0
2025-10-24 20:00:00+00:00,12.7,10.379999999999999,3.0
2025-10-24 21:00:00+00:00,12.6,10.319999999999999,3.0
2025-10-24 22:00:00+00:00,12.52,10.180000000000001,80.0
2025-10-24 23:00:00+00:00,12.6,10.16,3.0
2025-10-25 00:00:00+00:00,13.52,11.540000000000001,3.0
2025-10-25 01:00:00+00:00,13.6,11.680000000000001,3.0
2025-10-25 02:00:00+00:00,13.52,11.8,3.0
2025-10-25 03:00:00+00:00,13.420000000000002,11.8,3.0
2025-10-25 04:00:00+00:00,13.280000000000001,11.8,3.0
2025-10-25 05:00:00+00:00,13.319999999999999,11.959999999999999,3.0
2025-10-25 06:00:00+00:00,13.26,12.22,3.0
2025-10-25 07:00:00+00:00,13.320000000000002,12.34,3.0
2025-10-25 08:00:00+00:00,13.559999999999999,12.52,3.0
2025-10-25 09:00:00+00:00,14.040000000000001,13.1,80.0
2025-10-25 10:00:00+00:00,14.52,13.120000000000001,80.0
2025-10-25 11:00:00+00:00,14.64,13.040000000000001,3.0
2025-10-25 12:00:00+00:00,14.24,12.559999999999999,3.0
2025-10-25 13:00:00+00:00,14.319999999999999,12.34,3.0
2025-10-25 14:00:00+00:00,14.34,12.22,3.0
2025-10-25 15:00:00+00:00,14.12,12.120000000000001,3.0
2025-10-25 16:00:00+00:00,13.780000000000001,11.9,3.0
2025-10-25 17:00:00+00:00,13.36,11.639999999999999,3.0
2025-10-25 18:00:00+00:00,13.3,11.66,3.0
2025-10-25 19:00:00+00:00,13.14,11.440000000000001,2.0
2025-10-25 20:00:00+00:00,12.84,11.08,3.0
2025-10-25 21:00:00+00:00,12.72,10.92,2.0
2025-10-25 22:00:00+00:00,12.48,10.66,3.0
2025-10-25 23:00:00+00:00,12.120000000000001,10.24,3.0
2025-10-26 00:00:00+00:00,12.16,10.82,3.0
2025-10-26 01:00:00+00:00,11.98,10.440000000000001,3.0
2025-10-26 02:00:00+00:00,11.940000000000001,10.36,3.0
2025-10-26 03:00:00+00:00,11.74,10.1,3.0
2025-10-26 04:00:00+00:00,11.6,9.879999999999999,3.0
2025-10-26 05:00:00+00:00,11.2,9.5,3.0
2025-10-26 06:00:00+00:00,10.74,9.3,2.0
2025-10-26 07:00:00+00:00,10.84,9.18,2.0
2025-10-26 08:00:00+00:00,11.4,9.72,2.0
2025-10-26 09:00:00+00:00,12.28,10.360000000000001,2.0
2025-10-26 10:00:00+00:00,12.959999999999999,10.879999999999999,2.0
2025-10-26 11:00:00+00:00,13.4,11.059999999999999,2.0
2025-10-26 12:00:00+00:00,13.66,10.74,2.0
2025-10-26 13:00:00+00:00,13.940000000000001,10.8,1.0
2025-10-26 14:00:00+00:00,13.86,10.9,1.0
2025-10-26 15:00:00+00:00,13.76,10.8,2.0
2025-10-26 16:00:00+00:00,13.4,10.879999999999999,2.0
2025-10-26 17:00:00+00:00,12.68,10.58,3.0
2025-10-26 18:00:00+00:00,12.24,10.16,2.0
2025-10-26 19:00:00+00:00,11.879999999999999,9.74,2.0
2025-10-26 20:00:00+00:00,11.540000000000001,9.26,2.0
2025-10-26 21:00:00+00:00,11.3,8.860000000000001,2.0
2025-10-26 22:00:00+00:00,11.08,8.72,2.0
2025-10-26 23:00:00+00:00,11.3,8.98,1.0
2025-10-27 00:00:00+00:00,10.72,8.52,2.0
2025-10-27 01:00:00+00:00,10.92,8.58,2.0
2025-10-27 02:00:00+00:00,11.22,8.82,2.0
2025-10-27 03:00:00+00:00,11.2,8.860000000000001,2.0
2025-10-27 04:00:00+00:00,11.16,8.959999999999999,3.0
2025-10-27 05:00:00+00:00,11.34,9.059999999999999,3.0
2025-10-27 06:00:00+00:00,12.319999999999999,10.059999999999999,2.0
2025-10-27 07:00:00+00:00,12.3,10.0,3.0
2025-10-27 08:00:00+00:00,13.020000000000001,10.82,3.0
2025-10-27 09:00:00+00:00,13.780000000000001,11.559999999999999,3.0
2025-10-27 10:00:00+00:00,14.5,12.28,3.0
2025-10-27 11:00:00+00:00,14.959999999999999,12.48,3.0
2025-10-27 12:00:00+00:00,14.88,12.52,3.0
2025-10-27 13:00:00+00:00,14.919999999999998,12.7,3.0
2025-10-27 14:00:00+00:00,15.080000000000002,12.98,3.0
2025-10-27 15:00:00+00:00,15.02,12.919999999999998,3.0
2025-10-27 16:00:00+00:00,14.88,13.040000000000001,3.0
2025-10-27 17:00:00+00:00,14.580000000000002,13.040000000000001,3.0
2025-10-27 18:00:00+00:00,14.12,12.66,3.0
2025-10-27 19:00:00+00:00,14.080000000000002,12.88,3.0
2025-10-27 20:00:00+00:00,13.940000000000001,13.02,3.0
2025-10-27 21:00:00+00:00,13.74,13.040000000000001,2.0
2025-10-27 22:00:00+00:00,13.38,12.540000000000001,2.0
2025-10-27 23:00:00+00:00,13.040000000000001,12.26,2.0
2025-10-28 00:00:00+00:00,12.6,11.64,2.0
2025-10-28 01:00:00+00:00,12.48,11.5,2.0
2025-10-28 02:00:00+00:00,12.36,11.36,2.0
2025-10-28 03:00:00+00:00,12.139999999999999,11.16,2.0
2025-10-28 04:00:00+00:00,11.92,10.940000000000001,2.0
2025-10-28 05:00:00+00:00,11.8,10.8,2.0
2025-10-28 06:00:00+00:00,11.52,10.52,0.0
2025-10-28 07:00:00+00:00,11.42,10.48,2.0
2025-10-28 08:00:00+00:00,12.34,11.58,1.0
2025-10-28 09:00:00+00:00,13.7,13.1,0.0
2025-10-28 10:00:00+00:00,14.7,14.12,0.0
2025-10-28 11:00:00+00:00,15.48,14.84,2.0
2025-10-28 12:00:00+00:00,15.86,14.940000000000001,0.0
2025-10-28 13:00:00+00:00,16.1,15.220000000000002,0.0
2025-10-28 14:00:00+00:00,16.32,15.459999999999999,2.0
2025-10-28 15:00:00+00:00,16.240000000000002,15.48,2.0
2025-10-28 16:00:00+00:00,15.780000000000001,15.24,2.0
2025-10-28 17:00:00+00:00,14.540000000000001,14.040000000000001,3.0
2025-10-28 18:00:00+00:00,13.780000000000001,13.14,3.0
2025-10-28 19:00:00+00:00,13.1,12.28,3.0
2025-10-28 20:00:00+00:00,12.58,11.68,3.0
2025-10-28 21:00:00+00:00,12.180000000000001,11.059999999999999,3.0
2025-10-28 22:00:00+00:00,11.72,10.4,3.0
2025-10-28 23:00:00+00:00,11.48,10.06,3.0
2025-10-29 00:00:00+00:00,11.24,9.7,3.0
2025-10-29 01:00:00+00:00,11.280000000000001,9.66,3.0
2025-10-29 02:00:00+00:00,11.3,9.6,3.0
2025-10-29 03:00:00+00:00,11.52,9.82,3.0
2025-10-29 04:00:00+00:00,11.9,10.24,3.0
2025-10-29 05:00:00+00:00,12.3,10.52,3.0
2025-10-29 06:00:00+00:00,12.68,11.04,61.0
2025-10-29 07:00:00+00:00,13.039999999999997,11.42,61.0
2025-10-29 08:00:00+00:00,13.6,12.1,3.0
2025-10-29 09:00:00+00:00,14.34,13.0,3.0
2025-10-29 10:00:00+00:00,14.940000000000001,13.7,3.0
2025-10-29 11:00:00+00:00,15.4,14.059999999999999,61.0
2025-10-29 12:00:00+00:00,16.1,15.080000000000002,3.0
2025-10-29 13:00:00+00:00,16.22,15.52,61.0
2025-10-29 14:00:00+00:00,16.14,15.64,3.0
2025-10-29 15:00:00+00:00,16.02,15.580000000000002,61.0
2025-10-29 16:00:00+00:00,15.7,15.180000000000001,61.0
2025-10-29 17:00:00+00:00,15.440000000000001,14.62,61.0
2025-10-29 18:00:00+00:00,15.14,14.66,61.0
2025-10-29 19:00:00+00:00,15.1,14.7,2.0
2025-10-29 20:00:00+00:00,15.02,14.959999999999999,61.0
2025-10-29 21:00:00+00:00,14.940000000000001,15.040000000000001,3.0
2025-10-29 22:00:00+00:00,14.680000000000001,14.780000000000001,2.0
2025-10-29 23:00:00+00:00,14.3,14.280000000000001,2.0
2025-10-30 00:00:00+00:00,13.9,13.8,2.0
2025-10-30 01:00:00+00:00,13.62,13.419999999999998,3.0
2025-10-30 02:00:00+00:00,13.320000000000002,13.0,2.0
2025-10-30 03:00:00+00:00,13.0,12.64,45.0
2025-10-30 04:00:00+00:00,12.64,12.24,2.0
2025-10-30 05:00:00+00:00,12.46,12.1,2.0
2025-10-30 06:00:00+00:00,11.84,11.239999999999998,2.0
2025-10-30 07:00:00+00:00,11.58,10.76,2.0
2025-10-30 08:00:00+00:00,12.2,11.559999999999999,1.0
2025-10-30 09:00:00+00:00,13.3,12.6,2.0
2025-10-30 10:00:00+00:00,14.180000000000001,13.419999999999998,2.0
2025-10-30 11:00:00+00:00,15.12,14.48,2.0
2025-10-30 12:00:00+00:00,16.419999999999998,15.7,2.0
2025-10-30 13:00:00+00:00,17.240000000000002,16.4,1.0
2025-10-30 14:00:00+00:00,17.580000000000002,16.94,0.0
2025-10-30 15:00:00+00:00,17.560000000000002,17.080000000000002,0.0
2025-10-30 16:00:00+00:00,17.1,16.919999999999998,1.0
2025-10-30 17:00:00+00:00,16.0,15.959999999999999,0.0
2025-10-30 18:00:00+00:00,15.16,14.66,0.0
2025-10-30 19:00:00+00:00,14.52,13.86,3.0
2025-10-30 20:00:00+00:00,14.180000000000001,13.3,3.0
2025-10-30 21:00:00+00:00,14.040000000000001,12.98,3.0
2025-10-30 22:00:00+00:00,14.1,12.979999999999999,3.0
2025-10-30 23:00:00+00:00,14.34,13.059999999999999,3.0
2025-10-31 00:00:00+00:00,13.36,12.040000000000001,3.0
2025-10-31 01:00:00+00:00,13.52,12.3,3.0
2025-10-31 02:00:00+00:00,13.6,12.42,3.0
2025-10-31 03:00:00+00:00,13.74,12.52,3.0
2025-10-31 04:00:00+00:00,13.6,12.34,3.0
2025-10-31 05:00:00+00:00,13.52,12.18,3.0
2025-10-31 06:00:00+00:00,13.059999999999999,11.46,3.0
2025-10-31 07:00:00+00:00,13.180000000000001,11.38,3.0
2025-10-31 08:00:00+00:00,14.3,12.620000000000001,3.0
2025-10-31 09:00:00+00:00,15.9,14.539999999999997,3.0
2025-10-31 10:00:00+00:00,17.259999999999998,15.6,3.0
2025-10-31 11:00:00+00:00,17.9,16.18,3.0
2025-10-31 12:00:00+00:00,18.740000000000002,17.1,3.0
2025-10-31 13:00:00+00:00,19.18,17.56,2.0
2025-10-31 14:00:00+00:00,19.34,17.919999999999998,3.0
2025-10-31 15:00:00+00:00,19.22,18.080000000000002,3.0
2025-10-31 16:00:00+00:00,18.7,17.84,3.0
2025-10-31 17:00:00+00:00,17.740000000000002,17.04,3.0
2025-10-31 18:00:00+00:00,16.919999999999998,16.080000000000002,2.0
2025-10-31 19:00:00+00:00,16.42,15.440000000000001,2.0
2025-10-31 20:00:00+00:00,16.16,15.14,3.0
2025-10-31 21:00:00+00:00,16.0,14.879999999999999,3.0
2025-10-31 22:00:00+00:00,16.18,14.84,3.0
2025-10-31 23:00:00+00:00,16.14,14.680000000000001,2.0
2025-11-01 00:00:00+00:00,16.54,14.3,3.0
2025-11-01 01:00:00+00:00,16.46,14.440000000000001,61.0
2025-11-01 02:00:00+00:00,16.22,14.48,61.0
2025-11-01 03:00:00+00:00,15.86,14.3,61.0
2025-11-01 04:00:00+00:00,15.76,14.280000000000001,3.0
2025-11-01 05:00:00+00:00,15.84,14.180000000000001,3.0
2025-11-01 06:00:00+00:00,16.080000000000002,15.080000000000002,61.0
2025-11-01 07:00:00+00:00,16.080000000000002,14.98,61.0
2025-11-01 08:00:00+00:00,16.44,15.419999999999998,61.0
2025-11-01 09:00:00+00:00,16.880000000000003,16.119999999999997,61.0
2025-11-01 10:00:00+00:00,17.48,16.72,61.0
2025-11-01 11:00:00+00:00,17.6,17.06,3.0
2025-11-01 12:00:00+00:00,17.04,16.7,61.0
2025-11-01 13:00:00+00:00,16.8,16.52,3.0
2025-11-01 14:00:00+00:00,16.46,16.22,61.0
2025-11-01 15:00:00+00:00,16.18,16.06,61.0
2025-11-01 16:00:00+00:00,15.88,15.819999999999999,61.0
2025-11-01 17:00:00+00:00,15.5,15.52,3.0
2025-11-01 18:00:00+00:00,15.319999999999999,15.4,3.0
2025-11-01 19:00:00+00:00,15.040000000000001,14.86,3.0
2025-11-01 20:00:00+00:00,14.819999999999999,14.3,3.0
2025-11-01 21:00:00+00:00,14.6,14.080000000000002,3.0
2025-11-01 22:00:00+00:00,14.34,13.7,61.0
2025-11-01 23:00:00+00:00,14.14,13.48,61.0
2025-11-02 00:00:00+00:00,14.059999999999999,13.3,61.0
2025-11-02 01:00:00+00:00,13.76,13.0,61.0
2025-11-02 02:00:00+00:00,13.580000000000002,12.5,80.0
2025-11-02 03:00:00+00:00,13.319999999999999,11.9,3.0
2025-11-02 04:00:00+00:00,13.080000000000002,11.5,3.0
2025-11-02 05:00:00+00:00,13.12,11.7,3.0
2025-11-02 06:00:00+00:00,13.219999999999999,11.32,3.0
2025-11-02 07:00:00+00:00,13.2,10.98,3.0
2025-11-02 08:00:00+00:00,13.459999999999999,10.92,80.0
2025-11-02 09:00:00+00:00,14.279999999999998,11.24,3.0
2025-11-02 10:00:00+00:00,14.52,10.98,80.0
2025-11-02 11:00:00+00:00,14.5,10.76,3.0
2025-11-02 12:00:00+00:00,14.720000000000002,11.42,3.0
2025-11-02 13:00:00+00:00,14.540000000000001,11.16,3.0
2025-11-02 14:00:00+00:00,14.38,11.24,3.0
2025-11-02 15:00:00+00:00,14.3,11.459999999999999,3.0
2025-11-02 16:00:00+00:00,13.919999999999998,11.6,3.0
2025-11-02 17:00:00+00:00,13.48,11.66,2.0
2025-11-02 18:00:00+00:00,12.7,10.719999999999999,3.0
2025-11-02 19:00:00+00:00,12.459999999999999,10.620000000000001,1.0
2025-11-02 20:00:00+00:00,12.0,10.440000000000001,1.0
2025-11-02 21:00:00+00:00,11.64,10.2,1.0
2025-11-02 22:00:00+00:00,11.22,9.92,1.0
2025-11-02 23:00:00+00:00,10.82,9.52,2.0
2025-11-03 00:00:00+00:00,11.26,10.02,2.0
2025-11-03 01:00:00+00:00,11.14,9.9,2.0
2025-11-03 02:00:00+00:00,11.120000000000001,9.84,1.0
2025-11-03 03:00:00+00:00,11.040000000000001,9.74,2.0
2025-11-03 04:00:00+00:00,11.08,9.879999999999999,2.0
2025-11-03 05:00:00+00:00,11.1,9.94,2.0
2025-11-03 06:00:00+00:00,11.16,10.0,2.0
2025-11-03 07:00:00+00:00,11.24,10.02,2.0
2025-11-03 08:00:00+00:00,12.02,10.86,2.0
2025-11-03 09:00:00+00:00,13.440000000000001,12.42,2.0
2025-11-03 10:00:00+00:00,14.48,13.4,2.0
2025-11-03 11:00:00+00:00,15.34,14.2,2.0
2025-11-03 12:00:00+00:00,15.680000000000001,14.24,2.0
2025-11-03 13:00:00+00:00,16.1,14.62,2.0
2025-11-03 14:00:00+00:00,16.259999999999998,14.719999999999999,2.0
2025-11-03 15:00:00+00:00,16.14,14.84,2.0
2025-11-03 16:00:00+00:00,15.76,14.7,2.0
2025-11-03 17:00:00+00:00,14.62,13.780000000000001,2.0
2025-11-03 18:00:00+00:00,13.74,12.86,0.0
2025-11-03 19:00:00+00:00,13.02,11.86,0.0
2025-11-03 20:00:00+00:00,12.34,10.84,0.0
2025-11-03 21:00:00+00:00,11.9,10.2,1.0
2025-11-03 22:00:00+00:00,11.5,9.68,1.0
2025-11-03 23:00:00+00:00,11.26,9.379999999999999,3.0
2025-11-04 00:00:00+00:00,10.98,9.08,0.0
2025-11-04 01:00:00+00:00,10.78,8.76,0.0
2025-11-04 02:00:00+00:00,10.620000000000001,8.459999999999999,0.0
2025-11-04 03:00:00+00:00,10.46,8.16,0.0
2025-11-04 04:00:00+00:00,10.46,8.059999999999999,0.0
2025-11-04 05:00:00+00:00,10.58,8.14,0.0
2025-11-04 06:00:00+00:00,10.76,8.34,0.0
2025-11-04 07:00:00+00:00,10.8,8.36,2.0
2025-11-04 08:00:00+00:00,12.0,9.64,1.0
2025-11-04 09:00:00+00:00,14.12,12.1,1.0
2025-11-04 10:00:00+00:00,16.06,14.219999999999999,1.0
2025-11-04 11:00:00+00:00,17.52,15.26,1.0
2025-11-04 12:00:00+00:00,18.54,15.86,3.0
2025-11-04 13:00:00+00:00,18.86,16.259999999999998,1.0
2025-11-04 14:00:00+00:00,19.22,16.919999999999998,2.0
2025-11-04 15:00:00+00:00,19.339999999999996,17.3,2.0
2025-11-04 16:00:00+00:00,18.86,17.060000000000002,2.0
2025-11-04 17:00:00+00:00,17.7,15.66,2.0
2025-11-04 18:00:00+00:00,16.98,14.319999999999999,1.0
2025-11-04 19:00:00+00:00,16.56,13.7,2.0
2025-11-04 20:00:00+00:00,16.5,13.62,2.0
2025-11-04 21:00:00+00:00,16.4,13.559999999999999,3.0
2025-11-04 22:00:00+00:00,16.26,13.48,2.0
2025-11-04 23:00:00+00:00,16.06,13.419999999999998,3.0
2025-11-05 00:00:00+00:00,16.1,13.540000000000001,2.0
2025-11-05 01:00:00+00:00,16.06,13.559999999999999,3.0
2025-11-05 02:00:00+00:00,16.080000000000002,13.6,3.0
2025-11-05 03:00:00+00:00,16.18,13.719999999999999,3.0
2025-11-05 04:00:00+00:00,16.2,13.7,3.0
2025-11-05 05:00:00+00:00,16.080000000000002,13.48,2.0
2025-11-05 06:00:00+00:00,15.580000000000002,13.0,3.0
2025-11-05 07:00:00+00:00,15.48,13.059999999999999,3.0
2025-11-05 08:00:00+00:00,16.16,13.959999999999999,3.0
2025-11-05 09:00:00+00:00,17.28,15.440000000000001,3.0
2025-11-05 10:00:00+00:00,18.06,16.54,3.0
2025-11-05 11:00:00+00:00,18.98,17.64,3.0
2025-11-05 12:00:00+00:00,20.68,19.02,3.0
2025-11-05 13:00:00+00:00,20.740000000000002,19.419999999999998,3.0
2025-11-05 14:00:00+00:00,20.740000000000002,19.759999999999998,3.0
2025-11-05 15:00:00+00:00,20.6,19.52,3.0
2025-11-05 16:00:00+00:00,20.0,18.82,3.0
2025-11-05 17:00:00+00:00,19.5,18.1,3.0
2025-11-05 18:00:00+00:00,18.98,16.619999999999997,3.0
2025-11-05 19:00:00+00:00,18.3,16.14,3.0
2025-11-05 20:00:00+00:00,17.64,15.64,3.0
2025-11-05 21:00:00+00:00,17.34,15.419999999999998,3.0
2025-11-05 22:00:00+00:00,17.3,14.940000000000001,3.0
2025-11-05 23:00:00+00:00,16.8,14.76,3.0
2025-11-06 00:00:00+00:00,16.54,14.9,3.0
2025-11-06 01:00:00+00:00,16.16,14.34,61.0
2025-11-06 02:00:00+00:00,15.5,14.16,3.0
2025-11-06 03:00:00+00:00,15.080000000000002,13.959999999999999,3.0
2025-11-06 04:00:00+00:00,14.86,13.7,80.0
2025-11-06 05:00:00+00:00,14.580000000000002,13.459999999999999,3.0
2025-11-06 06:00:00+00:00,13.919999999999998,12.819999999999999,3.0
2025-11-06 07:00:00+00:00,13.559999999999999,12.24,3.0
2025-11-06 08:00:00+00:00,14.040000000000001,12.620000000000001,0.0
2025-11-06 09:00:00+00:00,15.280000000000001,14.219999999999999,3.0
2025-11-06 10:00:00+00:00,16.18,14.940000000000001,0.0
2025-11-06 11:00:00+00:00,16.68,15.16,3.0
2025-11-06 12:00:00+00:00,17.14,15.8,3.0
2025-11-06 13:00:00+00:00,17.3,15.819999999999999,2.0
2025-11-06 14:00:00+00:00,16.96,15.16,3.0
2025-11-06 15:00:00+00:00,16.22,14.4,3.0
2025-11-06 16:00:00+00:00,15.719999999999999,14.219999999999999,1.0
2025-11-06 17:00:00+00:00,14.64,13.379999999999999,1.0
2025-11-06 18:00:00+00:00,14.059999999999999,12.68,80.0
2025-11-06 19:00:00+00:00,13.76,11.92,3.0
2025-11-06 20:00:00+00:00,13.540000000000001,11.72,3.0
2025-11-06 21:00:00+00:00,13.419999999999998,11.5,3.0
2025-11-06 22:00:00+00:00,13.280000000000001,11.36,3.0
2025-11-06 23:00:00+00:00,13.26,11.42,2.0
2025-11-07 00:00:00+00:00,13.88,11.459999999999999,3.0
2025-11-07 01:00:00+00:00,13.66,11.459999999999999,3.0
2025-11-07 02:00:00+00:00,13.5,11.559999999999999,2.0
2025-11-07 03:00:00+00:00,13.16,11.4,3.0
2025-11-07 04:00:00+00:00,13.040000000000001,11.52,3.0
2025-11-07 05:00:00+00:00,12.8,11.440000000000001,3.0
2025-11-07 06:00:00+00:00,13.24,11.52,3.0
2025-11-07 07:00:00+00:00,12.78,11.32,3.0
2025-11-07 08:00:00+00:00,13.1,11.78,3.0
2025-11-07 09:00:00+00:00,13.88,12.52,3.0
2025-11-07 10:00:00+00:00,14.64,13.24,3.0
2025-11-07 11:00:00+00:00,14.74,13.3,3.0
2025-11-07 12:00:00+00:00,15.080000000000002,13.459999999999999,61.0
2025-11-07 13:00:00+00:00,14.98,13.219999999999999,61.0
2025-11-07 14:00:00+00:00,14.940000000000001,13.180000000000001,61.0
2025-11-07 15:00:00+00:00,14.74,13.319999999999999,61.0
2025-11-07 16:00:00+00:00,14.38,13.16,3.0
2025-11-07 17:00:00+00:00,13.98,12.76,3.0
2025-11-07 18:00:00+00:00,13.5,12.52,3.0
2025-11-07 19:00:00+00:00,13.419999999999998,12.219999999999999,80.0
2025-11-07 20:00:00+00:00,13.24,12.059999999999999,3.0
2025-11-07 21:00:00+00:00,13.0,12.120000000000001,3.0
2025-11-07 22:00:00+00:00,12.98,12.22,3.0
2025-11-07 23:00:00+00:00,12.940000000000001,12.24,3.0
2025-11-08 00:00:00+00:00,12.48,11.5,3.0
2025-11-08 01:00:00+00:00,12.36,11.26,3.0
2025-11-08 02:00:00+00:00,12.24,10.959999999999999,3.0
2025-11-08 03:00:00+00:00,12.16,10.92,3.0
2025-11-08 04:00:00+00:00,12.16,10.84,3.0
2025-11-08 05:00:00+00:00,12.1,10.84,2.0
2025-11-08 06:00:00+00:00,12.440000000000001,11.379999999999999,3.0
2025-11-08 07:00:00+00:00,12.42,11.24,1.0
2025-11-08 08:00:00+00:00,12.620000000000001,11.52,80.0
2025-11-08 09:00:00+00:00,12.940000000000001,11.74,3.0
2025-11-08 10:00:00+00:00,13.2,11.92,3.0
2025-11-08 11:00:00+00:00,13.559999999999999,12.22,80.0
2025-11-08 12:00:00+00:00,13.76,12.08,80.0
2025-11-08 13:00:00+00:00,14.040000000000001,12.22,80.0
2025-11-08 14:00:00+00:00,14.219999999999999,12.36,2.0
2025-11-08 15:00:00+00:00,14.059999999999999,12.28,1.0
2025-11-08 16:00:00+00:00,13.719999999999999,12.1,1.0
2025-11-08 17:00:00+00:00,12.84,11.440000000000001,80.0
2025-11-08 18:00:00+00:00,12.36,11.28,80.0
2025-11-08 19:00:00+00:00,12.040000000000001,10.940000000000001,80.0
2025-11-08 20:00:00+00:00,11.76,10.64,80.0
2025-11-08 21:00:00+00:00,11.6,10.58,0.0
2025-11-08 22:00:00+00:00,11.42,10.5,0.0
2025-11-08 23:00:00+00:00,11.18,10.26,2.0
2025-11-09 00:00:00+00:00,10.68,9.86,45.0
2025-11-09 01:00:00+00:00,10.459999999999999,9.6,45.0
2025-11-09 02:00:00+00:00,10.379999999999999,9.559999999999999,2.0
2025-11-09 03:00:00+00:00,10.02,9.14,45.0
2025-11-09 04:00:00+00:00,9.74,8.72,45.0
2025-11-09 05:00:00+00:00,9.5,8.4,1.0
2025-11-09 06:00:00+00:00,9.4,8.34,2.0
2025-11-09 07:00:00+00:00,9.16,7.9799999999999995,45.0
2025-11-09 08:00:00+00:00,9.6,8.459999999999999,2.0
2025-11-09 09:00:00+00:00,10.84,10.040000000000001,2.0
2025-11-09 10:00:00+00:00,11.959999999999999,11.26,2.0
2025-11-09 11:00:00+00:00,12.9,12.24,1.0
2025-11-09 12:00:00+00:00,13.419999999999998,12.5,2.0
2025-11-09 13:00:00+00:00,13.88,12.940000000000001,2.0
2025-11-09 14:00:00+00:00,14.080000000000002,13.1,1.0
2025-11-09 15:00:00+00:00,14.02,12.940000000000001,2.0
2025-11-09 16:00:00+00:00,13.62,12.58,2.0
2025-11-09 17:00:00+00:00,12.620000000000001,11.6,2.0
2025-11-09 18:00:00+00:00,11.66,10.5,3.0
2025-11-09 19:00:00+00:00,11.08,9.76,3.0
2025-11-09 20:00:00+00:00,10.7,9.3,3.0
2025-11-09 21:00:00+00:00,10.66,9.24,3.0
2025-11-09 22:00:00+00:00,10.48,8.98,3.0
2025-11-09 23:00:00+00:00,10.3,8.7,3.0
2025-11-10 00:00:00+00:00,10.08,8.360000000000001,2.0
2025-11-10 01:00:00+00:00,9.879999999999999,8.12,3.0
2025-11-10 02:00:00+00:00,9.86,8.0,2.0
2025-11-10 03:00:00+00:00,9.9,8.08,3.0
2025-11-10 04:00:00+00:00,9.9,8.0,3.0
2025-11-10 05:00:00+00:00,9.959999999999999,8.059999999999999,3.0
2025-11-10 06:00:00+00:00,9.1,7.039999999999999,2.0
2025-11-10 07:00:00+00:00,9.4,7.3,3.0
2025-11-10 08:00:00+00:00,10.440000000000001,8.58,3.0
2025-11-10 09:00:00+00:00,12.059999999999999,10.48,3.0
2025-11-10 10:00:00+00:00,13.62,12.4,3.0
2025-11-10 11:00:00+00:00,14.5,12.86,3.0
2025-11-10 12:00:00+00:00,14.52,12.68,3.0
2025-11-10 13:00:00+00:00,14.86,12.919999999999998,3.0
2025-11-10 14:00:00+00:00,14.9,13.0,3.0
2025-11-10 15:00:00+00:00,14.780000000000001,12.959999999999999,3.0
2025-11-10 16:00:00+00:00,14.3,12.88,3.0
2025-11-10 17:00:00+00:00,13.7,12.5,2.0
2025-11-10 18:00:00+00:00,13.5,12.38,3.0
2025-11-10 19:00:00+00:00,13.1,12.12,3.0
2025-11-10 20:00:00+00:00,12.8,11.879999999999999,3.0
2025-11-10 21:00:00+00:00,12.620000000000001,11.8,3.0
2025-11-10 22:00:00+00:00,12.36,11.48,2.0
2025-11-10 23:00:00+00:00,12.120000000000001,11.059999999999999,2.0
2025-11-11 00:00:00+00:00,11.9,10.8,3.0
2025-11-11 01:00:00+00:00,11.72,10.48,3.0
2025-11-11 02:00:00+00:00,11.620000000000001,10.2,3.0
2025-11-11 03:00:00+00:00,11.5,10.040000000000001,3.0
2025-11-11 04:00:00+00:00,11.36,9.72,3.0
2025-11-11 05:00:00+00:00,11.24,9.34,3.0
2025-11-11 06:00:00+00:00,10.84,8.639999999999999,3.0
2025-11-11 07:00:00+00:00,10.860000000000001,8.52,3.0
2025-11-11 08:00:00+00:00,11.5,9.059999999999999,3.0
2025-11-11 09:00:00+00:00,13.14,10.82,3.0
2025-11-11 10:00:00+00:00,14.74,12.680000000000001,3.0
2025-11-11 11:00:00+00:00,16.28,13.74,1.0
2025-11-11 12:00:00+00:00,17.32,14.48,0.0
2025-11-11 13:00:00+00:00,17.94,15.280000000000001,0.0
2025-11-11 14:00:00+00:00,18.14,15.62,1.0
2025-11-11 15:00:00+00:00,17.9,15.66,0.0
2025-11-11 16:00:00+00:00,17.119999999999997,15.34,0.0
2025-11-11 17:00:00+00:00,15.6,13.9,1.0
2025-11-11 18:00:00+00:00,14.819999999999999,12.78,1.0
2025-11-11 19:00:00+00:00,14.080000000000002,11.9,1.0
2025-11-11 20:00:00+00:00,13.66,11.459999999999999,1.0
2025-11-11 21:00:00+00:00,13.3,11.1,1.0
2025-11-11 22:00:00+00:00,13.0,10.68,2.0
2025-11-11 23:00:00+00:00,12.72,10.34,2.0
2025-11-12 00:00:00+00:00,12.6,10.139999999999999,2.0
2025-11-12 01:00:00+00:00,12.42,9.879999999999999,3.0
2025-11-12 02:00:00+00:00,12.3,9.68,2.0
2025-11-12 03:00:00+00:00,12.14,9.58,3.0
2025-11-12 04:00:00+00:00,12.02,9.5,1.0
2025-11-12 05:00:00+00:00,12.0,9.42,2.0
2025-11-12 06:00:00+00:00,11.84,9.34,2.0
2025-11-12 07:00:00+00:00,11.84,9.28,3.0
2025-11-12 08:00:00+00:00,12.780000000000001,10.1,3.0
2025-11-12 09:00:00+00:00,15.16,12.52,2.0
2025-11-12 10:00:00+00:00,17.580000000000002,14.98,0.0
2025-11-12 11:00:00+00:00,19.580000000000002,16.54,3.0
2025-11-12 12:00:00+00:00,20.64,17.619999999999997,3.0
2025-11-12 13:00:00+00:00,21.46,18.660000000000004,1.0
2025-11-12 14:00:00+00:00,21.86,19.22,0.0
2025-11-12 15:00:00+00:00,21.6,19.380000000000003,3.0
2025-11-12 16:00:00+00:00,20.64,18.619999999999997,2.0
2025-11-12 17:00:00+00:00,18.68,16.619999999999997,3.0
2025-11-12 18:00:00+00:00,17.44,15.66,3.0
2025-11-12 19:00:00+00:00,16.84,14.819999999999999,3.0
2025-11-12 20:00:00+00:00,16.52,14.379999999999999,3.0
2025-11-12 21:00:00+00:00,16.22,14.0,3.0
2025-11-12 22:00:00+00:00,15.780000000000001,13.66,3.0
2025-11-12 23:00:00+00:00,15.520000000000001,13.4,3.0
2025-11-13 00:00:00+00:00,16.38,14.059999999999999,0.0
2025-11-13 01:00:00+00:00,16.9,14.38,0.0
2025-11-13 02:00:00+00:00,17.4,14.780000000000001,1.0
2025-11-13 03:00:00+00:00,17.48,15.02,2.0
2025-11-13 04:00:00+00:00,17.02,14.8,2.0
2025-11-13 05:00:00+00:00,16.06,13.780000000000001,3.0
2025-11-13 06:00:00+00:00,16.02,13.7,3.0
2025-11-13 07:00:00+00:00,15.88,13.52,3.0
2025-11-13 08:00:00+00:00,16.119999999999997,14.02,3.0
2025-11-13 09:00:00+00:00,17.4,15.459999999999999,3.0
2025-11-13 10:00:00+00:00,18.759999999999998,16.86,3.0
2025-11-13 11:00:00+00:00,19.68,18.06,3.0
2025-11-13 12:00:00+00:00,20.759999999999998,18.22,3.0
2025-11-13 13:00:00+00:00,21.06,18.580000000000002,3.0
2025-11-13 14:00:00+00:00,21.119999999999997,18.8,3.0
2025-11-13 15:00:00+00:00,20.94,18.759999999999998,2.0
2025-11-13 16:00:00+00:00,20.28,18.4,3.0
2025-11-13 17:00:00+00:00,19.259999999999998,17.02,3.0
2025-11-13 18:00:00+00:00,17.919999999999998,16.5,3.0
2025-11-13 19:00:00+00:00,17.02,15.36,3.0
2025-11-13 20:00:00+00:00,16.7,14.7,3.0
2025-11-13 21:00:00+00:00,16.619999999999997,14.4,3.0
2025-11-13 22:00:00+00:00,16.52,14.14,3.0
2025-11-13 23:00:00+00:00,16.86,14.040000000000001,3.0
2025-11-14 00:00:00+00:00,16.759999999999998,13.88,3.0
2025-11-14 01:00:00+00:00,16.98,14.1,3.0
2025-11-14 02:00:00+00:00,16.979999999999997,14.419999999999998,3.0
2025-11-14 03:00:00+00:00,16.880000000000003,14.580000000000002,3.0
2025-11-14 04:00:00+00:00,16.7,14.419999999999998,3.0
2025-11-14 05:00:00+00:00,16.56,14.319999999999999,3.0
2025-11-14 06:00:00+00:00,17.080000000000002,14.0,3.0
2025-11-14 07:00:00+00:00,17.080000000000002,13.86,3.0
2025-11-14 08:00:00+00:00,17.2,13.940000000000001,3.0
2025-11-14 09:00:00+00:00,17.740000000000002,14.719999999999999,3.0
2025-11-14 10:00:00+00:00,18.580000000000002,15.780000000000001,3.0
2025-11-14 11:00:00+00:00,19.18,16.759999999999998,3.0
2025-11-14 12:00:00+00:00,18.880000000000003,17.240000000000002,2.0
2025-11-14 13:00:00+00:00,18.580000000000002,17.0,3.0
2025-11-14 14:00:00+00:00,18.6,17.119999999999997,3.0
2025-11-14 15:00:00+00:00,18.7,17.36,3.0
2025-11-14 16:00:00+00:00,18.14,16.7,2.0
2025-11-14 17:00:00+00:00,16.8,15.280000000000001,3.0
2025-11-14 18:00:00+00:00,15.98,15.280000000000001,3.0
2025-11-14 19:00:00+00:00,15.3,14.540000000000001,3.0
2025-11-14 20:00:00+00:00,14.919999999999998,13.76,3.0
2025-11-14 21:00:00+00:00,14.959999999999999,13.459999999999999,3.0
2025-11-14 22:00:00+00:00,14.719999999999999,12.98,3.0
2025-11-14 23:00:00+00:00,14.559999999999999,12.76,3.0
2025-11-15 00:00:00+00:00,14.38,12.48,3.0
2025-11-15 01:00:00+00:00,14.219999999999999,12.379999999999999,3.0
2025-11-15 02:00:00+00:00,14.1,12.379999999999999,3.0
2025-11-15 03:00:00+00:00,13.98,12.22,3.0
2025-11-15 04:00:00+00:00,13.64,11.82,3.0
2025-11-15 05:00:00+00:00,13.4,11.5,0.0
2025-11-15 06:00:00+00:00,13.38,11.28,3.0
2025-11-15 07:00:00+00:00,13.26,11.1,3.0
2025-11-15 08:00:00+00:00,13.62,11.379999999999999,2.0
2025-11-15 09:00:00+00:00,15.040000000000001,12.86,2.0
2025-11-15 10:00:00+00:00,16.6,14.66,2.0
2025-11-15 11:00:00+00:00,17.619999999999997,15.4,0.0
2025-11-15 12:00:00+00:00,18.22,15.780000000000001,1.0
2025-11-15 13:00:00+00:00,18.46,15.919999999999998,1.0
2025-11-15 14:00:00+00:00,18.32,16.1,1.0
2025-11-15 15:00:00+00:00,17.939999999999998,16.380000000000003,2.0
2025-11-15 16:00:00+00:00,16.84,15.860000000000003,1.0
2025-11-15 17:00:00+00:00,15.66,15.319999999999999,2.0
2025-11-15 18:00:00+00:00,14.940000000000001,13.559999999999999,3.0
2025-11-15 19:00:00+00:00,14.280000000000001,13.3,3.0
2025-11-15 20:00:00+00:00,14.0,13.14,3.0
2025-11-15 21:00:00+00:00,13.76,13.059999999999999,3.0
2025-11-15 22:00:00+00:00,13.419999999999998,12.68,3.0
2025-11-15 23:00:00+00:00,13.14,12.22,3.0
2025-11-16 00:00:00+00:00,13.4,12.6,3.0
2025-11-16 01:00:00+00:00,13.02,12.1,80.0
2025-11-16 02:00:00+00:00,12.88,11.9,61.0
2025-11-16 03:00:00+00:00,12.819999999999999,11.84,3.0
2025-11-16 04:00:00+00:00,12.8,11.9,3.0
2025-11-16 05:00:00+00:00,12.66,11.879999999999999,61.0
2025-11-16 06:00:00+00:00,12.7,11.620000000000001,61.0
2025-11-16 07:00:00+00:00,12.540000000000001,11.34,1.0
2025-11-16 08:00:00+00:00,12.620000000000001,11.5,61.0
2025-11-16 09:00:00+00:00,13.36,12.5,61.0
2025-11-16 10:00:00+00:00,14.4,13.34,61.0
2025-11-16 11:00:00+00:00,15.24,13.9,61.0
2025-11-16 12:00:00+00:00,15.719999999999999,14.12,3.0
2025-11-16 13:00:00+00:00,15.98,14.38,2.0
2025-11-16 14:00:00+00:00,15.8,14.24,2.0
2025-11-16 15:00:00+00:00,15.419999999999998,13.9,3.0
2025-11-16 16:00:00+00:00,14.98,13.62,3.0
2025-11-16 17:00:00+00:00,14.02,13.0,3.0
2025-11-16 18:00:00+00:00,13.440000000000001,12.84,2.0
2025-11-16 19:00:00+00:00,12.86,12.24,3.0
2025-11-16 20:00:00+00:00,12.639999999999999,11.940000000000001,2.0
2025-11-16 21:00:00+00:00,12.3,11.5,2.0
2025-11-16 22:00:00+00:00,12.120000000000001,11.26,3.0
2025-11-16 23:00:00+00:00,12.059999999999999,11.180000000000001,3.0
2025-11-17 00:00:00+00:00,11.74,10.72,3.0
2025-11-17 01:00:00+00:00,11.540000000000001,10.459999999999999,3.0
2025-11-17 02:00:00+00:00,11.56,10.459999999999999,2.0
2025-11-17 03:00:00+00:00,11.540000000000001,10.42,3.0
2025-11-17 04:00:00+00:00,11.48,10.14,3.0
2025-11-17 05:00:00+00:00,11.459999999999999,10.08,3.0
2025-11-17 06:00:00+00:00,11.54,10.2,3.0
2025-11-17 07:00:00+00:00,11.32,9.8,3.0
2025-11-17 08:00:00+00:00,11.36,9.76,2.0
2025-11-17 09:00:00+00:00,11.559999999999999,9.5,2.0
2025-11-17 10:00:00+00:00,11.58,9.2,3.0
2025-11-17 11:00:00+00:00,11.8,9.24,3.0
2025-11-17 12:00:00+00:00,12.5,9.24,80.0
2025-11-17 13:00:00+00:00,12.34,9.02,2.0
2025-11-17 14:00:00+00:00,12.16,8.82,0.0
2025-11-17 15:00:00+00:00,11.959999999999999,8.64,2.0
2025-11-17 16:00:00+00:00,11.620000000000001,8.34,2.0
2025-11-17 17:00:00+00:00,11.180000000000001,8.02,2.0
2025-11-17 18:00:00+00:00,10.58,7.5200000000000005,1.0
2025-11-17 19:00:00+00:00,10.120000000000001,7.040000000000001,1.0
2025-11-17 20:00:00+00:00,9.76,6.56,2.0
2025-11-17 21:00:00+00:00,9.440000000000001,6.2,2.0
2025-11-17 22:00:00+00:00,8.959999999999999,5.82,0.0
2025-11-17 23:00:00+00:00,8.5,5.5600000000000005,0.0
2025-11-18 00:00:00+00:00,7.8,4.84,0.0
2025-11-18 01:00:00+00:00,7.42,4.5200000000000005,1.0
2025-11-18 02:00:00+00:00,6.88,4.0200000000000005,0.0
2025-11-18 03:00:00+00:00,6.38,3.6799999999999997,1.0
2025-11-18 04:00:00+00:00,5.9399999999999995,3.3,0.0
2025-11-18 05:00:00+00:00,5.62,3.06,1.0
2025-11-18 06:00:00+00:00,4.66,2.12,0.0
2025-11-18 07:00:00+00:00,4.3,1.7400000000000002,0.0
2025-11-18 08:00:00+00:00,4.4399999999999995,1.94,0.0
2025-11-18 09:00:00+00:00,5.74,3.28,1.0
2025-11-18 10:00:00+00:00,6.68,4.1,0.0
2025-11-18 11:00:00+00:00,7.62,5.0600000000000005,0.0
2025-11-18 12:00:00+00:00,8.459999999999999,6.0600000000000005,0.0
2025-11-18 13:00:00+00:00,8.9,6.36,0.0
2025-11-18 14:00:00+00:00,9.08,6.42,0.0
2025-11-18 15:00:00+00:00,9.040000000000001,6.44,0.0
2025-11-18 16:00:00+00:00,8.64,6.12,1.0
2025-11-18 17:00:00+00:00,7.7,5.14,0.0
2025-11-18 18:00:00+00:00,7.139999999999999,4.619999999999999,0.0
2025-11-18 19:00:00+00:00,6.76,4.32,0.0
2025-11-18 20:00:00+00:00,6.6,4.36,0.0
2025-11-18 21:00:00+00:00,6.38,4.24,0.0
2025-11-18 22:00:00+00:00,6.0200000000000005,3.8200000000000003,2.0
2025-11-18 23:00:00+00:00,5.54,3.04,1.0
2025-11-19 00:00:00+00:00,5.180000000000001,2.62,2.0
2025-11-19 01:00:00+00:00,4.9,2.32,2.0
2025-11-19 02:00:00+00:00,4.7,2.0,2.0
2025-11-19 03:00:00+00:00,4.54,1.7600000000000002,3.0
2025-11-19 04:00:00+00:00,4.5600000000000005,1.7200000000000002,3.0
2025-11-19 05:00:00+00:00,4.68,1.7400000000000002,3.0
2025-11-19 06:00:00+00:00,5.720000000000001,2.18,3.0
2025-11-19 07:00:00+00:00,5.9799999999999995,2.56,3.0
2025-11-19 08:00:00+00:00,6.840000000000001,3.5,3.0
2025-11-19 09:00:00+00:00,8.34,4.82,3.0
2025-11-19 10:00:00+00:00,9.379999999999999,5.86,3.0
2025-11-19 11:00:00+00:00,9.879999999999999,6.4,3.0
2025-11-19 12:00:00+00:00,9.98,6.5,3.0
2025-11-19 13:00:00+00:00,10.0,6.480000000000001,3.0
2025-11-19 14:00:00+00:00,10.08,6.88,3.0
2025-11-19 15:00:00+00:00,10.08,6.74,80.0
2025-11-19 16:00:00+00:00,9.74,6.38,80.0
2025-11-19 17:00:00+00:00,9.26,6.0200000000000005,61.0
2025-11-19 18:00:00+00:00,9.18,5.9399999999999995,3.0
2025-11-19 19:00:00+00:00,8.84,5.68,2.0
2025-11-19 20:00:00+00:00,8.5,5.08,80.0
2025-11-19 21:00:00+00:00,8.26,4.56,1.0
2025-11-19 22:00:00+00:00,7.74,4.04,2.0
2025-11-19 23:00:00+00:00,7.18,3.5200000000000005,2.0
2025-11-20 00:00:00+00:00,6.58,2.88,80.0
2025-11-20 01:00:00+00:00,6.18,2.6,0.0
2025-11-20 02:00:00+00:00,5.76,2.2199999999999998,80.0
2025-11-20 03:00:00+00:00,5.4,1.98,3.0
2025-11-20 04:00:00+00:00,5.12,1.9600000000000002,0.0
2025-11-20 05:00:00+00:00,4.84,1.8800000000000001,0.0
2025-11-20 06:00:00+00:00,4.5600000000000005,1.42,0.0
2025-11-20 07:00:00+00:00,4.2,1.1199999999999999,0.0
2025-11-20 08:00:00+00:00,4.08,1.16,1.0
2025-11-20 09:00:00+00:00,5.18,2.48,1.0
2025-11-20 10:00:00+00:00,6.04,3.1799999999999997,2.0
2025-11-20 11:00:00+00:00,6.62,3.7,2.0
2025-11-20 12:00:00+00:00,7.1,4.24,2.0
2025-11-20 13:00:00+00:00,7.279999999999999,4.28,3.0
2025-11-20 14:00:00+00:00,7.26,4.279999999999999,3.0
2025-11-20 15:00:00+00:00,7.159999999999999,4.140000000000001,3.0
2025-11-20 16:00:00+00:00,6.58,3.72,3.0
2025-11-20 17:00:00+00:00,5.58,2.8400000000000003,3.0
2025-11-20 18:00:00+00:00,4.84,2.2600000000000002,80.0
2025-11-20 19:00:00+00:00,4.68,1.98,3.0
2025-11-20 20:00:00+00:00,4.38,1.6800000000000002,3.0
2025-11-20 21:00:00+00:00,4.26,1.48,3.0
2025-11-20 22:00:00+00:00,4.08,1.06,3.0
2025-11-20 23:00:00+00:00,3.4200000000000004,0.16000000000000003,80.0
2025-11-21 00:00:00+00:00,3.2600000000000002,0.06000000000000001,1.0
2025-11-21 01:00:00+00:00,2.9,-0.54,1.0
2025-11-21 02:00:00+00:00,2.88,-0.7400000000000001,0.0
2025-11-21 03:00:00+00:00,2.6,-1.1800000000000002,0.0
2025-11-21 04:00:00+00:00,2.5,-1.1800000000000002,0.0
2025-11-21 05:00:00+00:00,2.3200000000000003,-1.04,0.0
2025-11-21 06:00:00+00:00,2.42,-0.9,0.0
2025-11-21 07:00:00+00:00,2.4400000000000004,-0.9400000000000002,0.0
2025-11-21 08:00:00+00:00,2.7600000000000002,-0.62,0.0
2025-11-21 09:00:00+00:00,3.9200000000000004,0.32,0.0
2025-11-21 10:00:00+00:00,5.0,1.1400000000000001,0.0
2025-11-21 11:00:00+00:00,5.720000000000001,1.5799999999999998,0.0
2025-11-21 12:00:00+00:00,5.58,1.44,1.0
2025-11-21 13:00:00+00:00,5.9799999999999995,1.72,2.0
2025-11-21 14:00:00+00:00,6.3,2.08,2.0
2025-11-21 15:00:00+00:00,6.340000000000001,2.24,1.0
2025-11-21 16:00:00+00:00,6.12,2.2,1.0
2025-11-21 17:00:00+00:00,5.279999999999999,1.6199999999999999,0.0
2025-11-21 18:00:00+00:00,4.779999999999999,1.4200000000000002,0.0
2025-11-21 19:00:00+00:00,4.5200000000000005,1.1600000000000001,0.0
2025-11-21 20:00:00+00:00,4.279999999999999,1.0400000000000003,0.0
2025-11-21 21:00:00+00:00,4.06,0.78,0.0
2025-11-21 22:00:00+00:00,3.7400000000000007,0.44000000000000006,0.0
2025-11-21 23:00:00+00:00,3.44,0.2599999999999999,0.0
2025-11-22 00:00:00+00:00,3.3600000000000003,0.38,0.0
2025-11-22 01:00:00+00:00,3.18,0.21999999999999992,0.0
2025-11-22 02:00:00+00:00,3.04,0.18000000000000008,0.0
2025-11-22 03:00:00+00:00,2.9,0.020000000000000108,0.0
2025-11-22 04:00:00+00:00,2.7399999999999998,-0.22000000000000003,1.0
2025-11-22 05:00:00+00:00,2.54,-0.6199999999999999,0.0
2025-11-22 06:00:00+00:00,2.48,-0.7200000000000001,0.0
2025-11-22 07:00:00+00:00,2.24,-1.02,0.0
2025-11-22 08:00:00+00:00,2.4,-0.9199999999999999,1.0
2025-11-22 09:00:00+00:00,3.94,0.6599999999999999,1.0
2025-11-22 10:00:00+00:00,5.38,2.18,1.0
2025-11-22 11:00:00+00:00,6.4799999999999995,3.1399999999999997,1.0
2025-11-22 12:00:00+00:00,7.44,3.7600000000000002,2.0
2025-11-22 13:00:00+00:00,8.16,4.46,2.0
2025-11-22 14:00:00+00:00,8.4,4.72,3.0
2025-11-22 15:00:00+00:00,8.38,4.84,3.0
2025-11-22 16:00:00+00:00,7.9,4.56,3.0
2025-11-22 17:00:00+00:00,7.279999999999999,3.66,3.0
2025-11-22 18:00:00+00:00,6.58,2.8600000000000003,61.0
2025-11-22 19:00:00+00:00,6.62,2.96,61.0
2025-11-22 20:00:00+00:00,7.0600000000000005,3.66,61.0
2025-11-22 21:00:00+00:00,7.76,4.540000000000001,61.0
2025-11-22 22:00:00+00:00,8.120000000000001,5.24,61.0
2025-11-22 23:00:00+00:00,8.34,5.38,61.0
2025-11-23 00:00:00+00:00,7.38,3.38,61.0
2025-11-23 01:00:00+00:00,7.94,4.26,61.0
2025-11-23 02:00:00+00:00,8.4,4.88,61.0
2025-11-23 03:00:00+00:00,9.0,5.94,80.0
2025-11-23 04:00:00+00:00,9.76,6.659999999999999,3.0
2025-11-23 05:00:00+00:00,10.120000000000001,6.82,61.0
2025-11-23 06:00:00+00:00,11.2,8.02,3.0
2025-11-23 07:00:00+00:00,11.440000000000001,8.34,3.0
2025-11-23 08:00:00+00:00,11.559999999999999,8.459999999999999,3.0
2025-11-23 09:00:00+00:00,11.86,8.8,3.0
2025-11-23 10:00:00+00:00,12.26,9.0,3.0
2025-11-23 11:00:00+00:00,12.580000000000002,9.18,2.0
2025-11-23 12:00:00+00:00,12.620000000000001,9.32,3.0
2025-11-23 13:00:00+00:00,13.12,9.879999999999999,3.0
2025-11-23 14:00:00+00:00,13.3,10.2,3.0
2025-11-23 15:00:00+00:00,13.280000000000001,10.379999999999999,3.0
2025-11-23 16:00:00+00:00,13.040000000000001,10.0,3.0
2025-11-23 17:00:00+00:00,12.7,9.74,3.0
2025-11-23 18:00:00+00:00,12.72,9.98,61.0
2025-11-23 19:00:00+00:00,12.76,9.48,3.0
2025-11-23 20:00:00+00:00,12.64,9.52,61.0
2025-11-23 21:00:00+00:00,12.58,9.66,61.0
2025-11-23 22:00:00+00:00,12.680000000000001,9.58,61.0
2025-11-23 23:00:00+00:00,12.540000000000001,9.58,61.0
2025-11-24 00:00:00+00:00,12.120000000000001,9.94,61.0
2025-11-24 01:00:00+00:00,12.059999999999999,9.9,61.0
2025-11-24 02:00:00+00:00,12.02,9.760000000000002,61.0
2025-11-24 03:00:00+00:00,11.86,9.66,61.0
2025-11-24 04:00:00+00:00,11.58,9.58,61.0
2025-11-24 05:00:00+00:00,11.44,9.4,61.0
2025-11-24 06:00:00+00:00,11.3,9.559999999999999,61.0
2025-11-24 07:00:00+00:00,11.32,9.76,61.0
2025-11-24 08:00:00+00:00,11.28,9.76,61.0
2025-11-24 09:00:00+00:00,11.6,10.18,61.0
2025-11-24 10:00:00+00:00,11.879999999999999,10.66,61.0
2025-11-24 11:00:00+00:00,11.98,10.879999999999999,61.0
2025-11-24 12:00:00+00:00,12.24,9.32,61.0
2025-11-24 13:00:00+00:00,12.24,8.8,3.0
2025-11-24 14:00:00+00:00,12.28,8.66,61.0
2025-11-24 15:00:00+00:00,11.64,7.8199999999999985,61.0
2025-11-24 16:00:00+00:00,11.0,7.12,80.0
2025-11-24 17:00:00+00:00,10.58,6.6,80.0
2025-11-24 18:00:00+00:00,9.52,5.0600000000000005,80.0
2025-11-24 19:00:00+00:00,9.52,4.9,3.0
2025-11-24 20:00:00+00:00,9.620000000000001,5.0,80.0
2025-11-24 21:00:00+00:00,9.7,4.959999999999999,80.0
2025-11-24 22:00:00+00:00,9.48,4.7,80.0
2025-11-24 23:00:00+00:00,9.42,4.76,80.0
2025-11-25 00:00:00+00:00,9.34,4.9,3.0
2025-11-25 01:00:00+00:00,9.239999999999998,5.04,2.0
2025-11-25 02:00:00+00:00,8.98,5.14,0.0
2025-11-25 03:00:00+00:00,8.76,4.959999999999999,1.0
2025-11-25 04:00:00+00:00,8.5,4.84,1.0
2025-11-25 05:00:00+00:00,8.2,4.76,3.0
2025-11-25 06:00:00+00:00,8.260000000000002,4.92,3.0
2025-11-25 07:00:00+00:00,8.059999999999999,4.88,3.0
2025-11-25 08:00:00+00:00,8.120000000000001,4.959999999999999,3.0
2025-11-25 09:00:00+00:00,8.56,5.54,3.0
2025-11-25 10:00:00+00:00,9.02,5.84,3.0
2025-11-25 11:00:00+00:00,9.34,6.0200000000000005,3.0
2025-11-25 12:00:00+00:00,9.5,5.94,2.0
2025-11-25 13:00:00+00:00,9.48,5.82,2.0
2025-11-25 14:00:00+00:00,9.28,5.58,80.0
2025-11-25 15:00:00+00:00,9.0,5.24,80.0
2025-11-25 16:00:00+00:00,8.58,4.92,95.0
2025-11-25 17:00:00+00:00,8.02,4.5600000000000005,2.0
2025-11-25 18:00:00+00:00,7.4399999999999995,4.44,2.0
2025-11-25 19:00:00+00:00,7.2,4.16,1.0
2025-11-25 20:00:00+00:00,6.82,3.7599999999999993,1.0
2025-11-25 21:00:00+00:00,6.42,3.28,1.0
2025-11-25 22:00:00+00:00,6.14,3.1399999999999997,1.0
2025-11-25 23:00:00+00:00,6.040000000000001,3.1,1.0
2025-11-26 00:00:00+00:00,6.0,3.08,2.0
2025-11-26 01:00:00+00:00,5.88,2.98,80.0
2025-11-26 02:00:00+00:00,5.9399999999999995,3.02,80.0
2025-11-26 03:00:00+00:00,5.859999999999999,2.94,1.0
2025-11-26 04:00:00+00:00,5.62,2.7,2.0
2025-11-26 05:00:00+00:00,5.380000000000001,2.48,2.0
2025-11-26 06:00:00+00:00,5.3,2.46,2.0
2025-11-26 07:00:00+00:00,5.08,2.4,2.0
2025-11-26 08:00:00+00:00,5.220000000000001,2.6,2.0
2025-11-26 09:00:00+00:00,6.18,3.7,1.0
2025-11-26 10:00:00+00:00,7.0,4.32,0.0
2025-11-26 11:00:00+00:00,7.68,4.82,2.0
2025-11-26 12:00:00+00:00,8.1,5.38,1.0
2025-11-26 13:00:00+00:00,8.379999999999999,5.76,2.0
2025-11-26 14:00:00+00:00,8.42,5.92,1.0
2025-11-26 15:00:00+00:00,8.34,5.9799999999999995,3.0
2025-11-26 16:00:00+00:00,7.9,5.8,3.0
2025-11-26 17:00:00+00:00,7.24,5.16,3.0
2025-11-26 18:00:00+00:00,6.58,4.34,3.0
2025-11-26 19:00:00+00:00,6.0,3.54,2.0
2025-11-26 20:00:00+00:00,5.54,2.92,3.0
2025-11-26 21:00:00+00:00,5.220000000000001,2.5200000000000005,2.0
2025-11-26 22:00:00+00:00,5.0,2.18,2.0
2025-11-26 23:00:00+00:00,4.74,1.8199999999999998,1.0
2025-11-27 00:00:00+00:00,4.140000000000001,1.2000000000000002,1.0
2025-11-27 01:00:00+00:00,3.9800000000000004,1.02,0.0
2025-11-27 02:00:00+00:00,3.8800000000000003,0.8799999999999999,1.0
2025-11-27 03:00:00+00:00,3.8600000000000003,0.8800000000000001,3.0
2025-11-27 04:00:00+00:00,3.94,0.8400000000000001,3.0
2025-11-27 05:00:00+00:00,3.88,0.7999999999999998,3.0
2025-11-27 06:00:00+00:00,5.279999999999999,2.2,3.0
2025-11-27 07:00:00+00:00,5.74,2.7399999999999998,3.0
2025-11-27 08:00:00+00:00,6.16,3.2,61.0
2025-11-27 09:00:00+00:00,6.859999999999999,4.08,3.0
2025-11-27 10:00:00+00:00,7.640000000000001,5.04,3.0
2025-11-27 11:00:00+00:00,8.559999999999999,6.14,3.0
2025-11-27 12:00:00+00:00,9.379999999999999,7.26,3.0
2025-11-27 13:00:00+00:00,9.84,7.840000000000001,3.0
2025-11-27 14:00:00+00:00,10.02,8.040000000000001,3.0
2025-11-27 15:00:00+00:00,10.2,8.3,3.0
2025-11-27 16:00:00+00:00,10.02,8.22,3.0
2025-11-27 17:00:00+00:00,9.74,7.94,3.0
2025-11-27 18:00:00+00:00,9.26,7.720000000000001,3.0
2025-11-27 19:00:00+00:00,9.22,7.62,3.0
2025-11-27 20:00:00+00:00,9.26,7.739999999999999,3.0
2025-11-27 21:00:00+00:00,9.28,7.76,3.0
2025-11-27 22:00:00+00:00,9.379999999999999,7.9,3.0
2025-11-27 23:00:00+00:00,9.48,8.02,3.0
2025-11-28 00:00:00+00:00,9.620000000000001,8.059999999999999,3.0
2025-11-28 01:00:00+00:00,9.66,8.059999999999999,3.0
2025-11-28 02:00:00+00:00,9.620000000000001,8.0,3.0
2025-11-28 03:00:00+00:00,9.66,8.18,3.0
2025-11-28 04:00:00+00:00,9.7,8.24,3.0
2025-11-28 05:00:00+00:00,9.74,8.379999999999999,3.0
2025-11-28 06:00:00+00:00,9.58,7.959999999999999,3.0
2025-11-28 07:00:00+00:00,9.5,7.9,3.0
2025-11-28 08:00:00+00:00,9.72,8.260000000000002,3.0
2025-11-28 09:00:00+00:00,10.52,9.16,3.0
2025-11-28 10:00:00+00:00,11.6,10.379999999999999,2.0
2025-11-28 11:00:00+00:00,12.14,10.76,3.0
2025-11-28 12:00:00+00:00,12.34,10.959999999999999,3.0
2025-11-28 13:00:00+00:00,12.459999999999999,10.959999999999999,3.0
2025-11-28 14:00:00+00:00,12.52,11.02,61.0
2025-11-28 15:00:00+00:00,12.5,11.1,2.0
2025-11-28 16:00:00+00:00,12.32,11.16,2.0
2025-11-28 17:00:00+00:00,11.940000000000001,10.959999999999999,3.0
2025-11-28 18:00:00+00:00,11.16,9.92,3.0
2025-11-28 19:00:00+00:00,11.120000000000001,9.86,3.0
2025-11-28 20:00:00+00:00,11.1,9.78,61.0
2025-11-28 21:00:00+00:00,11.0,9.8,61.0
2025-11-28 22:00:00+00:00,10.98,10.0,80.0
2025-11-28 23:00:00+00:00,10.76,9.92,45.0
2025-11-29 00:00:00+00:00,9.82,8.42,3.0
2025-11-29 01:00:00+00:00,9.72,8.24,3.0
2025-11-29 02:00:00+00:00,9.58,8.1,3.0
2025-11-29 03:00:00+00:00,9.42,7.7,3.0
2025-11-29 04:00:00+00:00,9.26,7.659999999999999,3.0
2025-11-29 05:00:00+00:00,9.26,7.6,3.0
2025-11-29 06:00:00+00:00,8.6,6.779999999999999,2.0
2025-11-29 07:00:00+00:00,8.58,6.640000000000001,3.0
2025-11-29 08:00:00+00:00,8.78,6.840000000000001,2.0
2025-11-29 09:00:00+00:00,9.82,8.02,3.0
2025-11-29 10:00:00+00:00,11.34,9.540000000000001,3.0
2025-11-29 11:00:00+00:00,12.5,10.42,3.0
2025-11-29 12:00:00+00:00,12.98,10.7,2.0
2025-11-29 13:00:00+00:00,13.559999999999999,11.42,2.0
2025-11-29 14:00:00+00:00,13.7,11.5,2.0
2025-11-29 15:00:00+00:00,13.280000000000001,11.2,3.0
2025-11-29 16:00:00+00:00,12.42,10.459999999999999,3.0
2025-11-29 17:00:00+00:00,11.78,9.7,3.0
2025-11-29 18:00:00+00:00,11.239999999999998,8.879999999999999,3.0
2025-11-29 19:00:00+00:00,11.120000000000001,9.14,3.0
2025-11-29 20:00:00+00:00,11.18,9.239999999999998,61.0
2025-11-29 21:00:00+00:00,11.1,8.780000000000001,3.0
2025-11-29 22:00:00+00:00,10.74,8.22,61.0
2025-11-29 23:00:00+00:00,10.34,7.88,61.0
2025-11-30 00:00:00+00:00,9.4,7.459999999999999,3.0
2025-11-30 01:00:00+00:00,9.2,7.3,61.0
2025-11-30 02:00:00+00:00,9.059999999999999,6.780000000000001,3.0
2025-11-30 03:00:00+00:00,8.72,6.42,3.0
2025-11-30 04:00:00+00:00,8.26,5.9399999999999995,3.0
2025-11-30 05:00:00+00:00,8.0,5.92,3.0
2025-11-30 06:00:00+00:00,7.720000000000001,5.84,1.0
2025-11-30 07:00:00+00:00,7.3,5.38,45.0
2025-11-30 08:00:00+00:00,7.06,5.12,1.0
2025-11-30 09:00:00+00:00,7.7,5.84,0.0
2025-11-30 10:00:00+00:00,9.14,7.26,1.0
2025-11-30 11:00:00+00:00,9.72,7.720000000000001,0.0
2025-11-30 12:00:00+00:00,9.68,7.6,2.0
2025-11-30 13:00:00+00:00,9.9,7.840000000000001,2.0
2025-11-30 14:00:00+00:00,10.02,7.779999999999999,1.0
2025-11-30 15:00:00+00:00,9.74,7.359999999999999,1.0
2025-11-30 16:00:00+00:00,9.0,6.7,2.0
2025-11-30 17:00:00+00:00,8.18,6.040000000000001,2.0
2025-11-30 18:00:00+00:00,7.5,5.58,1.0
2025-11-30 19:00:00+00:00,6.8,5.0,0.0
2025-11-30 20:00:00+00:00,6.5,4.720000000000001,2.0
2025-11-30 21:00:00+00:00,6.28,4.5600000000000005,2.0
2025-11-30 22:00:00+00:00,6.0200000000000005,4.16,2.0
2025-11-30 23:00:00+00:00,5.84,4.0200000000000005,2.0
2025-12-01 00:00:00+00:00,5.380000000000001,3.1399999999999997,45.0
2025-12-01 01:00:00+00:00,5.0,2.68,1.0
2025-12-01 02:00:00+00:00,4.62,2.2600000000000002,45.0
2025-12-01 03:00:00+00:00,4.08,1.56,45.0
2025-12-01 04:00:00+00:00,3.62,0.9399999999999998,45.0
2025-12-01 05:00:00+00:00,3.12,0.21999999999999992,45.0
2025-12-01 06:00:00+00:00,4.26,1.4600000000000002,45.0
2025-12-01 07:00:00+00:00,4.14,1.0999999999999999,3.0
2025-12-01 08:00:00+00:00,4.38,1.2,3.0
2025-12-01 09:00:00+00:00,5.3,2.1799999999999997,3.0
2025-12-01 10:00:00+00:00,6.58,3.7399999999999998,3.0
2025-12-01 11:00:00+00:00,7.5200000000000005,4.3,3.0
2025-12-01 12:00:00+00:00,8.14,4.74,3.0
2025-12-01 13:00:00+00:00,8.92,5.54,3.0
2025-12-01 14:00:00+00:00,9.24,5.94,3.0
2025-12-01 15:00:00+00:00,9.22,6.04,3.0
2025-12-01 16:00:00+00:00,8.74,5.66,3.0
2025-12-01 17:00:00+00:00,8.26,5.0200000000000005,3.0
2025-12-01 18:00:00+00:00,8.12,4.62,3.0
2025-12-01 19:00:00+00:00,7.9799999999999995,4.26,3.0
2025-12-01 20:00:00+00:00,8.0,4.18,3.0
2025-12-01 21:00:00+00:00,8.24,4.34,3.0
2025-12-01 22:00:00+00:00,8.440000000000001,4.46,3.0
2025-12-01 23:00:00+00:00,8.620000000000001,4.64,3.0
2025-12-02 00:00:00+00:00,9.14,5.7,3.0
2025-12-02 01:00:00+00:00,9.6,6.36,3.0
2025-12-02 02:00:00+00:00,9.8,6.720000000000001,3.0
2025-12-02 03:00:00+00:00,9.879999999999999,6.840000000000001,61.0
2025-12-02 04:00:00+00:00,9.72,6.5200000000000005,61.0
2025-12-02 05:00:00+00:00,9.42,6.36,61.0
2025-12-02 06:00:00+00:00,9.1,6.4799999999999995,61.0
2025-12-02 07:00:00+00:00,9.04,6.38,61.0
2025-12-02 08:00:00+00:00,8.98,6.459999999999999,61.0
2025-12-02 09:00:00+00:00,9.22,6.8,61.0
2025-12-02 10:00:00+00:00,9.42,7.039999999999999,61.0
2025-12-02 11:00:00+00:00,9.78,7.220000000000001,61.0
2025-12-02 12:00:00+00:00,9.66,7.2,61.0
2025-12-02 13:00:00+00:00,9.74,7.32,61.0
2025-12-02 14:00:00+00:00,9.959999999999999,7.6,3.0
2025-12-02 15:00:00+00:00,9.959999999999999,7.74,61.0
2025-12-02 16:00:00+00:00,9.82,7.619999999999999,2.0
2025-12-02 17:00:00+00:00,9.16,6.94,1.0
2025-12-02 18:00:00+00:00,8.72,6.5200000000000005,80.0
2025-12-02 19:00:00+00:00,8.540000000000001,6.34,1.0
2025-12-02 20:00:00+00:00,8.22,6.14,3.0
2025-12-02 21:00:00+00:00,7.82,5.720000000000001,2.0
2025-12-02 22:00:00+00:00,7.6800000000000015,5.74,2.0
2025-12-02 23:00:00+00:00,7.4,5.46,1.0
2025-12-03 00:00:00+00:00,7.56,5.28,2.0
2025-12-03 01:00:00+00:00,7.7,5.14,3.0
2025-12-03 02:00:00+00:00,7.62,4.9,3.0
2025-12-03 03:00:00+00:00,7.68,5.04,2.0
2025-12-03 04:00:00+00:00,7.720000000000001,5.2,3.0
2025-12-03 05:00:00+00:00,7.82,5.4,2.0
2025-12-03 06:00:00+00:00,7.640000000000001,5.02,1.0
2025-12-03 07:00:00+00:00,7.58,5.08,2.0
2025-12-03 08:00:00+00:00,7.62,5.26,3.0
2025-12-03 09:00:00+00:00,8.34,5.9399999999999995,1.0
2025-12-03 10:00:00+00:00,9.4,6.960000000000001,1.0
2025-12-03 11:00:00+00:00,10.059999999999999,7.340000000000001,2.0
2025-12-03 12:00:00+00:00,10.66,7.12,2.0
2025-12-03 13:00:00+00:00,10.62,6.7,3.0
2025-12-03 14:00:00+00:00,10.64,6.82,80.0
2025-12-03 15:00:00+00:00,10.42,6.9399999999999995,1.0
2025-12-03 16:00:00+00:00,9.82,6.74,1.0
2025-12-03 17:00:00+00:00,8.940000000000001,6.12,2.0
2025-12-03 18:00:00+00:00,8.059999999999999,5.5,3.0
2025-12-03 19:00:00+00:00,7.739999999999999,5.18,3.0
2025-12-03 20:00:00+00:00,7.7,5.140000000000001,3.0
2025-12-03 21:00:00+00:00,7.94,5.34,3.0
2025-12-03 22:00:00+00:00,8.24,5.62,3.0
2025-12-03 23:00:00+00:00,8.5,5.96,3.0
2025-12-04 00:00:00+00:00,8.879999999999999,6.38,3.0
2025-12-04 01:00:00+00:00,8.76,6.0600000000000005,3.0
2025-12-04 02:00:00+00:00,8.879999999999999,5.880000000000001,3.0
2025-12-04 03:00:00+00:00,8.84,5.5200000000000005,3.0
2025-12-04 04:00:00+00:00,8.84,5.08,61.0
2025-12-04 05:00:00+00:00,9.0,4.82,3.0
2025-12-04 06:00:00+00:00,9.24,5.3,61.0
2025-12-04 07:00:00+00:00,9.34,5.16,61.0
2025-12-04 08:00:00+00:00,9.66,5.54,61.0
2025-12-04 09:00:00+00:00,9.9,6.0200000000000005,61.0
2025-12-04 10:00:00+00:00,9.959999999999999,6.02,61.0
2025-12-04 11:00:00+00:00,9.98,5.9799999999999995,61.0
2025-12-04 12:00:00+00:00,10.040000000000001,6.08,95.0
2025-12-04 13:00:00+00:00,10.18,6.22,3.0
2025-12-04 14:00:00+00:00,10.14,6.1,3.0
2025-12-04 15:00:00+00:00,9.66,5.9,3.0
2025-12-04 16:00:00+00:00,9.32,5.64,80.0
2025-12-04 17:00:00+00:00,8.86,5.46,3.0
2025-12-04 18:00:00+00:00,8.52,5.0600000000000005,2.0
2025-12-04 19:00:00+00:00,8.540000000000001,5.220000000000001,80.0
2025-12-04 20:00:00+00:00,8.4,5.0600000000000005,80.0
2025-12-04 21:00:00+00:00,8.2,5.0,3.0
2025-12-04 22:00:00+00:00,8.16,5.04,80.0
2025-12-04 23:00:00+00:00,8.02,4.86,3.0
2025-12-05 00:00:00+00:00,8.379999999999999,5.140000000000001,80.0
2025-12-05 01:00:00+00:00,8.32,4.9399999999999995,3.0
2025-12-05 02:00:00+00:00,8.120000000000001,5.18,3.0
2025-12-05 03:00:00+00:00,7.92,5.3,3.0
2025-12-05 04:00:00+00:00,7.779999999999999,5.4,3.0
2025-12-05 05:00:00+00:00,7.640000000000001,5.3,3.0
2025-12-05 06:00:00+00:00,7.4799999999999995,5.2,3.0
2025-12-05 07:00:00+00:00,7.220000000000001,4.96,3.0
2025-12-05 08:00:00+00:00,7.220000000000001,4.9,3.0
2025-12-05 09:00:00+00:00,7.959999999999999,5.44,3.0
2025-12-05 10:00:00+00:00,8.92,6.26,2.0
2025-12-05 11:00:00+00:00,9.8,7.1,2.0
2025-12-05 12:00:00+00:00,10.459999999999999,7.88,3.0
2025-12-05 13:00:00+00:00,10.82,8.22,3.0
2025-12-05 14:00:00+00:00,10.940000000000001,8.2,3.0
2025-12-05 15:00:00+00:00,10.9,8.059999999999999,3.0
2025-12-05 16:00:00+00:00,10.74,7.7,61.0
2025-12-05 17:00:00+00:00,10.48,7.4,61.0
2025-12-05 18:00:00+00:00,10.4,7.140000000000001,61.0
2025-12-05 19:00:00+00:00,10.959999999999999,7.8,61.0
2025-12-05 20:00:00+00:00,11.42,8.5,61.0
2025-12-05 21:00:00+00:00,12.08,9.22,3.0
2025-12-05 22:00:00+00:00,12.26,9.42,3.0
2025-12-05 23:00:00+00:00,12.26,9.459999999999999,3.0
2025-12-06 00:00:00+00:00,12.2,9.22,3.0
2025-12-06 01:00:00+00:00,12.379999999999999,9.64,3.0
2025-12-06 02:00:00+00:00,12.5,9.98,3.0
2025-12-06 03:00:00+00:00,12.58,10.34,3.0
2025-12-06 04:00:00+00:00,12.6,10.66,3.0
2025-12-06 05:00:00+00:00,12.8,11.0,3.0
2025-12-06 06:00:00+00:00,12.36,10.24,3.0
2025-12-06 07:00:00+00:00,12.34,10.32,3.0
2025-12-06 08:00:00+00:00,12.42,10.48,3.0
2025-12-06 09:00:00+00:00,12.86,10.860000000000001,3.0
2025-12-06 10:00:00+00:00,13.86,12.02,3.0
2025-12-06 11:00:00+00:00,14.280000000000001,12.0,3.0
2025-12-06 12:00:00+00:00,14.4,12.36,3.0
2025-12-06 13:00:00+00:00,14.48,12.559999999999999,2.0
2025-12-06 14:00:00+00:00,14.219999999999999,12.42,3.0
2025-12-06 15:00:00+00:00,14.12,12.819999999999999,3.0
2025-12-06 16:00:00+00:00,13.74,12.559999999999999,3.0
2025-12-06 17:00:00+00:00,13.040000000000001,11.940000000000001,3.0
2025-12-06 18:00:00+00:00,12.559999999999999,11.32,2.0
2025-12-06 19:00:00+00:00,12.219999999999999,10.9,3.0
2025-12-06 20:00:00+00:00,12.040000000000001,10.76,3.0
2025-12-06 21:00:00+00:00,12.0,10.56,3.0
2025-12-06 22:00:00+00:00,11.9,10.540000000000001,3.0
2025-12-06 23:00:00+00:00,11.940000000000001,10.5,3.0
2025-12-07 00:00:00+00:00,12.84,11.4,3.0
2025-12-07 01:00:00+00:00,12.959999999999999,11.58,3.0
2025-12-07 02:00:00+00:00,13.1,11.58,3.0
2025-12-07 03:00:00+00:00,13.48,11.92,3.0
2025-12-07 04:00:00+00:00,13.62,12.16,3.0
2025-12-07 05:00:00+00:00,13.580000000000002,11.86,3.0
2025-12-07 06:00:00+00:00,13.679999999999998,11.82,3.0
2025-12-07 07:00:00+00:00,13.7,11.88,2.0
2025-12-07 08:00:00+00:00,13.76,12.120000000000001,3.0
2025-12-07 09:00:00+00:00,14.419999999999998,12.9,3.0
2025-12-07 10:00:00+00:00,15.4,14.219999999999999,2.0
2025-12-07 11:00:00+00:00,16.3,15.279999999999998,3.0
2025-12-07 12:00:00+00:00,17.02,16.02,3.0
2025-12-07 13:00:00+00:00,17.36,16.22,3.0
2025-12-07 14:00:00+00:00,17.34,16.119999999999997,3.0
2025-12-07 15:00:00+00:00,16.98,15.9,1.0
2025-12-07 16:00:00+00:00,16.119999999999997,15.1,1.0
2025-12-07 17:00:00+00:00,15.080000000000002,13.88,1.0
2025-12-07 18:00:00+00:00,14.26,13.16,0.0
2025-12-07 19:00:00+00:00,13.780000000000001,12.540000000000001,2.0
2025-12-07 20:00:00+00:00,13.419999999999998,11.98,1.0
2025-12-07 21:00:00+00:00,13.179999999999998,11.6,0.0
2025-12-07 22:00:00+00:00,12.86,11.059999999999999,0.0
2025-12-07 23:00:00+00:00,12.66,10.78,0.0
2025-12-08 00:00:00+00:00,12.32,10.48,0.0
2025-12-08 01:00:00+00:00,12.1,10.239999999999998,0.0
2025-12-08 02:00:00+00:00,11.92,10.120000000000001,0.0
2025-12-08 03:00:00+00:00,11.760000000000002,10.120000000000001,0.0
2025-12-08 04:00:00+00:00,11.36,9.86,3.0
2025-12-08 05:00:00+00:00,10.96,9.540000000000001,3.0
2025-12-08 06:00:00+00:00,10.879999999999999,9.2,3.0
2025-12-08 07:00:00+00:00,10.6,8.84,3.0
2025-12-08 08:00:00+00:00,10.6,8.78,3.0
2025-12-08 09:00:00+00:00,11.72,10.16,3.0
2025-12-08 10:00:00+00:00,13.48,12.2,3.0
2025-12-08 11:00:00+00:00,15.080000000000002,13.8,3.0
2025-12-08 12:00:00+00:00,15.7,14.559999999999999,0.0
2025-12-08 13:00:00+00:00,16.259999999999998,15.3,1.0
2025-12-08 14:00:00+00:00,16.22,15.24,3.0
2025-12-08 15:00:00+00:00,15.48,14.580000000000002,0.0
2025-12-08 16:00:00+00:00,14.38,13.74,0.0
2025-12-08 17:00:00+00:00,13.059999999999999,11.940000000000001,1.0
2025-12-08 18:00:00+00:00,12.3,11.16,1.0
2025-12-08 19:00:00+00:00,11.4,10.059999999999999,1.0
2025-12-08 20:00:00+00:00,10.8,9.3,0.0
2025-12-08 21:00:00+00:00,10.28,8.42,0.0
2025-12-08 22:00:00+00:00,9.879999999999999,7.94,0.0
2025-12-08 23:00:00+00:00,9.719999999999999,7.56,0.0
2025-12-09 00:00:00+00:00,9.72,7.38,0.0
2025-12-09 01:00:00+00:00,9.86,7.32,0.0
2025-12-09 02:00:00+00:00,10.02,7.359999999999999,0.0
2025-12-09 03:00:00+00:00,10.14,7.42,0.0
2025-12-09 04:00:00+00:00,10.22,7.4,1.0
2025-12-09 05:00:00+00:00,10.22,7.4799999999999995,1.0
2025-12-09 06:00:00+00:00,10.440000000000001,7.56,2.0
2025-12-09 07:00:00+00:00,10.5,7.5200000000000005,2.0
2025-12-09 08:00:00+00:00,10.72,7.760000000000001,0.0
2025-12-09 09:00:00+00:00,11.76,8.84,0.0
2025-12-09 10:00:00+00:00,13.419999999999998,10.620000000000001,0.0
2025-12-09 11:00:00+00:00,15.040000000000001,12.36,0.0
2025-12-09 12:00:00+00:00,16.2,13.12,0.0
2025-12-09 13:00:00+00:00,16.78,13.819999999999999,0.0
2025-12-09 14:00:00+00:00,16.919999999999998,14.439999999999998,0.0
2025-12-09 15:00:00+00:00,16.48,14.4,1.0
2025-12-09 16:00:00+00:00,15.419999999999998,13.680000000000001,1.0
2025-12-09 17:00:00+00:00,14.4,12.620000000000001,1.0
2025-12-09 18:00:00+00:00,13.879999999999999,12.02,1.0
2025-12-09 19:00:00+00:00,13.26,11.459999999999999,1.0
2025-12-09 20:00:00+00:00,12.819999999999999,10.940000000000001,3.0
2025-12-09 21:00:00+00:00,12.5,10.540000000000001,2.0
2025-12-09 22:00:00+00:00,12.26,10.4,3.0
2025-12-09 23:00:00+00:00,12.040000000000001,10.379999999999999,3.0
2025-12-10 00:00:00+00:00,12.24,10.540000000000001,3.0
2025-12-10 01:00:00+00:00,12.040000000000001,10.42,3.0
2025-12-10 02:00:00+00:00,11.959999999999999,10.379999999999999,3.0
2025-12-10 03:00:00+00:00,11.84,10.26,3.0
2025-12-10 04:00:00+00:00,11.639999999999999,10.040000000000001,3.0
2025-12-10 05:00:00+00:00,11.36,9.92,61.0
2025-12-10 06:00:00+00:00,11.18,10.059999999999999,61.0
2025-12-10 07:00:00+00:00,11.14,10.0,61.0
2025-12-10 08:00:00+00:00,11.16,10.22,61.0
2025-12-10 09:00:00+00:00,11.42,10.559999999999999,61.0
2025-12-10 10:00:00+00:00,11.84,11.22,61.0
2025-12-10 11:00:00+00:00,12.18,11.6,61.0
2025-12-10 12:00:00+00:00,12.52,12.059999999999999,61.0
2025-12-10 13:00:00+00:00,12.52,12.1,61.0
2025-12-10 14:00:00+00:00,12.42,12.26,61.0
2025-12-10 15:00:00+00:00,12.36,12.32,61.0
2025-12-10 16:00:00+00:00,12.1,12.120000000000001,61.0
2025-12-10 17:00:00+00:00,11.82,11.8,45.0
2025-12-10 18:00:00+00:00,11.459999999999999,11.34,45.0
2025-12-10 19:00:00+00:00,11.32,11.120000000000001,45.0
2025-12-10 20:00:00+00:00,11.18,10.959999999999999,61.0
2025-12-10 21:00:00+00:00,10.98,10.76,45.0
2025-12-10 22:00:00+00:00,10.92,10.66,45.0
2025-12-10 23:00:00+00:00,10.76,10.4,45.0
2025-12-11 00:00:00+00:00,10.42,9.84,45.0
2025-12-11 01:00:00+00:00,10.24,9.52,45.0
2025-12-11 02:00:00+00:00,10.16,9.379999999999999,3.0
2025-12-11 03:00:00+00:00,10.0,9.219999999999999,45.0
2025-12-11 04:00:00+00:00,9.78,8.84,45.0
2025-12-11 05:00:00+00:00,9.66,8.66,3.0
2025-12-11 06:00:00+00:00,9.48,8.22,2.0
2025-12-11 07:00:00+00:00,9.3,7.9,3.0
2025-12-11 08:00:00+00:00,9.379999999999999,7.74,3.0
2025-12-11 09:00:00+00:00,10.1,8.52,3.0
2025-12-11 10:00:00+00:00,11.32,10.0,3.0
2025-12-11 11:00:00+00:00,12.34,11.059999999999999,3.0
2025-12-11 12:00:00+00:00,12.74,11.6,3.0
2025-12-11 13:00:00+00:00,13.440000000000001,12.26,3.0
2025-12-11 14:00:00+00:00,14.0,12.7,1.0
2025-12-11 15:00:00+00:00,13.959999999999999,12.6,1.0
2025-12-11 16:00:00+00:00,13.3,12.1,3.0
2025-12-11 17:00:00+00:00,12.440000000000001,11.18,3.0
2025-12-11 18:00:00+00:00,11.879999999999999,10.5,3.0
2025-12-11 19:00:00+00:00,11.459999999999999,9.819999999999999,2.0
2025-12-11 20:00:00+00:00,11.26,9.440000000000001,3.0
2025-12-11 21:00:00+00:00,11.16,9.3,3.0
2025-12-11 22:00:00+00:00,11.040000000000001,9.18,3.0
2025-12-11 23:00:00+00:00,11.040000000000001,9.22,3.0
2025-12-12 00:00:00+00:00,10.86,8.620000000000001,3.0
2025-12-12 01:00:00+00:00,10.82,8.52,3.0
2025-12-12 02:00:00+00:00,10.68,8.46,3.0
2025-12-12 03:00:00+00:00,10.48,8.28,3.0
2025-12-12 04:00:00+00:00,10.32,8.1,3.0
2025-12-12 05:00:00+00:00,10.22,7.94,3.0
2025-12-12 06:00:00+00:00,9.879999999999999,7.720000000000001,3.0
2025-12-12 07:00:00+00:00,9.620000000000001,7.539999999999999,3.0
2025-12-12 08:00:00+00:00,9.6,7.5200000000000005,3.0
2025-12-12 09:00:00+00:00,10.32,8.34,3.0
2025-12-12 10:00:00+00:00,11.52,9.78,3.0
2025-12-12 11:00:00+00:00,12.680000000000001,10.92,3.0
2025-12-12 12:00:00+00:00,13.5,12.059999999999999,3.0
2025-12-12 13:00:00+00:00,13.959999999999999,12.76,3.0
2025-12-12 14:00:00+00:00,14.14,13.040000000000001,3.0
2025-12-12 15:00:00+00:00,13.940000000000001,13.02,3.0
2025-12-12 16:00:00+00:00,12.959999999999999,12.22,3.0
2025-12-12 17:00:00+00:00,11.919999999999998,10.98,3.0
2025-12-12 18:00:00+00:00,10.8,9.8,3.0
2025-12-12 19:00:00+00:00,10.1,9.0,3.0
2025-12-12 20:00:00+00:00,9.62,8.440000000000001,3.0
2025-12-12 21:00:00+00:00,9.22,7.92,3.0
2025-12-12 22:00:00+00:00,8.92,7.6,3.0
2025-12-12 23:00:00+00:00,8.64,7.3,3.0
2025-12-13 00:00:00+00:00,8.52,7.06,1.0
2025-12-13 01:00:00+00:00,8.24,6.68,3.0
2025-12-13 02:00:00+00:00,8.16,6.74,3.0
2025-12-13 03:00:00+00:00,8.02,6.5,1.0
2025-12-13 04:00:00+00:00,7.9,6.36,2.0
2025-12-13 05:00:00+00:00,7.859999999999999,6.279999999999999,2.0
2025-12-13 06:00:00+00:00,7.4,5.74,0.0
2025-12-13 07:00:00+00:00,7.24,5.6,0.0
2025-12-13 08:00:00+00:00,7.18,5.46,0.0
2025-12-13 09:00:00+00:00,8.1,6.58,1.0
2025-12-13 10:00:00+00:00,9.8,8.76,2.0
2025-12-13 11:00:00+00:00,11.22,10.16,1.0
2025-12-13 12:00:00+00:00,12.16,11.28,2.0
2025-12-13 13:00:00+00:00,12.78,12.040000000000001,2.0
2025-12-13 14:00:00+00:00,13.0,12.3,2.0
2025-12-13 15:00:00+00:00,12.86,12.16,1.0
2025-12-13 16:00:00+00:00,11.92,11.459999999999999,0.0
2025-12-13 17:00:00+00:00,10.92,10.28,0.0
2025-12-13 18:00:00+00:00,9.959999999999999,9.02,0.0
2025-12-13 19:00:00+00:00,9.18,8.14,1.0
2025-12-13 20:00:00+00:00,8.8,7.68,2.0
2025-12-13 21:00:00+00:00,8.5,7.359999999999999,1.0
2025-12-13 22:00:00+00:00,8.34,7.159999999999999,45.0
2025-12-13 23:00:00+00:00,8.120000000000001,6.840000000000001,45.0
2025-12-14 00:00:00+00:00,7.4,6.0,45.0
2025-12-14 01:00:00+00:00,7.18,5.7,45.0
2025-12-14 02:00:00+00:00,6.94,5.36,45.0
2025-12-14 03:00:00+00:00,6.88,5.26,45.0
2025-12-14 04:00:00+00:00,6.9,5.2,45.0
2025-12-14 05:00:00+00:00,6.8,5.0600000000000005,3.0
2025-12-14 06:00:00+00:00,5.58,3.34,45.0
2025-12-14 07:00:00+00:00,5.58,3.28,45.0
2025-12-14 08:00:00+00:00,5.5200000000000005,3.18,45.0
2025-12-14 09:00:00+00:00,6.0200000000000005,3.62,45.0
2025-12-14 10:00:00+00:00,7.220000000000001,5.08,0.0
2025-12-14 11:00:00+00:00,8.48,6.44,0.0
2025-12-14 12:00:00+00:00,9.72,7.959999999999999,0.0
2025-12-14 13:00:00+00:00,10.559999999999999,8.92,0.0
2025-12-14 14:00:00+00:00,11.14,9.559999999999999,0.0
2025-12-14 15:00:00+00:00,11.14,9.559999999999999,0.0
2025-12-14 16:00:00+00:00,10.28,8.559999999999999,0.0
2025-12-14 17:00:00+00:00,9.24,7.4,0.0
2025-12-14 18:00:00+00:00,9.0,6.960000000000001,0.0
2025-12-14 19:00:00+00:00,8.46,6.14,0.0
2025-12-14 20:00:00+00:00,7.94,5.54,0.0
2025-12-14 21:00:00+00:00,7.74,5.279999999999999,0.0
2025-12-14 22:00:00+00:00,7.74,5.18,0.0
2025-12-14 23:00:00+00:00,7.76,5.22,0.0
2025-12-15 00:00:00+00:00,7.540000000000001,4.72,0.0
2025-12-15 01:00:00+00:00,7.58,4.74,0.0
2025-12-15 02:00:00+00:00,7.6,4.74,0.0
2025-12-15 03:00:00+00:00,7.720000000000001,4.859999999999999,1.0
2025-12-15 04:00:00+00:00,7.82,5.04,1.0
2025-12-15 05:00:00+00:00,7.9,5.140000000000001,1.0
2025-12-15 06:00:00+00:00,8.440000000000001,5.5,1.0
2025-12-15 07:00:00+00:00,8.6,5.6,1.0
2025-12-15 08:00:00+00:00,8.86,5.92,2.0
2025-12-15 09:00:00+00:00,9.8,7.0200000000000005,2.0
2025-12-15 10:00:00+00:00,11.38,8.84,1.0
2025-12-15 11:00:00+00:00,12.86,10.280000000000001,2.0
2025-12-15 12:00:00+00:00,13.680000000000001,11.34,3.0
2025-12-15 13:00:00+00:00,14.26,11.860000000000001,3.0
2025-12-15 14:00:00+00:00,14.48,12.120000000000001,3.0
2025-12-15 15:00:00+00:00,14.26,12.08,3.0
2025-12-15 16:00:00+00:00,13.579999999999998,11.58,2.0
2025-12-15 17:00:00+00:00,12.74,10.940000000000001,2.0
2025-12-15 18:00:00+00:00,12.22,10.1,3.0
2025-12-15 19:00:00+00:00,11.74,9.52,2.0
2025-12-15 20:00:00+00:00,11.440000000000001,9.36,2.0
2025-12-15 21:00:00+00:00,11.08,9.120000000000001,2.0
2025-12-15 22:00:00+00:00,10.72,8.92,2.0
2025-12-15 23:00:00+00:00,10.54,8.66,2.0
2025-12-16 00:00:00+00:00,10.32,8.34,2.0
2025-12-16 01:00:00+00:00,10.18,8.22,2.0
2025-12-16 02:00:00+00:00,9.98,8.04,3.0
2025-12-16 03:00:00+00:00,9.76,7.92,3.0
2025-12-16 04:00:00+00:00,9.52,7.779999999999999,3.0
2025-12-16 05:00:00+00:00,9.28,7.6,3.0
2025-12-16 06:00:00+00:00,9.14,7.42,3.0
2025-12-16 07:00:00+00:00,8.86,7.12,3.0
2025-12-16 08:00:00+00:00,8.72,7.1,3.0
2025-12-16 09:00:00+00:00,9.559999999999999,8.120000000000001,3.0
2025-12-16 10:00:00+00:00,10.959999999999999,9.88,3.0
2025-12-16 11:00:00+00:00,12.440000000000001,11.42,3.0
2025-12-16 12:00:00+00:00,13.16,12.14,3.0
2025-12-16 13:00:00+00:00,13.440000000000001,12.2,3.0
2025-12-16 14:00:00+00:00,13.4,12.14,2.0
2025-12-16 15:00:00+00:00,13.040000000000001,11.9,2.0
2025-12-16 16:00:00+00:00,12.32,11.2,2.0
2025-12-16 17:00:00+00:00,11.64,10.4,2.0
2025-12-16 18:00:00+00:00,11.5,10.74,2.0
2025-12-16 19:00:00+00:00,10.959999999999999,10.26,1.0
2025-12-16 20:00:00+00:00,10.559999999999999,9.440000000000001,45.0
2025-12-16 21:00:00+00:00,10.2,8.940000000000001,45.0
2025-12-16 22:00:00+00:00,10.02,8.620000000000001,3.0
2025-12-16 23:00:00+00:00,9.86,8.2,3.0
2025-12-17 00:00:00+00:00,9.4,7.92,2.0
2025-12-17 01:00:00+00:00,9.12,7.58,2.0
2025-12-17 02:00:00+00:00,8.74,7.340000000000001,45.0
2025-12-17 03:00:00+00:00,8.74,7.2,45.0
2025-12-17 04:00:00+00:00,8.84,7.340000000000001,45.0
2025-12-17 05:00:00+00:00,9.0,7.58,45.0
2025-12-17 06:00:00+00:00,8.78,7.459999999999999,3.0
2025-12-17 07:00:00+00:00,8.84,7.459999999999999,45.0
2025-12-17 08:00:00+00:00,9.120000000000001,7.8,2.0
2025-12-17 09:00:00+00:00,9.7,8.540000000000001,3.0
2025-12-17 10:00:00+00:00,10.5,9.620000000000001,3.0
2025-12-17 11:00:00+00:00,11.1,10.0,2.0
2025-12-17 12:00:00+00:00,11.84,10.42,3.0
2025-12-17 13:00:00+00:00,12.02,10.540000000000001,3.0
2025-12-17 14:00:00+00:00,12.120000000000001,10.6,3.0
2025-12-17 15:00:00+00:00,12.02,10.68,3.0
2025-12-17 16:00:00+00:00,11.64,10.4,3.0
2025-12-17 17:00:00+00:00,10.84,9.5,3.0
2025-12-17 18:00:00+00:00,9.879999999999999,8.379999999999999,1.0
2025-12-17 19:00:00+00:00,9.559999999999999,7.840000000000001,2.0
2025-12-17 20:00:00+00:00,9.32,7.359999999999999,3.0
2025-12-17 21:00:00+00:00,9.18,7.08,2.0
2025-12-17 22:00:00+00:00,9.180000000000001,6.92,3.0
2025-12-17 23:00:00+00:00,9.28,7.0,3.0
2025-12-18 00:00:00+00:00,9.76,7.540000000000001,3.0
2025-12-18 01:00:00+00:00,9.84,7.58,3.0
2025-12-18 02:00:00+00:00,9.74,7.2,3.0
2025-12-18 03:00:00+00:00,9.72,7.12,2.0
2025-12-18 04:00:00+00:00,9.76,7.0,1.0
2025-12-18 05:00:00+00:00,9.7,6.92,1.0
2025-12-18 06:00:00+00:00,9.84,6.7,1.0
2025-12-18 07:00:00+00:00,9.819999999999999,6.4799999999999995,0.0
2025-12-18 08:00:00+00:00,9.82,6.4,1.0
2025-12-18 09:00:00+00:00,10.76,7.24,1.0
2025-12-18 10:00:00+00:00,12.34,8.7,1.0
2025-12-18 11:00:00+00:00,13.959999999999999,10.02,1.0
2025-12-18 12:00:00+00:00,14.940000000000001,11.059999999999999,3.0
2025-12-18 13:00:00+00:00,15.6,11.459999999999999,2.0
2025-12-18 14:00:00+00:00,15.819999999999999,11.819999999999999,2.0
2025-12-18 15:00:00+00:00,15.780000000000001,12.02,1.0
2025-12-18 16:00:00+00:00,15.040000000000001,11.58,3.0
2025-12-18 17:00:00+00:00,13.9,10.540000000000001,1.0
2025-12-18 18:00:00+00:00,13.280000000000001,10.2,3.0
2025-12-18 19:00:00+00:00,12.620000000000001,9.66,2.0
2025-12-18 20:00:00+00:00,12.3,9.44,3.0
2025-12-18 21:00:00+00:00,12.080000000000002,9.26,3.0
2025-12-18 22:00:00+00:00,11.92,9.1,3.0
2025-12-18 23:00:00+00:00,11.76,8.96,3.0
2025-12-19 00:00:00+00:00,11.92,9.379999999999999,3.0
2025-12-19 01:00:00+00:00,11.98,9.459999999999999,3.0
2025-12-19 02:00:00+00:00,11.959999999999999,9.58,3.0
2025-12-19 03:00:00+00:00,11.76,9.52,3.0
2025-12-19 04:00:00+00:00,11.620000000000001,9.48,3.0
2025-12-19 05:00:00+00:00,11.540000000000001,9.559999999999999,3.0
2025-12-19 06:00:00+00:00,11.28,9.66,3.0
2025-12-19 07:00:00+00:00,11.040000000000001,9.52,3.0
2025-12-19 08:00:00+00:00,10.92,9.34,3.0
2025-12-19 09:00:00+00:00,11.3,9.620000000000001,61.0
2025-12-19 10:00:00+00:00,11.9,10.36,61.0
2025-12-19 11:00:00+00:00,12.26,10.68,61.0
2025-12-19 12:00:00+00:00,12.440000000000001,11.16,61.0
2025-12-19 13:00:00+00:00,12.52,11.26,61.0
2025-12-19 14:00:00+00:00,12.540000000000001,11.32,61.0
2025-12-19 15:00:00+00:00,12.36,11.22,61.0
2025-12-19 16:00:00+00:00,11.940000000000001,10.959999999999999,61.0
2025-12-19 17:00:00+00:00,11.5,10.379999999999999,61.0
2025-12-19 18:00:00+00:00,10.78,9.34,3.0
2025-12-19 19:00:00+00:00,10.559999999999999,9.14,3.0
2025-12-19 20:00:00+00:00,10.379999999999999,9.040000000000001,3.0
2025-12-19 21:00:00+00:00,10.28,9.02,3.0
2025-12-19 22:00:00+00:00,10.26,9.02,3.0
2025-12-19 23:00:00+00:00,10.1,8.92,3.0
2025-12-20 00:00:00+00:00,9.78,8.64,61.0
2025-12-20 01:00:00+00:00,9.68,8.5,61.0
2025-12-20 02:00:00+00:00,9.58,8.36,61.0
2025-12-20 03:00:00+00:00,9.379999999999999,8.18,3.0
2025-12-20 04:00:00+00:00,9.24,8.059999999999999,3.0
2025-12-20 05:00:00+00:00,9.16,7.92,3.0
2025-12-20 06:00:00+00:00,8.64,6.94,3.0
2025-12-20 07:00:00+00:00,8.58,6.859999999999999,3.0
2025-12-20 08:00:00+00:00,8.620000000000001,6.92,3.0
2025-12-20 09:00:00+00:00,9.08,7.32,3.0
2025-12-20 10:00:00+00:00,9.84,8.120000000000001,3.0
2025-12-20 11:00:00+00:00,10.84,8.959999999999999,3.0
2025-12-20 12:00:00+00:00,11.52,9.72,3.0
2025-12-20 13:00:00+00:00,12.18,10.2,3.0
2025-12-20 14:00:00+00:00,12.5,10.28,3.0
2025-12-20 15:00:00+00:00,12.34,10.28,3.0
2025-12-20 16:00:00+00:00,12.02,10.32,3.0
2025-12-20 17:00:00+00:00,11.459999999999999,9.76,3.0
2025-12-20 18:00:00+00:00,10.5,8.64,3.0
2025-12-20 19:00:00+00:00,10.18,8.28,3.0
2025-12-20 20:00:00+00:00,9.86,7.760000000000001,3.0
2025-12-20 21:00:00+00:00,9.4,7.1,3.0
2025-12-20 22:00:00+00:00,9.1,6.779999999999999,3.0
2025-12-20 23:00:00+00:00,8.92,6.540000000000001,3.0
2025-12-21 00:00:00+00:00,9.18,6.58,3.0
2025-12-21 01:00:00+00:00,9.14,6.720000000000001,3.0
2025-12-21 02:00:00+00:00,9.14,6.32,3.0
2025-12-21 03:00:00+00:00,9.1,6.279999999999999,3.0
2025-12-21 04:00:00+00:00,9.02,6.220000000000001,3.0
2025-12-21 05:00:00+00:00,8.8,6.12,3.0
2025-12-21 06:00:00+00:00,8.9,6.3,3.0
2025-12-21 07:00:00+00:00,8.88,6.720000000000001,3.0
2025-12-21 08:00:00+00:00,8.9,6.9,3.0
2025-12-21 09:00:00+00:00,9.28,7.5,3.0
2025-12-21 10:00:00+00:00,9.879999999999999,8.3,3.0
2025-12-21 11:00:00+00:00,10.459999999999999,8.879999999999999,3.0
2025-12-21 12:00:00+00:00,10.78,8.48,3.0
2025-12-21 13:00:00+00:00,10.8,8.540000000000001,3.0
2025-12-21 14:00:00+00:00,10.559999999999999,8.22,80.0
2025-12-21 15:00:00+00:00,9.84,7.3,80.0
2025-12-21 16:00:00+00:00,9.16,6.720000000000001,3.0
2025-12-21 17:00:00+00:00,8.72,6.34,61.0
2025-12-21 18:00:00+00:00,8.24,5.66,3.0
2025-12-21 19:00:00+00:00,8.16,5.54,63.0
2025-12-21 20:00:00+00:00,8.08,5.58,63.0
2025-12-21 21:00:00+00:00,7.959999999999999,5.4399999999999995,61.0
2025-12-21 22:00:00+00:00,7.9,5.5,61.0
2025-12-21 23:00:00+00:00,7.9799999999999995,5.42,61.0
2025-12-22 00:00:00+00:00,8.42,5.92,61.0
2025-12-22 01:00:00+00:00,8.379999999999999,5.7,61.0
2025-12-22 02:00:00+00:00,8.2,5.36,61.0
2025-12-22 03:00:00+00:00,8.059999999999999,5.12,61.0
2025-12-22 04:00:00+00:00,7.9,4.9,61.0
2025-12-22 05:00:00+00:00,7.7,4.6,61.0
2025-12-22 06:00:00+00:00,7.44,3.5799999999999996,61.0
2025-12-22 07:00:00+00:00,7.24,3.16,3.0
2025-12-22 08:00:00+00:00,7.220000000000001,3.38,3.0
2025-12-22 09:00:00+00:00,7.62,3.8600000000000003,3.0
2025-12-22 10:00:00+00:00,7.9799999999999995,4.2,2.0
2025-12-22 11:00:00+00:00,8.34,4.680000000000001,3.0
2025-12-22 12:00:00+00:00,8.24,5.319999999999999,3.0
2025-12-22 13:00:00+00:00,8.459999999999999,5.3,80.0
2025-12-22 14:00:00+00:00,8.36,4.86,80.0
2025-12-22 15:00:00+00:00,8.2,4.779999999999999,80.0
2025-12-22 16:00:00+00:00,8.06,5.0200000000000005,3.0
2025-12-22 17:00:00+00:00,7.88,4.9799999999999995,3.0
2025-12-22 18:00:00+00:00,7.76,5.58,3.0
2025-12-22 19:00:00+00:00,7.6,5.4799999999999995,3.0
2025-12-22 20:00:00+00:00,7.56,5.5200000000000005,3.0
2025-12-22 21:00:00+00:00,7.459999999999999,5.4399999999999995,3.0
2025-12-22 22:00:00+00:00,7.38,5.4399999999999995,3.0
2025-12-22 23:00:00+00:00,7.279999999999999,5.26,3.0
2025-12-23 00:00:00+00:00,7.5,5.2,3.0
2025-12-23 01:00:00+00:00,7.44,5.0600000000000005,3.0
2025-12-23 02:00:00+00:00,7.459999999999999,5.14,3.0
2025-12-23 03:00:00+00:00,7.540000000000001,5.2,3.0
2025-12-23 04:00:00+00:00,7.62,5.4,80.0
2025-12-23 05:00:00+00:00,7.74,5.619999999999999,61.0
2025-12-23 06:00:00+00:00,7.139999999999999,5.220000000000001,3.0
2025-12-23 07:00:00+00:00,7.26,5.48,45.0
2025-12-23 08:00:00+00:00,7.140000000000001,5.36,3.0
2025-12-23 09:00:00+00:00,7.6,5.779999999999999,3.0
2025-12-23 10:00:00+00:00,8.559999999999999,6.840000000000001,3.0
2025-12-23 11:00:00+00:00,9.3,7.6,3.0
2025-12-23 12:00:00+00:00,9.22,7.2,2.0
2025-12-23 13:00:00+00:00,9.459999999999999,7.4799999999999995,3.0
2025-12-23 14:00:00+00:00,9.620000000000001,7.56,2.0
2025-12-23 15:00:00+00:00,9.52,7.24,3.0
2025-12-23 16:00:00+00:00,9.26,7.18,3.0
2025-12-23 17:00:00+00:00,8.84,6.8,3.0
2025-12-23 18:00:00+00:00,8.28,5.7,3.0
2025-12-23 19:00:00+00:00,7.94,5.26,3.0
2025-12-23 20:00:00+00:00,7.760000000000001,5.08,3.0
2025-12-23 21:00:00+00:00,7.4799999999999995,4.62,3.0
2025-12-23 22:00:00+00:00,7.159999999999999,4.3,3.0
2025-12-23 23:00:00+00:00,6.94,3.9200000000000004,3.0
2025-12-24 00:00:00+00:00,6.840000000000001,4.04,3.0
2025-12-24 01:00:00+00:00,6.4,3.44,3.0
2025-12-24 02:00:00+00:00,6.08,2.96,3.0
2025-12-24 03:00:00+00:00,5.88,2.62,3.0
2025-12-24 04:00:00+00:00,5.56,2.2,3.0
2025-12-24 05:00:00+00:00,5.3,1.78,3.0
2025-12-24 06:00:00+00:00,5.119999999999999,1.52,3.0
2025-12-24 07:00:00+00:00,5.0200000000000005,1.36,3.0
2025-12-24 08:00:00+00:00,5.0600000000000005,1.3599999999999999,3.0
2025-12-24 09:00:00+00:00,5.4,1.56,3.0
2025-12-24 10:00:00+00:00,5.880000000000001,1.6199999999999999,3.0
2025-12-24 11:00:00+00:00,6.1,1.64,3.0
2025-12-24 12:00:00+00:00,6.540000000000001,2.02,3.0
2025-12-24 13:00:00+00:00,6.639999999999999,1.92,3.0
2025-12-24 14:00:00+00:00,6.38,1.6,3.0
2025-12-24 15:00:00+00:00,6.0200000000000005,1.1800000000000002,3.0
2025-12-24 16:00:00+00:00,5.6,0.78,3.0
2025-12-24 17:00:00+00:00,5.1,0.19999999999999993,3.0
2025-12-24 18:00:00+00:00,4.34,-0.96,3.0
2025-12-24 19:00:00+00:00,3.96,-1.5399999999999998,3.0
2025-12-24 20:00:00+00:00,3.56,-1.8,2.0
2025-12-24 21:00:00+00:00,3.3,-1.94,2.0
2025-12-24 22:00:00+00:00,2.9400000000000004,-2.2399999999999998,2.0
2025-12-24 23:00:00+00:00,2.5599999999999996,-2.56,3.0
2025-12-25 00:00:00+00:00,2.12,-3.2399999999999998,2.0
2025-12-25 01:00:00+00:00,1.58,-3.7,2.0
2025-12-25 02:00:00+00:00,1.16,-3.9200000000000004,3.0
2025-12-25 03:00:00+00:00,0.76,-4.08,2.0
2025-12-25 04:00:00+00:00,0.5199999999999999,-4.1,3.0
2025-12-25 05:00:00+00:00,0.36,-4.0600000000000005,2.0
2025-12-25 06:00:00+00:00,0.26,-3.88,1.0
2025-12-25 07:00:00+00:00,0.18000000000000002,-3.8200000000000003,1.0
2025-12-25 08:00:00+00:00,0.2,-3.56,1.0
2025-12-25 09:00:00+00:00,0.5800000000000001,-2.98,2.0
2025-12-25 10:00:00+00:00,1.2799999999999998,-2.32,2.0
2025-12-25 11:00:00+00:00,1.9599999999999997,-1.64,3.0
2025-12-25 12:00:00+00:00,2.6799999999999997,-0.86,2.0
2025-12-25 13:00:00+00:00,3.22,-0.29999999999999993,2.0
2025-12-25 14:00:00+00:00,3.5799999999999996,-0.06000000000000002,2.0
2025-12-25 15:00:00+00:00,3.7199999999999998,0.18,2.0
2025-12-25 16:00:00+00:00,3.4799999999999995,0.039999999999999945,2.0
2025-12-25 17:00:00+00:00,2.82,-0.72,1.0
2025-12-25 18:00:00+00:00,2.92,-0.22000000000000003,1.0
2025-12-25 19:00:00+00:00,2.68,-0.44000000000000006,3.0
2025-12-25 20:00:00+00:00,2.48,-0.74,3.0
2025-12-25 21:00:00+00:00,2.4,-0.7799999999999999,0.0
2025-12-25 22:00:00+00:00,2.42,-0.74,3.0
2025-12-25 23:00:00+00:00,2.52,-0.5599999999999999,3.0
2025-12-26 00:00:00+00:00,2.38,-0.74,3.0
2025-12-26 01:00:00+00:00,2.3600000000000003,-0.74,3.0
2025-12-26 02:00:00+00:00,2.28,-0.76,2.0
2025-12-26 03:00:00+00:00,2.2,-0.82,1.0
2025-12-26 04:00:00+00:00,2.02,-1.1800000000000002,2.0
2025-12-26 05:00:00+00:00,1.8800000000000001,-1.3199999999999998,3.0
2025-12-26 06:00:00+00:00,2.6799999999999997,-0.5,3.0
2025-12-26 07:00:00+00:00,2.5799999999999996,-0.5599999999999999,2.0
2025-12-26 08:00:00+00:00,2.54,-0.7,3.0
2025-12-26 09:00:00+00:00,2.98,-0.32,3.0
2025-12-26 10:00:00+00:00,3.94,0.68,2.0
2025-12-26 11:00:00+00:00,5.1,1.9200000000000004,3.0
2025-12-26 12:00:00+00:00,6.18,3.18,3.0
2025-12-26 13:00:00+00:00,7.0,4.14,3.0
2025-12-26 14:00:00+00:00,7.44,4.5600000000000005,3.0
2025-12-26 15:00:00+00:00,7.640000000000001,4.7,3.0
2025-12-26 16:00:00+00:00,7.24,4.26,3.0
2025-12-26 17:00:00+00:00,6.68,3.7,3.0
2025-12-26 18:00:00+00:00,6.3,3.34,3.0
2025-12-26 19:00:00+00:00,6.18,3.2,3.0
2025-12-26 20:00:00+00:00,6.159999999999999,3.1599999999999997,3.0
2025-12-26 21:00:00+00:00,6.08,3.1399999999999997,3.0
2025-12-26 22:00:00+00:00,5.9799999999999995,2.92,3.0
2025-12-26 23:00:00+00:00,5.76,2.62,3.0
2025-12-27 00:00:00+00:00,5.66,2.7,3.0
2025-12-27 01:00:00+00:00,5.34,2.2800000000000002,0.0
2025-12-27 02:00:00+00:00,5.140000000000001,2.06,0.0
2025-12-27 03:00:00+00:00,4.92,1.8399999999999999,0.0
2025-12-27 04:00:00+00:00,4.680000000000001,1.52,0.0
2025-12-27 05:00:00+00:00,4.5600000000000005,1.4200000000000002,0.0
2025-12-27 06:00:00+00:00,4.42,1.3400000000000003,0.0
2025-12-27 07:00:00+00:00,4.26,1.16,0.0
2025-12-27 08:00:00+00:00,4.08,0.9199999999999999,2.0
2025-12-27 09:00:00+00:00,4.54,1.4400000000000002,1.0
2025-12-27 10:00:00+00:00,6.040000000000001,2.98,0.0
2025-12-27 11:00:00+00:00,7.74,4.76,0.0
2025-12-27 12:00:00+00:00,9.379999999999999,6.56,0.0
2025-12-27 13:00:00+00:00,10.48,7.720000000000001,0.0
2025-12-27 14:00:00+00:00,11.14,8.36,0.0
2025-12-27 15:00:00+00:00,11.2,8.6,1.0
2025-12-27 16:00:00+00:00,10.36,7.8,2.0
2025-12-27 17:00:00+00:00,9.18,6.62,1.0
2025-12-27 18:00:00+00:00,8.34,5.54,0.0
2025-12-27 19:00:00+00:00,7.659999999999999,4.76,0.0
2025-12-27 20:00:00+00:00,7.18,4.3,0.0
2025-12-27 21:00:00+00:00,6.779999999999999,3.8200000000000003,0.0
2025-12-27 22:00:00+00:00,6.4,3.4,0.0
2025-12-27 23:00:00+00:00,5.9,2.9,0.0
2025-12-28 00:00:00+00:00,5.720000000000001,2.6,0.0
2025-12-28 01:00:00+00:00,5.38,2.2399999999999998,0.0
2025-12-28 02:00:00+00:00,5.08,1.94,0.0
2025-12-28 03:00:00+00:00,4.720000000000001,1.58,0.0
2025-12-28 04:00:00+00:00,4.5,1.3199999999999998,0.0
2025-12-28 05:00:00+00:00,4.3,1.1,0.0
2025-12-28 06:00:00+00:00,4.22,1.0799999999999998,0.0
2025-12-28 07:00:00+00:00,4.04,0.9200000000000002,0.0
2025-12-28 08:00:00+00:00,3.94,0.8800000000000001,0.0
2025-12-28 09:00:00+00:00,4.58,1.6,0.0
2025-12-28 10:00:00+00:00,6.220000000000001,3.5,0.0
2025-12-28 11:00:00+00:00,8.040000000000001,5.46,0.0
2025-12-28 12:00:00+00:00,9.48,6.9,0.0
2025-12-28 13:00:00+00:00,10.5,7.960000000000001,0.0
2025-12-28 14:00:00+00:00,11.0,8.5,0.0
2025-12-28 15:00:00+00:00,10.919999999999998,8.719999999999999,0.0
2025-12-28 16:00:00+00:00,10.040000000000001,8.02,0.0
2025-12-28 17:00:00+00:00,8.68,6.459999999999999,0.0
2025-12-28 18:00:00+00:00,7.340000000000001,4.9399999999999995,0.0
2025-12-28 19:00:00+00:00,6.459999999999999,3.94,0.0
2025-12-28 20:00:00+00:00,5.8,3.3,0.0
2025-12-28 21:00:00+00:00,5.4399999999999995,2.86,0.0
2025-12-28 22:00:00+00:00,5.2,2.62,0.0
2025-12-28 23:00:00+00:00,4.88,2.24,0.0
2025-12-29 00:00:00+00:00,4.32,1.6,0.0
2025-12-29 01:00:00+00:00,3.96,1.1600000000000001,0.0
2025-12-29 02:00:00+00:00,3.8200000000000003,0.96,0.0
2025-12-29 03:00:00+00:00,3.6799999999999997,0.7799999999999999,0.0
2025-12-29 04:00:00+00:00,3.6,0.6800000000000003,0.0
2025-12-29 05:00:00+00:00,3.54,0.6799999999999999,0.0
2025-12-29 06:00:00+00:00,3.22,0.34000000000000014,0.0
2025-12-29 07:00:00+00:00,3.06,0.25999999999999995,1.0
2025-12-29 08:00:00+00:00,3.0,0.16000000000000006,1.0
2025-12-29 09:00:00+00:00,3.66,0.9200000000000002,0.0
2025-12-29 10:00:00+00:00,5.32,2.94,0.0
2025-12-29 11:00:00+00:00,7.38,5.24,0.0
2025-12-29 12:00:00+00:00,8.48,6.459999999999999,2.0
2025-12-29 13:00:00+00:00,9.32,7.42,1.0
2025-12-29 14:00:00+00:00,9.86,7.92,0.0
2025-12-29 15:00:00+00:00,9.86,7.959999999999999,1.0
2025-12-29 16:00:00+00:00,9.040000000000001,7.24,2.0
2025-12-29 17:00:00+00:00,7.8,5.8,2.0
2025-12-29 18:00:00+00:00,6.56,4.4,1.0
2025-12-29 19:00:00+00:00,5.6,3.3,45.0
2025-12-29 20:00:00+00:00,4.9799999999999995,2.62,45.0
2025-12-29 21:00:00+00:00,4.42,1.9599999999999997,45.0
2025-12-29 22:00:00+00:00,4.08,1.52,2.0
2025-12-29 23:00:00+00:00,3.9,1.3199999999999998,3.0
2025-12-30 00:00:00+00:00,3.5,0.9200000000000002,45.0
2025-12-30 01:00:00+00:00,3.2,0.44000000000000006,45.0
2025-12-30 02:00:00+00:00,2.9,0.09999999999999987,45.0
2025-12-30 03:00:00+00:00,2.7399999999999998,-0.28000000000000014,3.0
2025-12-30 04:00:00+00:00,2.7399999999999998,-0.2399999999999996,1.0
2025-12-30 05:00:00+00:00,2.7600000000000002,-0.23999999999999994,2.0
2025-12-30 06:00:00+00:00,3.04,-0.09999999999999973,3.0
2025-12-30 07:00:00+00:00,3.04,-0.18,2.0
2025-12-30 08:00:00+00:00,2.96,-0.36,2.0
2025-12-30 09:00:00+00:00,3.28,-0.05999999999999996,2.0
2025-12-30 10:00:00+00:00,3.96,0.64,2.0
2025-12-30 11:00:00+00:00,4.64,1.02,0.0
2025-12-30 12:00:00+00:00,4.92,0.78,2.0
2025-12-30 13:00:00+00:00,5.4,1.3399999999999999,3.0
2025-12-30 14:00:00+00:00,5.54,1.3599999999999999,2.0
2025-12-30 15:00:00+00:00,5.5200000000000005,1.46,2.0
2025-12-30 16:00:00+00:00,5.2,1.2000000000000002,2.0
2025-12-30 17:00:00+00:00,4.64,0.68,2.0
2025-12-30 18:00:00+00:00,4.04,0.019999999999999928,2.0
2025-12-30 19:00:00+00:00,3.78,-0.3799999999999999,2.0
2025-12-30 20:00:00+00:00,3.46,-0.76,2.0
2025-12-30 21:00:00+00:00,3.06,-1.12,2.0
2025-12-30 22:00:00+00:00,2.7199999999999998,-1.42,2.0
2025-12-30 23:00:00+00:00,2.38,-1.7600000000000002,2.0
2025-12-31 00:00:00+00:00,2.32,-1.78,2.0
2025-12-31 01:00:00+00:00,2.0,-2.0200000000000005,2.0
2025-12-31 02:00:00+00:00,1.6600000000000001,-2.32,1.0
2025-12-31 03:00:00+00:00,1.4200000000000002,-2.56,1.0
2025-12-31 04:00:00+00:00,1.2600000000000002,-2.7,2.0
2025-12-31 05:00:00+00:00,1.14,-2.8,2.0
2025-12-31 06:00:00+00:00,0.9400000000000002,-3.0200000000000005,0.0
2025-12-31 07:00:00+00:00,0.82,-3.12,0.0
2025-12-31 08:00:00+00:00,0.76,-3.1399999999999997,1.0
2025-12-31 09:00:00+00:00,1.1600000000000001,-2.86,0.0
2025-12-31 10:00:00+00:00,1.8800000000000001,-2.3,0.0
2025-12-31 11:00:00+00:00,2.66,-1.64,0.0
2025-12-31 12:00:00+00:00,3.5400000000000005,-0.9199999999999999,0.0
2025-12-31 13:00:00+00:00,4.04,-0.33999999999999997,0.0
2025-12-31 14:00:00+00:00,4.3,-0.020000000000000018,0.0
2025-12-31 15:00:00+00:00,4.279999999999999,0.040000000000000036,0.0
2025-12-31 16:00:00+00:00,3.8,-0.2200000000000001,0.0
2025-12-31 17:00:00+00:00,3.0200000000000005,-0.78,0.0
2025-12-31 18:00:00+00:00,2.5799999999999996,-1.0599999999999998,0.0
2025-12-31 19:00:00+00:00,2.12,-1.46,0.0
2025-12-31 20:00:00+00:00,1.7399999999999998,-1.7400000000000002,0.0
2025-12-31 21:00:00+00:00,1.48,-1.86,0.0
2025-12-31 22:00:00+00:00,1.3,-2.0200000000000005,0.0
2025-12-31 23:00:00+00:00,1.08,-2.2199999999999998,0.0
